Rank,Player,PassingCMP,PassingATT,PCT,PassingYDS,Y/A,PassingTD,INTS,SACKS,RushingATT,RushingYDS,TD_1,FL,G,FPTS,FPTS/G,ROST,Team,Pos,Year,Week,LG,20+,RushingTD,TGT,REC,ReceivingYDS,Y/R,TGT %,ReceivingTD
1,Caleb Williams,21.0,29.0,72.4,269.0,9.3,2.0,0.0,2.0,10,65,2,0,1,37.3,37.3,,,QB,2026,1,,,,,,,,,
2,Josh Allen,20.0,29.0,69.0,334.0,11.5,2.0,0.0,2.0,6,23,2,0,1,35.7,35.7,,,QB,2026,1,,,,,,,,,
3,Bryce Young,23.0,37.0,62.2,361.0,9.8,3.0,1.0,2.0,2,10,1,0,1,32.4,32.4,,,QB,2026,1,,,,,,,,,
4,Jaxson Dart,23.0,29.0,79.3,230.0,7.9,3.0,0.0,2.0,11,54,0,0,1,26.6,26.6,,,QB,2026,1,,,,,,,,,
5,Trevor Lawrence,18.0,23.0,78.3,245.0,10.7,4.0,0.0,1.0,2,3,0,0,1,26.1,26.1,,,QB,2026,1,,,,,,,,,
6,Tyler Shough,35.0,56.0,62.5,410.0,7.3,3.0,2.0,5.0,4,8,0,1,1,25.2,25.2,,,QB,2026,1,,,,,,,,,
7,Lamar Jackson,17.0,25.0,68.0,324.0,13.0,1.0,0.0,2.0,7,40,1,1,1,25.0,25.0,,,QB,2026,1,,,,,,,,,
8,Jalen Hurts,14.0,25.0,56.0,203.0,8.1,3.0,0.0,3.0,7,46,0,0,1,24.7,24.7,,,QB,2026,1,,,,,,,,,
9,Patrick Mahomes II,15.0,27.0,55.6,184.0,6.8,2.0,1.0,2.0,7,23,1,0,1,22.7,22.7,,,QB,2026,1,,,,,,,,,
10,Brock Purdy,25.0,34.0,73.5,205.0,6.0,3.0,1.0,0.0,5,29,0,0,1,22.1,22.1,,,QB,2026,1,,,,,,,,,
11,Jordan Love,21.0,42.0,50.0,387.0,9.2,2.0,1.0,4.0,1,0,0,1,1,20.5,20.5,,,QB,2026,1,,,,,,,,,
12,Carson Wentz,12.0,19.0,63.2,133.0,7.0,3.0,0.0,3.0,5,-1,0,0,1,19.2,19.2,,,QB,2026,1,,,,,,,,,
13,Jayden Daniels,18.0,34.0,52.9,164.0,4.8,2.0,0.0,1.0,5,31,0,0,1,17.7,17.7,,,QB,2026,1,,,,,,,,,
14,Malik Willis,15.0,27.0,55.6,220.0,8.1,0.0,1.0,5.0,6,39,1,0,1,17.7,17.7,,,QB,2026,1,,,,,,,,,
15,Jacoby Brissett,27.0,37.0,73.0,277.0,7.5,1.0,0.0,1.0,6,14,0,0,1,16.5,16.5,,,QB,2026,1,,,,,,,,,
16,C.J. Stroud,26.0,38.0,68.4,274.0,7.2,2.0,0.0,3.0,2,15,0,2,1,16.5,16.5,,,QB,2026,1,,,,,,,,,
17,Jared Goff,26.0,39.0,66.7,206.0,5.3,2.0,0.0,1.0,2,2,0,0,1,16.4,16.4,,,QB,2026,1,,,,,,,,,
18,Kirk Cousins,21.0,30.0,70.0,160.0,5.3,3.0,2.0,0.0,5,-6,0,0,1,15.8,15.8,,,QB,2026,1,,,,,,,,,
19,Dak Prescott,22.0,34.0,64.7,175.0,5.1,2.0,1.0,0.0,2,14,0,0,1,15.4,15.4,,,QB,2026,1,,,,,,,,,
20,Joe Burrow,25.0,35.0,71.4,254.0,7.3,1.0,1.0,1.0,5,20,0,0,1,15.2,15.2,,,QB,2026,1,,,,,,,,,
21,Deshaun Watson,16.0,22.0,72.7,205.0,9.3,1.0,1.0,5.0,6,38,0,0,1,15.0,15.0,,,QB,2026,1,,,,,,,,,
22,Justin Herbert,17.0,27.0,63.0,209.0,7.7,1.0,1.0,3.0,5,29,0,0,1,14.3,14.3,,,QB,2026,1,,,,,,,,,
23,Drew Lock,16.0,22.0,72.7,187.0,8.5,1.0,0.0,1.0,2,13,0,0,1,12.8,12.8,,,QB,2026,1,,,,,,,,,
24,Drake Maye,23.0,33.0,69.7,178.0,5.4,1.0,3.0,3.0,7,47,0,0,1,12.8,12.8,,,QB,2026,1,,,,,,,,,
25,Aaron Rodgers,24.0,40.0,60.0,221.0,5.5,1.0,0.0,2.0,3,-3,0,0,1,12.5,12.5,,,QB,2026,1,,,,,,,,,
26,Cam Ward,19.0,32.0,59.4,140.0,4.4,1.0,0.0,3.0,4,21,0,0,1,11.7,11.7,,,QB,2026,1,,,,,,,,,
27,Baker Mayfield,23.0,28.0,82.1,216.0,7.7,0.0,0.0,4.0,5,30,1,3,1,11.6,11.6,,,QB,2026,1,,,,,,,,,
28,Daniel Jones,19.0,31.0,61.3,166.0,5.4,1.0,1.0,2.0,1,4,0,0,1,10.0,10.0,,,QB,2026,1,,,,,,,,,
29,Geno Smith,19.0,24.0,79.2,215.0,9.0,0.0,0.0,0.0,6,7,0,0,1,9.3,9.3,,,QB,2026,1,,,,,,,,,
30,Cooper Rush,12.0,22.0,54.5,143.0,6.5,1.0,2.0,4.0,0,0,0,0,1,7.7,7.7,,,QB,2026,1,,,,,,,,,
31,Bo Nix,17.0,28.0,60.7,131.0,4.7,1.0,1.0,4.0,3,2,0,1,1,6.4,6.4,,,QB,2026,1,,,,,,,,,
32,Matthew Stafford,15.0,25.0,60.0,155.0,6.2,0.0,1.0,0.0,2,-1,0,0,1,5.1,5.1,,,QB,2026,1,,,,,,,,,
33,Kenny Pickett,0.0,1.0,0.0,0.0,0.0,0.0,0.0,0.0,1,24,0,0,1,2.4,2.4,,,QB,2026,1,,,,,,,,,
34,Stetson Bennett IV,2.0,3.0,66.7,13.0,4.3,0.0,0.0,0.0,1,9,0,0,1,1.4,1.4,,,QB,2026,1,,,,,,,,,
35,Kyler Murray,3.0,5.0,60.0,18.0,3.6,0.0,1.0,0.0,2,9,0,0,1,0.6,0.6,,,QB,2026,1,,,,,,,,,
36,Sam Darnold,1.0,2.0,50.0,13.0,6.5,0.0,0.0,1.0,0,0,0,0,1,0.5,0.5,,,QB,2026,1,,,,,,,,,
37,Joe Flacco,0.0,0.0,0.0,0.0,0.0,0.0,0.0,0.0,0,0,0,0,1,0.0,0.0,,,QB,2026,1,,,,,,,,,
38,Josh Johnson,0.0,0.0,0.0,0.0,0.0,0.0,0.0,0.0,0,0,0,0,0,0.0,0.0,,,QB,2026,1,,,,,,,,,
39,Andy Dalton,0.0,0.0,0.0,0.0,0.0,0.0,0.0,0.0,0,0,0,0,0,0.0,0.0,,,QB,2026,1,,,,,,,,,
40,Tyrod Taylor,0.0,0.0,0.0,0.0,0.0,0.0,0.0,0.0,0,0,0,0,0,0.0,0.0,,,QB,2026,1,,,,,,,,,
41,Ben Chappell,0.0,0.0,0.0,0.0,0.0,0.0,0.0,0.0,0,0,0,0,0,0.0,0.0,,,QB,2026,1,,,,,,,,,
42,Adam Froman,0.0,0.0,0.0,0.0,0.0,0.0,0.0,0.0,0,0,0,0,0,0.0,0.0,,,QB,2026,1,,,,,,,,,
43,Case Keenum,0.0,0.0,0.0,0.0,0.0,0.0,0.0,0.0,0,0,0,0,0,0.0,0.0,,,QB,2026,1,,,,,,,,,
44,Jimmy Garoppolo,0.0,0.0,0.0,0.0,0.0,0.0,0.0,0.0,0,0,0,0,0,0.0,0.0,,,QB,2026,1,,,,,,,,,
45,Brett Smith,0.0,0.0,0.0,0.0,0.0,0.0,0.0,0.0,0,0,0,0,0,0.0,0.0,,,QB,2026,1,,,,,,,,,
46,Marcus Mariota,0.0,0.0,0.0,0.0,0.0,0.0,0.0,0.0,0,0,0,0,0,0.0,0.0,,,QB,2026,1,,,,,,,,,
47,Jameis Winston,0.0,0.0,0.0,0.0,0.0,0.0,0.0,0.0,0,0,0,0,0,0.0,0.0,,,QB,2026,1,,,,,,,,,
48,Jeff Driskel,0.0,0.0,0.0,0.0,0.0,0.0,0.0,0.0,0,0,0,0,0,0.0,0.0,,,QB,2026,1,,,,,,,,,
49,Mitchell Trubisky,0.0,0.0,0.0,0.0,0.0,0.0,0.0,0.0,0,0,0,0,0,0.0,0.0,,,QB,2026,1,,,,,,,,,
50,Joshua Dobbs,0.0,0.0,0.0,0.0,0.0,0.0,0.0,0.0,0,0,0,0,0,0.0,0.0,,,QB,2026,1,,,,,,,,,
51,Mason Rudolph,0.0,0.0,0.0,0.0,0.0,0.0,0.0,0.0,0,0,0,0,0,0.0,0.0,,,QB,2026,1,,,,,,,,,
52,Kyle Allen,0.0,0.0,0.0,0.0,0.0,0.0,0.0,0.0,0,0,0,0,0,0.0,0.0,,,QB,2026,1,,,,,,,,,
53,Easton Stick,0.0,0.0,0.0,0.0,0.0,0.0,0.0,0.0,0,0,0,0,0,0.0,0.0,,,QB,2026,1,,,,,,,,,
54,Gardner Minshew II,0.0,0.0,0.0,0.0,0.0,0.0,0.0,0.0,0,0,0,0,0,0.0,0.0,,,QB,2026,1,,,,,,,,,
55,Jarrett Stidham,0.0,0.0,0.0,0.0,0.0,0.0,0.0,0.0,0,0,0,0,0,0.0,0.0,,,QB,2026,1,,,,,,,,,
56,Tua Tagovailoa,0.0,0.0,0.0,0.0,0.0,0.0,0.0,0.0,0,0,0,0,0,0.0,0.0,,,QB,2026,1,,,,,,,,,
57,Tyler Huntley,0.0,0.0,0.0,0.0,0.0,0.0,0.0,0.0,0,0,0,0,0,0.0,0.0,,,QB,2026,1,,,,,,,,,
58,Shane Buechele,0.0,0.0,0.0,0.0,0.0,0.0,0.0,0.0,0,0,0,0,0,0.0,0.0,,,QB,2026,1,,,,,,,,,
59,Justin Fields,0.0,0.0,0.0,0.0,0.0,0.0,0.0,0.0,0,0,0,0,1,0.0,0.0,,,QB,2026,1,,,,,,,,,
60,Sam Ehlinger,0.0,0.0,0.0,0.0,0.0,0.0,0.0,0.0,0,0,0,0,0,0.0,0.0,,,QB,2026,1,,,,,,,,,
61,Sean Clifford,0.0,0.0,0.0,0.0,0.0,0.0,0.0,0.0,0,0,0,0,0,0.0,0.0,,,QB,2026,1,,,,,,,,,
62,Trey Lance,0.0,0.0,0.0,0.0,0.0,0.0,0.0,0.0,0,0,0,0,0,0.0,0.0,,,QB,2026,1,,,,,,,,,
63,Mac Jones,0.0,0.0,0.0,0.0,0.0,0.0,0.0,0.0,0,0,0,0,0,0.0,0.0,,,QB,2026,1,,,,,,,,,
64,Zach Wilson,0.0,0.0,0.0,0.0,0.0,0.0,0.0,0.0,0,0,0,0,0,0.0,0.0,,,QB,2026,1,,,,,,,,,
65,Davis Mills,0.0,0.0,0.0,0.0,0.0,0.0,0.0,0.0,0,0,0,0,0,0.0,0.0,,,QB,2026,1,,,,,,,,,
66,Jalen Milroe,0.0,0.0,0.0,0.0,0.0,0.0,0.0,0.0,0,0,0,0,0,0.0,0.0,,,QB,2026,1,,,,,,,,,
67,DJ Uiagalelei,0.0,0.0,0.0,0.0,0.0,0.0,0.0,0.0,0,0,0,0,0,0.0,0.0,,,QB,2026,1,,,,,,,,,
68,Carson Beck,0.0,0.0,0.0,0.0,0.0,0.0,0.0,0.0,0,0,0,0,0,0.0,0.0,,,QB,2026,1,,,,,,,,,
69,Michael Penix Jr.,0.0,0.0,0.0,0.0,0.0,0.0,0.0,0.0,0,0,0,0,0,0.0,0.0,,,QB,2026,1,,,,,,,,,
70,Garrett Nussmeier,0.0,0.0,0.0,0.0,0.0,0.0,0.0,0.0,0,0,0,0,0,0.0,0.0,,,QB,2026,1,,,,,,,,,
71,J.J. McCarthy,0.0,0.0,0.0,0.0,0.0,0.0,0.0,0.0,0,0,0,0,0,0.0,0.0,,,QB,2026,1,,,,,,,,,
72,Sam Howell,0.0,0.0,0.0,0.0,0.0,0.0,0.0,0.0,0,0,0,0,0,0.0,0.0,,,QB,2026,1,,,,,,,,,
73,Kyle McCord,0.0,0.0,0.0,0.0,0.0,0.0,0.0,0.0,0,0,0,0,0,0.0,0.0,,,QB,2026,1,,,,,,,,,
74,Spencer Rattler,0.0,0.0,0.0,0.0,0.0,0.0,0.0,0.0,0,0,0,0,0,0.0,0.0,,,QB,2026,1,,,,,,,,,
75,Haynes King,0.0,0.0,0.0,0.0,0.0,0.0,0.0,0.0,0,0,0,0,0,0.0,0.0,,,QB,2026,1,,,,,,,,,
76,Behren Morton,0.0,0.0,0.0,0.0,0.0,0.0,0.0,0.0,0,0,0,0,0,0.0,0.0,,,QB,2026,1,,,,,,,,,
77,Dillon Gabriel,0.0,0.0,0.0,0.0,0.0,0.0,0.0,0.0,0,0,0,0,0,0.0,0.0,,,QB,2026,1,,,,,,,,,
78,Miller Moss,0.0,0.0,0.0,0.0,0.0,0.0,0.0,0.0,0,0,0,0,0,0.0,0.0,,,QB,2026,1,,,,,,,,,
79,Kedon Slovis,0.0,0.0,0.0,0.0,0.0,0.0,0.0,0.0,0,0,0,0,0,0.0,0.0,,,QB,2026,1,,,,,,,,,
80,Graham Mertz,0.0,0.0,0.0,0.0,0.0,0.0,0.0,0.0,0,0,0,0,0,0.0,0.0,,,QB,2026,1,,,,,,,,,
81,Quinn Ewers,0.0,0.0,0.0,0.0,0.0,0.0,0.0,0.0,0,0,0,0,0,0.0,0.0,,,QB,2026,1,,,,,,,,,
82,Bailey Zappe,0.0,0.0,0.0,0.0,0.0,0.0,0.0,0.0,0,0,0,0,0,0.0,0.0,,,QB,2026,1,,,,,,,,,
83,Skylar Thompson,0.0,0.0,0.0,0.0,0.0,0.0,0.0,0.0,0,0,0,0,0,0.0,0.0,,,QB,2026,1,,,,,,,,,
84,Aidan O'Connell,0.0,0.0,0.0,0.0,0.0,0.0,0.0,0.0,0,0,0,0,0,0.0,0.0,,,QB,2026,1,,,,,,,,,
85,Hendon Hooker,0.0,0.0,0.0,0.0,0.0,0.0,0.0,0.0,0,0,0,0,0,0.0,0.0,,,QB,2026,1,,,,,,,,,
86,Sam Hartman,0.0,0.0,0.0,0.0,0.0,0.0,0.0,0.0,0,0,0,0,0,0.0,0.0,,,QB,2026,1,,,,,,,,,
87,Drew Allar,0.0,0.0,0.0,0.0,0.0,0.0,0.0,0.0,0,0,0,0,0,0.0,0.0,,,QB,2026,1,,,,,,,,,
88,Anthony Richardson Sr.,0.0,0.0,0.0,0.0,0.0,0.0,0.0,0.0,0,0,0,0,0,0.0,0.0,,,QB,2026,1,,,,,,,,,
89,Cade Klubnik,0.0,0.0,0.0,0.0,0.0,0.0,0.0,0.0,0,0,0,0,0,0.0,0.0,,,QB,2026,1,,,,,,,,,
90,Jake Haener,0.0,0.0,0.0,0.0,0.0,0.0,0.0,0.0,0,0,0,0,0,0.0,0.0,,,QB,2026,1,,,,,,,,,
91,Tanner McKee,0.0,0.0,0.0,0.0,0.0,0.0,0.0,0.0,0,0,0,0,0,0.0,0.0,,,QB,2026,1,,,,,,,,,
92,Tyson Bagent,0.0,0.0,0.0,0.0,0.0,0.0,0.0,0.0,0,0,0,0,0,0.0,0.0,,,QB,2026,1,,,,,,,,,
93,Ty Simpson,0.0,0.0,0.0,0.0,0.0,0.0,0.0,0.0,0,0,0,0,0,0.0,0.0,,,QB,2026,1,,,,,,,,,
94,Riley Leonard,0.0,0.0,0.0,0.0,0.0,0.0,0.0,0.0,0,0,0,0,0,0.0,0.0,,,QB,2026,1,,,,,,,,,
95,Tommy DeVito,0.0,0.0,0.0,0.0,0.0,0.0,0.0,0.0,0,0,0,0,0,0.0,0.0,,,QB,2026,1,,,,,,,,,
96,Joe Milton III,0.0,0.0,0.0,0.0,0.0,0.0,0.0,0.0,0,0,0,0,0,0.0,0.0,,,QB,2026,1,,,,,,,,,
97,Shedeur Sanders,0.0,0.0,0.0,0.0,0.0,0.0,0.0,0.0,0,0,0,0,0,0.0,0.0,,,QB,2026,1,,,,,,,,,
98,Will Howard,0.0,0.0,0.0,0.0,0.0,0.0,0.0,0.0,0,0,0,0,0,0.0,0.0,,,QB,2026,1,,,,,,,,,
99,Jalon Daniels,0.0,0.0,0.0,0.0,0.0,0.0,0.0,0.0,0,0,0,0,0,0.0,0.0,,,QB,2026,1,,,,,,,,,
100,Kurtis Rourke,0.0,0.0,0.0,0.0,0.0,0.0,0.0,0.0,0,0,0,0,0,0.0,0.0,,,QB,2026,1,,,,,,,,,
101,Brady Cook,0.0,0.0,0.0,0.0,0.0,0.0,0.0,0.0,0,0,0,0,0,0.0,0.0,,,QB,2026,1,,,,,,,,,
102,Max Brosmer,0.0,0.0,0.0,0.0,0.0,0.0,0.0,0.0,0,0,0,0,0,0.0,0.0,,,QB,2026,1,,,,,,,,,
103,Fernando Mendoza,0.0,0.0,0.0,0.0,0.0,0.0,0.0,0.0,0,0,0,0,0,0.0,0.0,,,QB,2026,1,,,,,,,,,
104,Luke Altmyer,0.0,0.0,0.0,0.0,0.0,0.0,0.0,0.0,0,0,0,0,0,0.0,0.0,,,QB,2026,1,,,,,,,,,
105,Taylen Green,0.0,0.0,0.0,0.0,0.0,0.0,0.0,0.0,0,0,0,0,0,0.0,0.0,,,QB,2026,1,,,,,,,,,
106,Athan Kaliakmanis,0.0,0.0,0.0,0.0,0.0,0.0,0.0,0.0,0,0,0,0,0,0.0,0.0,,,QB,2026,1,,,,,,,,,
107,Joey Aguilar,0.0,0.0,0.0,0.0,0.0,0.0,0.0,0.0,0,0,0,0,0,0.0,0.0,,,QB,2026,1,,,,,,,,,
108,Cole Payton,0.0,0.0,0.0,0.0,0.0,0.0,0.0,0.0,0,0,0,0,0,0.0,0.0,,,QB,2026,1,,,,,,,,,
109,Joe Fagnano,0.0,0.0,0.0,0.0,0.0,0.0,0.0,0.0,0,0,0,0,0,0.0,0.0,,,QB,2026,1,,,,,,,,,
110,Jack Strand,0.0,0.0,0.0,0.0,0.0,0.0,0.0,0.0,0,0,0,0,0,0.0,0.0,,,QB,2026,1,,,,,,,,,
111,Matthew Caldwell,0.0,0.0,0.0,0.0,0.0,0.0,0.0,0.0,0,0,0,0,0,0.0,0.0,,,QB,2026,1,,,,,,,,,
112,Nick Mullens,0.0,0.0,0.0,0.0,0.0,0.0,0.0,0.0,3,-3,0,0,1,-0.3,-0.3,,,QB,2026,1,,,,,,,,,
1,Derrick Henry,,,,,6.0,,,,24,144,0,0,1,34.3,34.3,,,RB,2026,1,32.0,2.0,3.0,1.0,1.0,19.0,19.0,,
2,D'Andre Swift,,,,,6.9,,,,18,124,0,0,1,31.4,31.4,,,RB,2026,1,32.0,2.0,3.0,1.0,1.0,10.0,10.0,,
3,Kenneth Walker III,,,,,7.5,,,,23,173,1,0,1,31.1,31.1,,,RB,2026,1,60.0,2.0,1.0,6.0,3.0,18.0,6.0,,
4,Jahmyr Gibbs,,,,,5.4,,,,29,156,0,1,1,28.6,28.6,,,RB,2026,1,21.0,1.0,2.0,5.0,5.0,30.0,6.0,,
5,Ashton Jeanty,,,,,4.4,,,,23,102,2,0,1,26.7,26.7,,,RB,2026,1,15.0,0.0,0.0,6.0,6.0,45.0,7.5,,
6,David Montgomery,,,,,3.0,,,,20,60,1,0,1,25.9,25.9,,,RB,2026,1,18.0,0.0,2.0,3.0,3.0,19.0,6.3,,
7,Bijan Robinson,,,,,4.0,,,,21,83,1,0,1,23.3,23.3,,,RB,2026,1,20.0,1.0,0.0,10.0,8.0,90.0,11.3,,
8,Jonathan Taylor,,,,,5.2,,,,19,98,0,1,1,22.1,22.1,,,RB,2026,1,21.0,1.0,2.0,4.0,3.0,23.0,7.7,,
9,Chuba Hubbard,,,,,4.9,,,,10,49,1,0,1,20.7,20.7,,,RB,2026,1,11.0,0.0,1.0,3.0,3.0,38.0,12.7,,
10,Javonte Williams,,,,,3.4,,,,12,41,1,0,1,19.2,19.2,,,RB,2026,1,8.0,0.0,1.0,5.0,5.0,31.0,6.2,,
11,Kyle Monangai,,,,,10.0,,,,10,100,0,0,1,18.4,18.4,,,RB,2026,1,61.0,1.0,1.0,2.0,2.0,24.0,12.0,,
12,Breece Hall,,,,,4.6,,,,22,102,0,0,1,17.8,17.8,,,RB,2026,1,13.0,0.0,1.0,2.0,2.0,16.0,8.0,,
13,Cam Skattebo,,,,,4.5,,,,18,81,0,0,1,14.1,14.1,,,RB,2026,1,13.0,0.0,1.0,0.0,0.0,0.0,0.0,,
14,Chase Brown,,,,,3.5,,,,16,56,0,0,1,13.8,13.8,,,RB,2026,1,13.0,0.0,1.0,6.0,5.0,22.0,4.4,,
15,Bucky Irving,,,,,5.6,,,,8,45,0,1,1,13.3,13.3,,,RB,2026,1,10.0,0.0,1.0,7.0,7.0,48.0,6.9,,
16,Kyren Williams,,,,,3.7,,,,11,41,0,0,1,12.5,12.5,,,RB,2026,1,8.0,0.0,1.0,3.0,3.0,24.0,8.0,,
17,Jordan Mason,,,,,3.9,,,,15,59,0,0,1,11.9,11.9,,,RB,2026,1,28.0,1.0,1.0,0.0,0.0,0.0,0.0,,
18,Jacory Croskey-Merritt,,,,,3.9,,,,16,63,0,0,1,11.6,11.6,,,RB,2026,1,11.0,0.0,1.0,1.0,1.0,-7.0,-7.0,,
19,Jeremiyah Love,,,,,3.7,,,,11,41,0,0,1,11.0,11.0,,,RB,2026,1,18.0,0.0,1.0,4.0,2.0,9.0,4.5,,
20,Aaron Jones Sr.,,,,,3.3,,,,12,40,0,0,1,10.0,10.0,,,RB,2026,1,8.0,0.0,1.0,1.0,0.0,0.0,0.0,,
21,Devin Singletary,,,,,2.7,,,,6,16,1,0,1,9.8,9.8,,,RB,2026,1,4.0,0.0,0.0,4.0,4.0,22.0,5.5,,
22,Rhamondre Stevenson,,,,,2.8,,,,18,51,0,0,1,9.5,9.5,,,RB,2026,1,12.0,0.0,0.0,6.0,5.0,44.0,8.8,,
23,Kendre Miller,,,,,3.3,,,,9,30,0,0,1,9.0,9.0,,,RB,2026,1,8.0,0.0,1.0,0.0,0.0,0.0,0.0,,
24,Christian McCaffrey,,,,,6.8,,,,10,68,0,0,1,8.8,8.8,,,RB,2026,1,16.0,0.0,0.0,8.0,5.0,20.0,4.0,,
25,Bhayshul Tuten,,,,,4.4,,,,15,66,0,0,1,8.8,8.8,,,RB,2026,1,12.0,0.0,0.0,1.0,1.0,22.0,22.0,,
26,Omarion Hampton,,,,,3.6,,,,12,43,0,1,1,8.3,8.3,,,RB,2026,1,14.0,0.0,1.0,0.0,0.0,0.0,0.0,,
27,Saquon Barkley,,,,,5.5,,,,15,83,0,0,1,8.0,8.0,,,RB,2026,1,42.0,1.0,0.0,2.0,1.0,-3.0,-3.0,,
28,Travis Etienne Jr.,,,,,5.1,,,,9,46,0,0,1,7.8,7.8,,,RB,2026,1,18.0,0.0,0.0,9.0,7.0,32.0,4.6,,
29,Tyler Allgeier,,,,,3.6,,,,17,61,0,0,1,7.0,7.0,,,RB,2026,1,11.0,0.0,0.0,2.0,2.0,9.0,4.5,,
30,Kaelon Black,,,,,4.6,,,,14,65,0,0,1,7.0,7.0,,,RB,2026,1,14.0,0.0,0.0,1.0,1.0,5.0,5.0,,
31,James Cook III,,,,,4.4,,,,13,57,0,0,1,6.9,6.9,,,RB,2026,1,12.0,0.0,0.0,4.0,3.0,12.0,4.0,,
32,Emmett Johnson,,,,,3.0,,,,8,24,0,0,1,6.8,6.8,,,RB,2026,1,6.0,0.0,0.0,2.0,2.0,44.0,22.0,,
33,De'Von Achane,,,,,3.3,,,,11,36,0,0,1,6.6,6.6,,,RB,2026,1,10.0,0.0,0.0,5.0,4.0,30.0,7.5,,
34,Jonathon Brooks,,,,,3.5,,,,4,14,0,0,1,6.2,6.2,,,RB,2026,1,6.0,0.0,0.0,2.0,1.0,48.0,48.0,,
35,Jadarian Price,,,,,5.2,,,,10,52,0,0,1,5.8,5.8,,,RB,2026,1,13.0,0.0,0.0,2.0,2.0,6.0,3.0,,
36,Blake Corum,,,,,5.4,,,,10,54,0,0,1,5.4,5.4,,,RB,2026,1,13.0,0.0,0.0,0.0,0.0,0.0,0.0,,
37,Jaylen Warren,,,,,4.6,,,,10,46,0,1,1,5.3,5.3,,,RB,2026,1,17.0,0.0,0.0,6.0,5.0,27.0,5.4,,
38,Samaje Perine,,,,,4.0,,,,5,20,0,0,1,5.0,5.0,,,RB,2026,1,8.0,0.0,0.0,3.0,3.0,30.0,10.0,,
39,Quinshon Judkins,,,,,2.8,,,,12,33,0,0,1,5.0,5.0,,,RB,2026,1,5.0,0.0,0.0,2.0,2.0,17.0,8.5,,
40,RJ Harvey,,,,,6.0,,,,3,18,0,0,1,4.1,4.1,,,RB,2026,1,7.0,0.0,0.0,4.0,4.0,23.0,5.8,,
41,Mike Washington Jr.,,,,,5.9,,,,7,41,0,0,1,4.1,4.1,,,RB,2026,1,18.0,0.0,0.0,0.0,0.0,0.0,0.0,,
42,Braelon Allen,,,,,4.0,,,,10,40,0,0,1,4.0,4.0,,,RB,2026,1,9.0,0.0,0.0,1.0,0.0,0.0,0.0,,
43,Woody Marks,,,,,4.7,,,,9,42,0,0,1,4.0,4.0,,,RB,2026,1,12.0,0.0,0.0,1.0,1.0,-2.0,-2.0,,
44,MarShawn Lloyd,,,,,2.8,,,,13,37,0,0,1,3.7,3.7,,,RB,2026,1,12.0,0.0,0.0,1.0,0.0,0.0,0.0,,
45,J.K. Dobbins,,,,,4.5,,,,8,36,0,0,1,3.6,3.6,,,RB,2026,1,17.0,0.0,0.0,0.0,0.0,0.0,0.0,,
46,Tony Pollard,,,,,5.0,,,,7,35,0,0,1,3.4,3.4,,,RB,2026,1,13.0,0.0,0.0,2.0,1.0,-1.0,-1.0,,
47,Ameer Abdullah,,,,,8.0,,,,4,32,0,0,1,3.2,3.2,,,RB,2026,1,12.0,0.0,0.0,1.0,1.0,0.0,0.0,,
48,Brian Robinson Jr.,,,,,3.4,,,,9,31,0,0,1,3.1,3.1,,,RB,2026,1,14.0,0.0,0.0,0.0,0.0,0.0,0.0,,
49,George Holani,,,,,3.6,,,,8,29,0,0,1,2.9,2.9,,,RB,2026,1,9.0,0.0,0.0,1.0,0.0,0.0,0.0,,
50,Chris Brooks,,,,,4.1,,,,7,29,0,0,1,2.9,2.9,,,RB,2026,1,14.0,0.0,0.0,1.0,0.0,0.0,0.0,,
51,Justice Hill,,,,,3.0,,,,6,18,0,0,1,2.8,2.8,,,RB,2026,1,7.0,0.0,0.0,1.0,1.0,10.0,10.0,,
52,AJ Dillon,,,,,5.6,,,,5,28,0,0,1,2.8,2.8,,,RB,2026,1,11.0,0.0,0.0,0.0,0.0,0.0,0.0,,
53,Rachaad White,,,,,3.1,,,,7,22,0,0,1,2.7,2.7,,,RB,2026,1,9.0,0.0,0.0,2.0,2.0,5.0,2.5,,
54,Raheim Sanders,,,,,1.0,,,,1,1,0,0,1,2.6,2.6,,,RB,2026,1,1.0,0.0,0.0,3.0,3.0,25.0,8.3,,
55,Ronnie Rivers,,,,,3.8,,,,5,19,0,0,1,2.4,2.4,,,RB,2026,1,7.0,0.0,0.0,1.0,1.0,5.0,5.0,,
56,Tyjae Spears,,,,,4.0,,,,3,12,0,0,1,2.4,2.4,,,RB,2026,1,10.0,0.0,0.0,4.0,2.0,12.0,6.0,,
57,Chris Rodriguez Jr.,,,,,3.8,,,,6,23,0,0,1,2.3,2.3,,,RB,2026,1,8.0,0.0,0.0,0.0,0.0,0.0,0.0,,
58,Rico Dowdle,,,,,1.9,,,,8,15,0,0,1,2.1,2.1,,,RB,2026,1,6.0,0.0,0.0,5.0,2.0,6.0,3.0,,
59,Kenny Gainwell,,,,,3.0,,,,5,15,0,0,1,1.8,1.8,,,RB,2026,1,7.0,0.0,0.0,1.0,1.0,3.0,3.0,,
60,Sione Vaki,,,,,3.5,,,,2,7,0,0,1,1.8,1.8,,,RB,2026,1,4.0,0.0,0.0,1.0,1.0,11.0,11.0,,
61,Kaytron Allen,,,,,4.0,,,,4,16,0,0,1,1.6,1.6,,,RB,2026,1,5.0,0.0,0.0,0.0,0.0,0.0,0.0,,
62,Will Shipley,,,,,2.0,,,,2,4,0,0,1,1.2,1.2,,,RB,2026,1,2.0,0.0,0.0,1.0,1.0,8.0,8.0,,
63,Corey Kiner,,,,,1.8,,,,6,11,0,0,1,1.1,1.1,,,RB,2026,1,7.0,0.0,0.0,0.0,0.0,0.0,0.0,,
64,Keaton Mitchell,,,,,2.3,,,,4,9,0,0,1,0.9,0.9,,,RB,2026,1,8.0,0.0,0.0,0.0,0.0,0.0,0.0,,
65,Lan Larison,,,,,0.0,,,,0,0,0,0,1,0.9,0.9,,,RB,2026,1,0.0,0.0,0.0,2.0,2.0,9.0,4.5,,
66,Emari Demercado,,,,,3.5,,,,2,7,0,0,1,0.7,0.7,,,RB,2026,1,4.0,0.0,0.0,0.0,0.0,0.0,0.0,,
67,Hunter Luepke,,,,,7.0,,,,1,7,0,0,1,0.7,0.7,,,RB,2026,1,7.0,0.0,0.0,0.0,0.0,0.0,0.0,,
68,Tank Bigsby,,,,,3.0,,,,1,3,0,0,1,0.3,0.3,,,RB,2026,1,3.0,0.0,0.0,0.0,0.0,0.0,0.0,,
69,Emanuel Wilson,,,,,1.5,,,,2,3,0,0,1,0.3,0.3,,,RB,2026,1,3.0,0.0,0.0,0.0,0.0,0.0,0.0,,
70,Frank Gore Jr.,,,,,3.0,,,,1,3,0,0,1,0.3,0.3,,,RB,2026,1,3.0,0.0,0.0,0.0,0.0,0.0,0.0,,
71,Ray Davis,,,,,3.0,,,,1,3,0,0,1,0.3,0.3,,,RB,2026,1,3.0,0.0,0.0,0.0,0.0,0.0,0.0,,
72,CJ Donaldson,,,,,2.0,,,,2,4,0,0,1,0.2,0.2,,,RB,2026,1,3.0,0.0,0.0,2.0,1.0,-2.0,-2.0,,
73,DeeJay Dallas,,,,,0.0,,,,0,0,0,0,1,0.1,0.1,,,RB,2026,1,0.0,0.0,0.0,1.0,1.0,1.0,1.0,,
74,Chad Simpson,,,,,0.0,,,,0,0,0,0,0,0.0,0.0,,,RB,2026,1,0.0,0.0,0.0,0.0,0.0,0.0,0.0,,
75,Kenny Irons,,,,,0.0,,,,0,0,0,0,0,0.0,0.0,,,RB,2026,1,0.0,0.0,0.0,0.0,0.0,0.0,0.0,,
76,Madison Hedgecock,,,,,0.0,,,,0,0,0,0,0,0.0,0.0,,,RB,2026,1,0.0,0.0,0.0,0.0,0.0,0.0,0.0,,
77,Samkon Gado,,,,,0.0,,,,0,0,0,0,0,0.0,0.0,,,RB,2026,1,0.0,0.0,0.0,0.0,0.0,0.0,0.0,,
78,Garrett Mills,,,,,0.0,,,,0,0,0,0,0,0.0,0.0,,,RB,2026,1,0.0,0.0,0.0,0.0,0.0,0.0,0.0,,
79,Shane Bannon,,,,,0.0,,,,0,0,0,0,0,0.0,0.0,,,RB,2026,1,0.0,0.0,0.0,0.0,0.0,0.0,0.0,,
80,Jay Finley,,,,,0.0,,,,0,0,0,0,0,0.0,0.0,,,RB,2026,1,0.0,0.0,0.0,0.0,0.0,0.0,0.0,,
81,Kyle Juszczyk,,,,,0.0,,,,0,0,0,0,1,0.0,0.0,,,RB,2026,1,0.0,0.0,0.0,0.0,0.0,0.0,0.0,,
82,Willie Carter,,,,,0.0,,,,0,0,0,0,0,0.0,0.0,,,RB,2026,1,0.0,0.0,0.0,0.0,0.0,0.0,0.0,,
83,Tim Flanders,,,,,0.0,,,,0,0,0,0,0,0.0,0.0,,,RB,2026,1,0.0,0.0,0.0,0.0,0.0,0.0,0.0,,
84,Brennan Clay,,,,,0.0,,,,0,0,0,0,0,0.0,0.0,,,RB,2026,1,0.0,0.0,0.0,0.0,0.0,0.0,0.0,,
85,Michael Burton,,,,,0.0,,,,0,0,0,0,1,0.0,0.0,,,RB,2026,1,0.0,0.0,0.0,0.0,0.0,0.0,0.0,,
86,Raheem Mostert,,,,,0.0,,,,0,0,0,0,0,0.0,0.0,,,RB,2026,1,0.0,0.0,0.0,0.0,0.0,0.0,0.0,,
87,Alvin Kamara,,,,,0.0,,,,0,0,0,0,0,0.0,0.0,,,RB,2026,1,0.0,0.0,0.0,0.0,0.0,0.0,0.0,,
88,Jeremy McNichols,,,,,0.0,,,,0,0,0,0,0,0.0,0.0,,,RB,2026,1,0.0,0.0,0.0,0.0,0.0,0.0,0.0,,
89,James Conner,,,,,0.0,,,,0,0,0,0,0,0.0,0.0,,,RB,2026,1,0.0,0.0,0.0,0.0,0.0,0.0,0.0,,
90,Taquan Mizzell,,,,,0.0,,,,0,0,0,0,0,0.0,0.0,,,RB,2026,1,0.0,0.0,0.0,0.0,0.0,0.0,0.0,,
91,Dare Ogunbowale,,,,,0.0,,,,0,0,0,0,0,0.0,0.0,,,RB,2026,1,0.0,0.0,0.0,0.0,0.0,0.0,0.0,,
92,Patrick Ricard,,,,,0.0,,,,0,0,0,0,1,0.0,0.0,,,RB,2026,1,0.0,0.0,0.0,1.0,0.0,0.0,0.0,,
93,Chase Edmonds,,,,,0.0,,,,0,0,0,0,0,0.0,0.0,,,RB,2026,1,0.0,0.0,0.0,0.0,0.0,0.0,0.0,,
94,Josh Jacobs,,,,,0.0,,,,0,0,0,0,0,0.0,0.0,,,RB,2026,1,0.0,0.0,0.0,0.0,0.0,0.0,0.0,,
95,Ty Johnson,,,,,0.0,,,,0,0,0,0,0,0.0,0.0,,,RB,2026,1,0.0,0.0,0.0,0.0,0.0,0.0,0.0,,
96,Alec Ingold,,,,,0.0,,,,0,0,0,0,1,0.0,0.0,,,RB,2026,1,0.0,0.0,0.0,0.0,0.0,0.0,0.0,,
97,Travis Homer,,,,,0.0,,,,0,0,0,0,0,0.0,0.0,,,RB,2026,1,0.0,0.0,0.0,0.0,0.0,0.0,0.0,,
98,Mike Weber,,,,,0.0,,,,0,0,0,0,0,0.0,0.0,,,RB,2026,1,0.0,0.0,0.0,0.0,0.0,0.0,0.0,,
99,Andrew Beck,,,,,0.0,,,,0,0,0,0,1,0.0,0.0,,,RB,2026,1,0.0,0.0,0.0,0.0,0.0,0.0,0.0,,
100,Craig Reynolds,,,,,0.0,,,,0,0,0,0,0,0.0,0.0,,,RB,2026,1,0.0,0.0,0.0,0.0,0.0,0.0,0.0,,
101,Najee Harris,,,,,0.0,,,,0,0,0,0,0,0.0,0.0,,,RB,2026,1,0.0,0.0,0.0,0.0,0.0,0.0,0.0,,
102,Trey Sermon,,,,,0.0,,,,0,0,0,0,0,0.0,0.0,,,RB,2026,1,0.0,0.0,0.0,0.0,0.0,0.0,0.0,,
103,Salvon Ahmed,,,,,0.0,,,,0,0,0,0,0,0.0,0.0,,,RB,2026,1,0.0,0.0,0.0,0.0,0.0,0.0,0.0,,
104,Ty Chandler,,,,,0.0,,,,0,0,0,0,0,0.0,0.0,,,RB,2026,1,0.0,0.0,0.0,0.0,0.0,0.0,0.0,,
105,Reggie Gilliam,,,,,0.0,,,,0,0,0,0,1,0.0,0.0,,,RB,2026,1,0.0,0.0,0.0,0.0,0.0,0.0,0.0,,
106,Jonathan Ward,,,,,0.0,,,,0,0,0,0,0,0.0,0.0,,,RB,2026,1,0.0,0.0,0.0,0.0,0.0,0.0,0.0,,
107,Zamir White,,,,,0.0,,,,0,0,0,0,0,0.0,0.0,,,RB,2026,1,0.0,0.0,0.0,0.0,0.0,0.0,0.0,,
108,Michael Carter,,,,,0.0,,,,0,0,0,0,0,0.0,0.0,,,RB,2026,1,0.0,0.0,0.0,0.0,0.0,0.0,0.0,,
109,Javian Hawkins,,,,,0.0,,,,0,0,0,0,0,0.0,0.0,,,RB,2026,1,0.0,0.0,0.0,0.0,0.0,0.0,0.0,,
110,Khalil Herbert,,,,,0.0,,,,0,0,0,0,0,0.0,0.0,,,RB,2026,1,0.0,0.0,0.0,0.0,0.0,0.0,0.0,,
111,Jerome Ford,,,,,0.0,,,,0,0,0,0,0,0.0,0.0,,,RB,2026,1,0.0,0.0,0.0,0.0,0.0,0.0,0.0,,
112,Phil Mafah,,,,,0.0,,,,0,0,0,0,0,0.0,0.0,,,RB,2026,1,0.0,0.0,0.0,0.0,0.0,0.0,0.0,,
113,Dameon Pierce,,,,,0.0,,,,0,0,0,0,0,0.0,0.0,,,RB,2026,1,0.0,0.0,0.0,0.0,0.0,0.0,0.0,,
114,Kendall Milton,,,,,0.0,,,,0,0,0,0,0,0.0,0.0,,,RB,2026,1,0.0,0.0,0.0,0.0,0.0,0.0,0.0,,
115,Tyler Goodson,,,,,0.0,,,,0,0,0,0,1,0.0,0.0,,,RB,2026,1,0.0,0.0,0.0,0.0,0.0,0.0,0.0,,
116,Audric Estime,,,,,0.0,,,,0,0,0,0,0,0.0,0.0,,,RB,2026,1,0.0,0.0,0.0,0.0,0.0,0.0,0.0,,
117,TreVeyon Henderson,,,,,0.0,,,,0,0,0,0,0,0.0,0.0,,,RB,2026,1,0.0,0.0,0.0,0.0,0.0,0.0,0.0,,
118,Eric Gray,,,,,0.0,,,,0,0,0,0,0,0.0,0.0,,,RB,2026,1,0.0,0.0,0.0,0.0,0.0,0.0,0.0,,
119,Seth McGowan,,,,,0.0,,,,0,0,0,0,1,0.0,0.0,,,RB,2026,1,0.0,0.0,0.0,1.0,1.0,0.0,0.0,,
120,Zach Charbonnet,,,,,0.0,,,,0,0,0,0,0,0.0,0.0,,,RB,2026,1,0.0,0.0,0.0,0.0,0.0,0.0,0.0,,
121,Sincere McCormick,,,,,0.0,,,,0,0,0,0,0,0.0,0.0,,,RB,2026,1,0.0,0.0,0.0,0.0,0.0,0.0,0.0,,
122,Kene Nwangwu,,,,,0.0,,,,0,0,0,0,0,0.0,0.0,,,RB,2026,1,0.0,0.0,0.0,0.0,0.0,0.0,0.0,,
123,Adam Prentice,,,,,0.0,,,,0,0,0,0,1,0.0,0.0,,,RB,2026,1,0.0,0.0,0.0,0.0,0.0,0.0,0.0,,
124,Sean Tucker,,,,,0.0,,,,0,0,0,0,0,0.0,0.0,,,RB,2026,1,0.0,0.0,0.0,0.0,0.0,0.0,0.0,,
125,Tyler Badie,,,,,0.0,,,,0,0,0,0,0,0.0,0.0,,,RB,2026,1,0.0,0.0,0.0,0.0,0.0,0.0,0.0,,
126,Pierre Strong Jr.,,,,,0.0,,,,0,0,0,0,0,0.0,0.0,,,RB,2026,1,0.0,0.0,0.0,0.0,0.0,0.0,0.0,,
127,Malik Davis,,,,,0.0,,,,0,0,0,0,0,0.0,0.0,,,RB,2026,1,0.0,0.0,0.0,0.0,0.0,0.0,0.0,,
128,Velus Jones Jr.,,,,,0.0,,,,0,0,0,0,1,0.0,0.0,,,RB,2026,1,0.0,0.0,0.0,0.0,0.0,0.0,0.0,,
129,Isiah Pacheco,,,,,0.0,,,,0,0,0,0,0,0.0,0.0,,,RB,2026,1,0.0,0.0,0.0,0.0,0.0,0.0,0.0,,
130,Jarquez Hunter,,,,,0.0,,,,0,0,0,0,0,0.0,0.0,,,RB,2026,1,0.0,0.0,0.0,0.0,0.0,0.0,0.0,,
131,Nicholas Singleton,,,,,0.0,,,,0,0,0,0,0,0.0,0.0,,,RB,2026,1,0.0,0.0,0.0,0.0,0.0,0.0,0.0,,
132,Jaydon Blue,,,,,0.0,,,,0,0,0,0,0,0.0,0.0,,,RB,2026,1,0.0,0.0,0.0,0.0,0.0,0.0,0.0,,
133,Israel Abanikanda,,,,,0.0,,,,0,0,0,0,0,0.0,0.0,,,RB,2026,1,0.0,0.0,0.0,0.0,0.0,0.0,0.0,,
134,Adam Randall,,,,,0.0,,,,0,0,0,0,0,0.0,0.0,,,RB,2026,1,0.0,0.0,0.0,0.0,0.0,0.0,0.0,,
135,Jabari Small,,,,,0.0,,,,0,0,0,0,0,0.0,0.0,,,RB,2026,1,0.0,0.0,0.0,0.0,0.0,0.0,0.0,,
136,Connor Heyward,,,,,1.0,,,,1,1,0,0,1,0.0,0.0,,,RB,2026,1,1.0,0.0,0.0,0.0,0.0,0.0,0.0,,
137,Brittain Brown,,,,,0.0,,,,0,0,0,0,0,0.0,0.0,,,RB,2026,1,0.0,0.0,0.0,0.0,0.0,0.0,0.0,,
138,Julius Chestnut,,,,,0.0,,,,0,0,0,0,1,0.0,0.0,,,RB,2026,1,0.0,0.0,0.0,0.0,0.0,0.0,0.0,,
139,Bam Knight,,,,,0.0,,,,0,0,0,0,1,0.0,0.0,,,RB,2026,1,0.0,0.0,0.0,0.0,0.0,0.0,0.0,,
140,Roschon Johnson,,,,,0.0,,,,0,0,0,0,1,0.0,0.0,,,RB,2026,1,0.0,0.0,0.0,0.0,0.0,0.0,0.0,,
141,Evan Hull,,,,,0.0,,,,0,0,0,0,0,0.0,0.0,,,RB,2026,1,0.0,0.0,0.0,0.0,0.0,0.0,0.0,,
142,Roman Hemby,,,,,0.0,,,,0,0,0,0,0,0.0,0.0,,,RB,2026,1,0.0,0.0,0.0,0.0,0.0,0.0,0.0,,
143,Trey Benson,,,,,0.0,,,,0,0,0,0,0,0.0,0.0,,,RB,2026,1,0.0,0.0,0.0,0.0,0.0,0.0,0.0,,
144,Trevor Etienne,,,,,0.0,,,,0,0,0,0,0,0.0,0.0,,,RB,2026,1,0.0,0.0,0.0,0.0,0.0,0.0,0.0,,
145,Jaydn Ott,,,,,0.0,,,,0,0,0,0,0,0.0,0.0,,,RB,2026,1,0.0,0.0,0.0,0.0,0.0,0.0,0.0,,
146,Lew Nichols III,,,,,0.0,,,,0,0,0,0,0,0.0,0.0,,,RB,2026,1,0.0,0.0,0.0,0.0,0.0,0.0,0.0,,
147,Scott Matlock,,,,,0.0,,,,0,0,0,0,0,0.0,0.0,,,RB,2026,1,0.0,0.0,0.0,0.0,0.0,0.0,0.0,,
148,Carlos Washington Jr.,,,,,0.0,,,,0,0,0,0,0,0.0,0.0,,,RB,2026,1,0.0,0.0,0.0,0.0,0.0,0.0,0.0,,
149,Jacob Saylors,,,,,0.0,,,,0,0,0,0,1,0.0,0.0,,,RB,2026,1,0.0,0.0,0.0,0.0,0.0,0.0,0.0,,
150,Ben VanSumeren,,,,,0.0,,,,0,0,0,0,1,0.0,0.0,,,RB,2026,1,0.0,0.0,0.0,0.0,0.0,0.0,0.0,,
151,Brady Russell,,,,,0.0,,,,0,0,0,0,1,0.0,0.0,,,RB,2026,1,0.0,0.0,0.0,2.0,2.0,20.0,10.0,,
152,Zavier Scott,,,,,0.0,,,,0,0,0,0,0,0.0,0.0,,,RB,2026,1,0.0,0.0,0.0,0.0,0.0,0.0,0.0,,
153,Jaleel McLaughlin,,,,,0.0,,,,0,0,0,0,0,0.0,0.0,,,RB,2026,1,0.0,0.0,0.0,0.0,0.0,0.0,0.0,,
154,Isaiah Davis,,,,,0.0,,,,0,0,0,0,1,0.0,0.0,,,RB,2026,1,0.0,0.0,0.0,0.0,0.0,0.0,0.0,,
155,Rasheen Ali,,,,,0.0,,,,0,0,0,0,1,0.0,0.0,,,RB,2026,1,0.0,0.0,0.0,0.0,0.0,0.0,0.0,,
156,Ollie Gordon II,,,,,0.0,,,,0,0,0,0,1,0.0,0.0,,,RB,2026,1,0.0,0.0,0.0,0.0,0.0,0.0,0.0,,
157,Dylan Laube,,,,,0.0,,,,0,0,0,0,1,0.0,0.0,,,RB,2026,1,0.0,0.0,0.0,0.0,0.0,0.0,0.0,,
158,Tahj Brooks,,,,,0.0,,,,0,0,0,0,1,0.0,0.0,,,RB,2026,1,0.0,0.0,0.0,0.0,0.0,0.0,0.0,,
159,Cody Schrader,,,,,0.0,,,,0,0,0,0,0,0.0,0.0,,,RB,2026,1,0.0,0.0,0.0,0.0,0.0,0.0,0.0,,
160,Jawhar Jordan,,,,,0.0,,,,0,0,0,0,0,0.0,0.0,,,RB,2026,1,0.0,0.0,0.0,0.0,0.0,0.0,0.0,,
161,Kimani Vidal,,,,,0.0,,,,0,0,0,0,1,0.0,0.0,,,RB,2026,1,0.0,0.0,0.0,0.0,0.0,0.0,0.0,,
162,Carson Steele,,,,,0.0,,,,0,0,0,0,0,0.0,0.0,,,RB,2026,1,0.0,0.0,0.0,0.0,0.0,0.0,0.0,,
163,Isaac Guerendo,,,,,0.0,,,,0,0,0,0,0,0.0,0.0,,,RB,2026,1,0.0,0.0,0.0,0.0,0.0,0.0,0.0,,
164,Jordan Waters,,,,,0.0,,,,0,0,0,0,0,0.0,0.0,,,RB,2026,1,0.0,0.0,0.0,0.0,0.0,0.0,0.0,,
165,Jack Westover,,,,,0.0,,,,0,0,0,0,0,0.0,0.0,,,RB,2026,1,0.0,0.0,0.0,0.0,0.0,0.0,0.0,,
166,Chris Collier,,,,,0.0,,,,0,0,0,0,0,0.0,0.0,,,RB,2026,1,0.0,0.0,0.0,0.0,0.0,0.0,0.0,,
167,British Brooks,,,,,0.0,,,,0,0,0,0,1,0.0,0.0,,,RB,2026,1,0.0,0.0,0.0,0.0,0.0,0.0,0.0,,
168,Kalel Mullings,,,,,0.0,,,,0,0,0,0,0,0.0,0.0,,,RB,2026,1,0.0,0.0,0.0,0.0,0.0,0.0,0.0,,
169,DJ Giddens,,,,,0.0,,,,0,0,0,0,0,0.0,0.0,,,RB,2026,1,0.0,0.0,0.0,0.0,0.0,0.0,0.0,,
170,Dylan Sampson,,,,,0.0,,,,0,0,0,0,1,0.0,0.0,,,RB,2026,1,0.0,0.0,0.0,0.0,0.0,0.0,0.0,,
171,Kaleb Johnson,,,,,0.0,,,,0,0,0,0,1,0.0,0.0,,,RB,2026,1,0.0,0.0,0.0,0.0,0.0,0.0,0.0,,
172,Brashard Smith,,,,,0.0,,,,0,0,0,0,1,0.0,0.0,,,RB,2026,1,0.0,0.0,0.0,0.0,0.0,0.0,0.0,,
173,LeQuint Allen Jr.,,,,,0.0,,,,0,0,0,0,1,0.0,0.0,,,RB,2026,1,0.0,0.0,0.0,0.0,0.0,0.0,0.0,,
174,Jordan James,,,,,0.0,,,,0,0,0,0,0,0.0,0.0,,,RB,2026,1,0.0,0.0,0.0,0.0,0.0,0.0,0.0,,
175,Jonah Coleman,,,,,0.0,,,,0,0,0,0,1,0.0,0.0,,,RB,2026,1,0.0,0.0,0.0,0.0,0.0,0.0,0.0,,
176,Josh Williams,,,,,0.0,,,,0,0,0,0,1,0.0,0.0,,,RB,2026,1,0.0,0.0,0.0,0.0,0.0,0.0,0.0,,
177,Robbie Ouzts,,,,,0.0,,,,0,0,0,0,0,0.0,0.0,,,RB,2026,1,0.0,0.0,0.0,0.0,0.0,0.0,0.0,,
178,Ahmani Marshall,,,,,0.0,,,,0,0,0,0,0,0.0,0.0,,,RB,2026,1,0.0,0.0,0.0,0.0,0.0,0.0,0.0,,
179,Nate Carter,,,,,0.0,,,,0,0,0,0,0,0.0,0.0,,,RB,2026,1,0.0,0.0,0.0,0.0,0.0,0.0,0.0,,
180,Amar Johnson,,,,,0.0,,,,0,0,0,0,0,0.0,0.0,,,RB,2026,1,0.0,0.0,0.0,0.0,0.0,0.0,0.0,,
181,Anthony Tyus III,,,,,0.0,,,,0,0,0,0,0,0.0,0.0,,,RB,2026,1,0.0,0.0,0.0,0.0,0.0,0.0,0.0,,
182,Brock Lampe,,,,,0.0,,,,0,0,0,0,0,0.0,0.0,,,RB,2026,1,0.0,0.0,0.0,0.0,0.0,0.0,0.0,,
183,Jacardia Wright,,,,,0.0,,,,0,0,0,0,0,0.0,0.0,,,RB,2026,1,0.0,0.0,0.0,0.0,0.0,0.0,0.0,,
184,Max Hurleman,,,,,0.0,,,,0,0,0,0,0,0.0,0.0,,,RB,2026,1,0.0,0.0,0.0,0.0,0.0,0.0,0.0,,
185,Demond Claiborne,,,,,0.0,,,,0,0,0,0,0,0.0,0.0,,,RB,2026,1,0.0,0.0,0.0,0.0,0.0,0.0,0.0,,
186,J'Mari Taylor,,,,,0.0,,,,0,0,0,0,0,0.0,0.0,,,RB,2026,1,0.0,0.0,0.0,0.0,0.0,0.0,0.0,,
187,Dean Connors,,,,,0.0,,,,0,0,0,0,0,0.0,0.0,,,RB,2026,1,0.0,0.0,0.0,0.0,0.0,0.0,0.0,,
188,Chip Trayanum,,,,,0.0,,,,0,0,0,0,0,0.0,0.0,,,RB,2026,1,0.0,0.0,0.0,0.0,0.0,0.0,0.0,,
189,Noah Whittington,,,,,0.0,,,,0,0,0,0,0,0.0,0.0,,,RB,2026,1,0.0,0.0,0.0,0.0,0.0,0.0,0.0,,
190,Al-Jay Henderson,,,,,0.0,,,,0,0,0,0,0,0.0,0.0,,,RB,2026,1,0.0,0.0,0.0,0.0,0.0,0.0,0.0,,
191,Davon Booth,,,,,0.0,,,,0,0,0,0,0,0.0,0.0,,,RB,2026,1,0.0,0.0,0.0,0.0,0.0,0.0,0.0,,
192,Kentrel Bullock,,,,,0.0,,,,0,0,0,0,0,0.0,0.0,,,RB,2026,1,0.0,0.0,0.0,0.0,0.0,0.0,0.0,,
193,Cash Jones,,,,,0.0,,,,0,0,0,0,0,0.0,0.0,,,RB,2026,1,0.0,0.0,0.0,0.0,0.0,0.0,0.0,,
194,Eli Heidenreich,,,,,0.0,,,,0,0,0,0,1,0.0,0.0,,,RB,2026,1,0.0,0.0,0.0,0.0,0.0,0.0,0.0,,
195,Robert Henry Jr.,,,,,0.0,,,,0,0,0,0,0,0.0,0.0,,,RB,2026,1,0.0,0.0,0.0,0.0,0.0,0.0,0.0,,
196,Max Bredeson,,,,,0.0,,,,0,0,0,0,1,0.0,0.0,,,RB,2026,1,0.0,0.0,0.0,0.0,0.0,0.0,0.0,,
197,Riley Nowakowski,,,,,0.0,,,,0,0,0,0,1,0.0,0.0,,,RB,2026,1,0.0,0.0,0.0,0.0,0.0,0.0,0.0,,
198,Myles Montgomery,,,,,0.0,,,,0,0,0,0,0,0.0,0.0,,,RB,2026,1,0.0,0.0,0.0,0.0,0.0,0.0,0.0,,
199,Gregory Desrosiers,,,,,0.0,,,,0,0,0,0,0,0.0,0.0,,,RB,2026,1,0.0,0.0,0.0,0.0,0.0,0.0,0.0,,
200,Damon Bankston,,,,,0.0,,,,0,0,0,0,0,0.0,0.0,,,RB,2026,1,0.0,0.0,0.0,0.0,0.0,0.0,0.0,,
201,DJ Herman,,,,,0.0,,,,0,0,0,0,1,0.0,0.0,,,RB,2026,1,0.0,0.0,0.0,0.0,0.0,0.0,0.0,,
202,Anderson Castle,,,,,0.0,,,,0,0,0,0,0,0.0,0.0,,,RB,2026,1,0.0,0.0,0.0,0.0,0.0,0.0,0.0,,
203,Grant Finley,,,,,0.0,,,,0,0,0,0,0,0.0,0.0,,,RB,2026,1,0.0,0.0,0.0,0.0,0.0,0.0,0.0,,
204,Jaylen Wright,,,,,-1.0,,,,1,-1,0,0,1,-0.1,-0.1,,,RB,2026,1,0.0,0.0,0.0,0.0,0.0,0.0,0.0,,
205,Tyrone Tracy Jr.,,,,,7.0,,,,2,14,0,1,1,-0.6,-0.6,,,RB,2026,1,8.0,0.0,0.0,0.0,0.0,0.0,0.0,,
1,Christian Watson,,,,,,,,,0,0,0,0,1,26.7,26.7,,,WR,2026,1,,2.0,,8.0,6.0,147.0,24.5,27.6,2.0
2,Jalen Coker,,,,,,,,,0,0,0,0,1,25.8,25.8,,,WR,2026,1,,2.0,,9.0,8.0,138.0,17.3,45.0,2.0
3,Justin Jefferson,,,,,,,,,0,0,0,0,1,23.2,23.2,,,WR,2026,1,,1.0,,9.0,8.0,92.0,11.5,75.0,2.0
4,Zay Flowers,,,,,,,,,0,0,0,0,1,21.0,21.0,,,WR,2026,1,,2.0,,6.0,5.0,150.0,30.0,42.9,1.0
5,Amon-Ra St. Brown,,,,,,,,,0,0,0,0,1,18.7,18.7,,,WR,2026,1,,0.0,,14.0,10.0,67.0,6.7,58.3,2.0
6,Chris Olave,,,,,,,,,0,0,0,0,1,18.2,18.2,,,WR,2026,1,,4.0,,13.0,10.0,182.0,18.2,50.0,0.0
7,Jaxon Smith-Njigba,,,,,,,,,0,0,0,0,1,18.2,18.2,,,WR,2026,1,,2.0,,11.0,8.0,122.0,15.3,64.7,1.0
8,DJ Moore,,,,,,,,,0,0,0,0,1,16.0,16.0,,,WR,2026,1,,1.0,,8.0,5.0,100.0,20.0,47.1,1.0
9,Parker Washington,,,,,,,,,0,0,0,0,1,14.3,14.3,,,WR,2026,1,,2.0,,6.0,5.0,83.0,16.6,42.9,1.0
10,Nico Collins,,,,,,,,,1,7,0,0,1,14.2,14.2,,,WR,2026,1,,1.0,,10.0,7.0,75.0,10.7,47.6,1.0
11,Ladd McConkey,,,,,,,,,0,0,0,0,1,14.2,14.2,,,WR,2026,1,,1.0,,7.0,5.0,82.0,16.4,35.0,1.0
12,Dontayvion Wicks,,,,,,,,,0,0,0,0,1,13.3,13.3,,,WR,2026,1,,1.0,,4.0,2.0,73.0,36.5,28.6,1.0
13,Devaughn Vele,,,,,,,,,0,0,0,0,1,12.9,12.9,,,WR,2026,1,,1.0,,9.0,7.0,69.0,9.9,34.6,1.0
14,Antonio Williams,,,,,,,,,0,0,0,0,1,12.4,12.4,,,WR,2026,1,,1.0,,4.0,4.0,64.0,16.0,20.0,1.0
15,Deebo Samuel Sr.,,,,,,,,,1,12,0,0,1,12.0,12.0,,,WR,2026,1,,0.0,,7.0,6.0,48.0,8.0,41.2,1.0
16,Denzel Boston,,,,,,,,,0,0,0,0,1,11.9,11.9,,,WR,2026,1,,1.0,,4.0,2.0,59.0,29.5,30.8,1.0
17,Stefon Diggs,,,,,,,,,0,0,0,0,1,11.5,11.5,,,WR,2026,1,,0.0,,9.0,4.0,55.0,13.8,45.0,1.0
18,Demarcus Robinson,,,,,,,,,0,0,0,0,1,11.0,11.0,,,WR,2026,1,,1.0,,3.0,2.0,50.0,25.0,17.6,1.0
19,Mike Evans,,,,,,,,,0,0,0,0,1,10.9,10.9,,,WR,2026,1,,0.0,,7.0,6.0,49.0,8.2,41.2,1.0
20,CeeDee Lamb,,,,,,,,,1,0,0,0,1,10.4,10.4,,,WR,2026,1,,0.0,,8.0,5.0,44.0,8.8,40.0,1.0
21,Jakobi Meyers,,,,,,,,,1,2,0,0,1,10.2,10.2,,,WR,2026,1,,1.0,,2.0,2.0,40.0,20.0,14.3,1.0
22,Matthew Golden,,,,,,,,,0,0,0,0,1,9.5,9.5,,,WR,2026,1,,2.0,,12.0,6.0,95.0,15.8,41.4,0.0
23,Joshua Palmer,,,,,,,,,0,0,0,0,1,9.4,9.4,,,WR,2026,1,,1.0,,2.0,1.0,34.0,34.0,11.8,1.0
24,Caleb Douglas,,,,,,,,,0,0,0,0,1,9.4,9.4,,,WR,2026,1,,2.0,,7.0,5.0,94.0,18.8,41.2,0.0
25,Kalif Raymond,,,,,,,,,0,0,0,0,1,8.4,8.4,,,WR,2026,1,,1.0,,9.0,8.0,84.0,10.5,50.0,0.0
26,Jack Bech,,,,,,,,,0,0,0,0,1,8.3,8.3,,,WR,2026,1,,0.0,,4.0,3.0,23.0,7.7,25.0,1.0
27,Josh Cameron,,,,,,,,,0,0,0,0,1,8.0,8.0,,,WR,2026,1,,0.0,,2.0,2.0,20.0,10.0,14.3,1.0
28,Garrett Wilson,,,,,,,,,0,0,0,0,1,7.9,7.9,,,WR,2026,1,,2.0,,7.0,6.0,79.0,13.2,53.8,0.0
29,Rashee Rice,,,,,,,,,0,0,0,0,1,7.9,7.9,,,WR,2026,1,,0.0,,2.0,2.0,19.0,9.5,20.0,1.0
30,Kendrick Bourne,,,,,,,,,0,0,0,0,1,7.5,7.5,,,WR,2026,1,,0.0,,8.0,8.0,75.0,9.4,44.4,0.0
31,Puka Nacua,,,,,,,,,0,0,0,0,1,7.4,7.4,,,WR,2026,1,,2.0,,9.0,5.0,74.0,14.8,52.9,0.0
32,Elic Ayomanor,,,,,,,,,0,0,0,0,1,7.1,7.1,,,WR,2026,1,,0.0,,3.0,1.0,11.0,11.0,18.8,1.0
33,Malik Nabers,,,,,,,,,0,0,0,0,1,6.9,6.9,,,WR,2026,1,,0.0,,9.0,6.0,69.0,11.5,60.0,0.0
34,Emeka Egbuka,,,,,,,,,0,0,0,0,1,6.3,6.3,,,WR,2026,1,,0.0,,6.0,5.0,63.0,12.6,42.9,0.0
35,Alec Pierce,,,,,,,,,0,0,0,0,1,6.1,6.1,,,WR,2026,1,,1.0,,6.0,4.0,61.0,15.3,33.3,0.0
36,Jahdae Walker,,,,,,,,,0,0,0,0,1,6.1,6.1,,,WR,2026,1,,0.0,,1.0,1.0,1.0,1.0,5.6,1.0
37,Adonai Mitchell,,,,,,,,,0,0,0,0,1,6.0,6.0,,,WR,2026,1,,1.0,,3.0,3.0,60.0,20.0,23.1,0.0
38,Tee Higgins,,,,,,,,,0,0,0,0,1,5.9,5.9,,,WR,2026,1,,1.0,,6.0,3.0,59.0,19.7,42.9,0.0
39,Michael Pittman Jr.,,,,,,,,,0,0,0,0,1,5.8,5.8,,,WR,2026,1,,2.0,,3.0,3.0,58.0,19.3,15.8,0.0
40,Michael Wilson,,,,,,,,,0,0,0,0,1,5.6,5.6,,,WR,2026,1,,0.0,,7.0,5.0,56.0,11.2,38.9,0.0
41,Tetairoa McMillan,,,,,,,,,0,0,0,1,1,5.5,5.5,,,WR,2026,1,,1.0,,8.0,5.0,75.0,15.0,40.0,0.0
42,Chris Moore,,,,,,,,,0,0,0,0,1,5.3,5.3,,,WR,2026,1,,1.0,,2.0,1.0,53.0,53.0,14.3,0.0
43,DeVonta Smith,,,,,,,,,0,0,0,0,1,5.3,5.3,,,WR,2026,1,,1.0,,6.0,3.0,53.0,17.7,42.9,0.0
44,Jaylin Noel,,,,,,,,,0,0,0,0,1,5.3,5.3,,,WR,2026,1,,1.0,,2.0,2.0,53.0,26.5,9.5,0.0
45,Rome Odunze,,,,,,,,,0,0,0,0,1,5.2,5.2,,,WR,2026,1,,1.0,,3.0,2.0,52.0,26.0,16.7,0.0
46,Mack Hollins,,,,,,,,,0,0,0,0,1,5.1,5.1,,,WR,2026,1,,0.0,,5.0,4.0,51.0,12.8,26.3,0.0
47,Khalil Shakir,,,,,,,,,0,0,0,0,1,5.0,5.0,,,WR,2026,1,,0.0,,6.0,4.0,50.0,12.5,35.3,0.0
48,Jameson Williams,,,,,,,,,0,0,0,0,1,4.5,4.5,,,WR,2026,1,,1.0,,9.0,4.0,45.0,11.3,37.5,0.0
49,Luther Burden III,,,,,,,,,1,2,0,1,1,4.5,4.5,,,WR,2026,1,,1.0,,5.0,5.0,63.0,12.6,27.8,0.0
50,Chris Godwin Jr.,,,,,,,,,1,3,0,0,1,4.3,4.3,,,WR,2026,1,,1.0,,4.0,4.0,40.0,10.0,28.6,0.0
51,Pat Bryant,,,,,,,,,0,0,0,0,1,4.2,4.2,,,WR,2026,1,,0.0,,6.0,4.0,42.0,10.5,40.0,0.0
52,Bryce Lance,,,,,,,,,0,0,0,0,1,4.2,4.2,,,WR,2026,1,,0.0,,4.0,3.0,42.0,14.0,15.4,0.0
53,DK Metcalf,,,,,,,,,0,0,0,0,1,4.0,4.0,,,WR,2026,1,,0.0,,10.0,4.0,40.0,10.0,52.6,0.0
54,Brian Thomas Jr.,,,,,,,,,0,0,0,0,1,4.0,4.0,,,WR,2026,1,,0.0,,3.0,3.0,40.0,13.3,21.4,0.0
55,Wan'Dale Robinson,,,,,,,,,0,0,0,0,1,3.8,3.8,,,WR,2026,1,,0.0,,6.0,5.0,38.0,7.6,37.5,0.0
56,Carnell Tate,,,,,,,,,0,0,0,0,1,3.8,3.8,,,WR,2026,1,,0.0,,6.0,4.0,38.0,9.5,37.5,0.0
57,KC Concepcion Jr.,,,,,,,,,3,15,0,1,1,3.8,3.8,,,WR,2026,1,,1.0,,5.0,4.0,43.0,10.8,38.5,0.0
58,Josh Downs,,,,,,,,,0,0,0,0,1,3.7,3.7,,,WR,2026,1,,1.0,,4.0,2.0,37.0,18.5,22.2,0.0
59,Ted Hurst III,,,,,,,,,0,0,0,0,1,3.6,3.6,,,WR,2026,1,,0.0,,3.0,3.0,36.0,12.0,21.4,0.0
60,Cooper Kupp,,,,,,,,,0,0,0,0,1,3.5,3.5,,,WR,2026,1,,1.0,,3.0,2.0,35.0,17.5,17.6,0.0
61,Drake London,,,,,,,,,1,6,0,0,1,3.5,3.5,,,WR,2026,1,,1.0,,5.0,2.0,29.0,14.5,50.0,0.0
62,Marvin Harrison Jr.,,,,,,,,,0,0,0,0,1,3.3,3.3,,,WR,2026,1,,1.0,,3.0,1.0,33.0,33.0,16.7,0.0
63,Malik Washington,,,,,,,,,0,0,0,1,1,3.3,3.3,,,WR,2026,1,,2.0,,8.0,3.0,53.0,17.7,47.1,0.0
64,Keenan Allen,,,,,,,,,0,0,0,0,1,3.2,3.2,,,WR,2026,1,,0.0,,6.0,6.0,32.0,5.3,33.3,0.0
65,Xavier Hutchinson,,,,,,,,,0,0,0,0,1,3.2,3.2,,,WR,2026,1,,1.0,,6.0,3.0,32.0,10.7,28.6,0.0
66,Omar Cooper Jr.,,,,,,,,,0,0,0,0,1,3.0,3.0,,,WR,2026,1,,1.0,,1.0,1.0,30.0,30.0,7.7,0.0
67,George Pickens,,,,,,,,,0,0,0,0,1,2.8,2.8,,,WR,2026,1,,0.0,,6.0,3.0,28.0,9.3,30.0,0.0
68,Dohnte Meyers,,,,,,,,,1,10,0,0,1,2.8,2.8,,,WR,2026,1,,0.0,,1.0,1.0,18.0,18.0,7.1,0.0
69,Darnell Mooney,,,,,,,,,0,0,0,0,1,2.7,2.7,,,WR,2026,1,,0.0,,2.0,2.0,27.0,13.5,13.3,0.0
70,Jalen Nailor,,,,,,,,,0,0,0,0,1,2.7,2.7,,,WR,2026,1,,0.0,,5.0,3.0,27.0,9.0,31.3,0.0
71,Tre Tucker,,,,,,,,,0,0,0,0,1,2.7,2.7,,,WR,2026,1,,1.0,,4.0,2.0,27.0,13.5,25.0,0.0
72,Davante Adams,,,,,,,,,0,0,0,0,1,2.6,2.6,,,WR,2026,1,,0.0,,6.0,3.0,26.0,8.7,35.3,0.0
73,A.J. Brown,,,,,,,,,0,0,0,0,1,2.6,2.6,,,WR,2026,1,,0.0,,4.0,3.0,26.0,8.7,21.1,0.0
74,Jerry Jeudy,,,,,,,,,0,0,0,0,1,2.6,2.6,,,WR,2026,1,,1.0,,4.0,2.0,26.0,13.0,30.8,0.0
75,Roman Wilson,,,,,,,,,0,0,0,0,1,2.6,2.6,,,WR,2026,1,,1.0,,6.0,3.0,26.0,8.7,31.6,0.0
76,Chris Bell,,,,,,,,,0,0,0,0,1,2.5,2.5,,,WR,2026,1,,1.0,,2.0,1.0,25.0,25.0,11.8,0.0
77,Malachi Fields,,,,,,,,,0,0,0,0,1,2.5,2.5,,,WR,2026,1,,0.0,,4.0,2.0,25.0,12.5,26.7,0.0
78,Ryan Flournoy,,,,,,,,,0,0,0,0,1,2.2,2.2,,,WR,2026,1,,0.0,,4.0,2.0,22.0,11.0,20.0,0.0
79,Kayshon Boutte,,,,,,,,,0,0,0,0,1,2.1,2.1,,,WR,2026,1,,1.0,,2.0,1.0,21.0,21.0,9.5,0.0
80,Jayden Reed,,,,,,,,,0,0,0,0,1,2.0,2.0,,,WR,2026,1,,0.0,,7.0,3.0,20.0,6.7,24.1,0.0
81,DeMario Douglas,,,,,,,,,0,0,0,0,1,2.0,2.0,,,WR,2026,1,,0.0,,7.0,5.0,20.0,4.0,36.8,0.0
82,Tre' Harris,,,,,,,,,0,0,0,0,1,2.0,2.0,,,WR,2026,1,,0.0,,6.0,3.0,20.0,6.7,30.0,0.0
83,Jahan Dotson,,,,,,,,,0,0,0,0,1,1.9,1.9,,,WR,2026,1,,0.0,,4.0,1.0,19.0,19.0,40.0,0.0
84,Xavier Worthy,,,,,,,,,0,0,0,0,1,1.8,1.8,,,WR,2026,1,,0.0,,6.0,3.0,18.0,6.0,60.0,0.0
85,Quentin Johnston,,,,,,,,,0,0,0,0,1,1.7,1.7,,,WR,2026,1,,0.0,,6.0,2.0,17.0,8.5,30.0,0.0
86,LaJohntay Wester,,,,,,,,,0,0,0,0,1,1.5,1.5,,,WR,2026,1,,0.0,,2.0,2.0,15.0,7.5,14.3,0.0
87,Terry McLaurin,,,,,,,,,0,0,0,0,1,1.4,1.4,,,WR,2026,1,,0.0,,4.0,2.0,14.0,7.0,20.0,0.0
88,Ja'Marr Chase,,,,,,,,,0,0,0,0,1,1.2,1.2,,,WR,2026,1,,0.0,,4.0,2.0,12.0,6.0,28.6,0.0
89,Andrei Iosivas,,,,,,,,,0,0,0,0,1,1.2,1.2,,,WR,2026,1,,0.0,,3.0,2.0,12.0,6.0,21.4,0.0
90,Jared Wayne,,,,,,,,,0,0,0,0,1,1.2,1.2,,,WR,2026,1,,0.0,,1.0,1.0,12.0,12.0,4.8,0.0
91,Courtland Sutton,,,,,,,,,0,0,0,0,1,1.1,1.1,,,WR,2026,1,,0.0,,5.0,2.0,11.0,5.5,33.3,0.0
93,Ja'Kobi Lane,,,,,,,,,0,0,0,0,1,1.1,1.1,,,WR,2026,1,,0.0,,3.0,1.0,11.0,11.0,21.4,0.0
94,Jonathan Mingo,,,,,,,,,0,0,0,0,1,1.0,1.0,,,WR,2026,1,,0.0,,1.0,1.0,10.0,10.0,5.0,0.0
95,Bo Melton,,,,,,,,,0,0,0,0,1,1.0,1.0,,,WR,2026,1,,0.0,,1.0,1.0,10.0,10.0,3.4,0.0
96,KaVontae Turpin,,,,,,,,,0,0,0,0,1,0.8,0.8,,,WR,2026,1,,0.0,,1.0,1.0,8.0,8.0,5.0,0.0
97,Jordan Whittington,,,,,,,,,0,0,0,0,1,0.8,0.8,,,WR,2026,1,,0.0,,1.0,1.0,8.0,8.0,5.9,0.0
98,Isaiah Williams,,,,,,,,,0,0,0,0,1,0.7,0.7,,,WR,2026,1,,0.0,,1.0,1.0,7.0,7.0,7.7,0.0
99,Olamide Zaccheaus,,,,,,,,,0,0,0,0,1,0.5,0.5,,,WR,2026,1,,0.0,,1.0,1.0,5.0,5.0,10.0,0.0
100,Troy Franklin,,,,,,,,,1,5,0,0,1,0.5,0.5,,,WR,2026,1,,0.0,,1.0,0.0,0.0,0.0,6.7,0.0
101,Rashid Shaheed,,,,,,,,,0,0,0,0,1,0.4,0.4,,,WR,2026,1,,0.0,,3.0,1.0,4.0,4.0,17.6,0.0
102,Jaylin Lane,,,,,,,,,0,0,0,0,1,0.4,0.4,,,WR,2026,1,,0.0,,1.0,1.0,4.0,4.0,5.0,0.0
103,Barion Brown,,,,,,,,,1,3,0,0,1,0.3,0.3,,,WR,2026,1,,0.0,,0.0,0.0,0.0,0.0,0.0,0.0
104,Jaylen Waddle,,,,,,,,,0,0,0,0,1,0.2,0.2,,,WR,2026,1,,0.0,,3.0,1.0,2.0,2.0,20.0,0.0
105,Keon Coleman,,,,,,,,,0,0,0,0,1,0.1,0.1,,,WR,2026,1,,0.0,,1.0,1.0,1.0,1.0,5.9,0.0
106,Bobby Wade,,,,,,,,,0,0,0,0,0,0.0,0.0,,,WR,2026,1,,0.0,,0.0,0.0,0.0,0.0,0.0,0.0
107,Chris Henry,,,,,,,,,0,0,0,0,0,0.0,0.0,,,WR,2026,1,,0.0,,0.0,0.0,0.0,0.0,0.0,0.0
108,Mike Furrey,,,,,,,,,0,0,0,0,0,0.0,0.0,,,WR,2026,1,,0.0,,0.0,0.0,0.0,0.0,0.0,0.0
109,Sam Giguere,,,,,,,,,0,0,0,0,0,0.0,0.0,,,WR,2026,1,,0.0,,0.0,0.0,0.0,0.0,0.0,0.0
110,Demario Ballard,,,,,,,,,0,0,0,0,0,0.0,0.0,,,WR,2026,1,,0.0,,0.0,0.0,0.0,0.0,0.0,0.0
111,Patrick Edwards,,,,,,,,,0,0,0,0,0,0.0,0.0,,,WR,2026,1,,0.0,,0.0,0.0,0.0,0.0,0.0,0.0
112,DeAndre Hopkins,,,,,,,,,0,0,0,0,0,0.0,0.0,,,WR,2026,1,,0.0,,0.0,0.0,0.0,0.0,0.0,0.0
113,Odell Beckham Jr.,,,,,,,,,0,0,0,0,1,0.0,0.0,,,WR,2026,1,,0.0,,0.0,0.0,0.0,0.0,0.0,0.0
114,Tyler Lockett,,,,,,,,,0,0,0,0,0,0.0,0.0,,,WR,2026,1,,0.0,,0.0,0.0,0.0,0.0,0.0,0.0
115,Laquon Treadwell,,,,,,,,,0,0,0,0,1,0.0,0.0,,,WR,2026,1,,0.0,,1.0,0.0,0.0,0.0,5.6,0.0
116,Sterling Shepard,,,,,,,,,0,0,0,0,0,0.0,0.0,,,WR,2026,1,,0.0,,0.0,0.0,0.0,0.0,0.0,0.0
117,Tim Patrick,,,,,,,,,0,0,0,0,0,0.0,0.0,,,WR,2026,1,,0.0,,0.0,0.0,0.0,0.0,0.0,0.0
118,David Moore,,,,,,,,,0,0,0,0,0,0.0,0.0,,,WR,2026,1,,0.0,,0.0,0.0,0.0,0.0,0.0,0.0
119,Calvin Ridley,,,,,,,,,0,0,0,0,1,0.0,0.0,,,WR,2026,1,,0.0,,0.0,0.0,0.0,0.0,0.0,0.0
120,Christian Kirk,,,,,,,,,0,0,0,0,0,0.0,0.0,,,WR,2026,1,,0.0,,0.0,0.0,0.0,0.0,0.0,0.0
121,Braxton Berrios,,,,,,,,,0,0,0,0,1,0.0,0.0,,,WR,2026,1,,0.0,,0.0,0.0,0.0,0.0,0.0,0.0
122,Marquez Valdes-Scantling,,,,,,,,,0,0,0,0,0,0.0,0.0,,,WR,2026,1,,0.0,,0.0,0.0,0.0,0.0,0.0,0.0
123,Trent Sherfield Sr.,,,,,,,,,0,0,0,0,0,0.0,0.0,,,WR,2026,1,,0.0,,0.0,0.0,0.0,0.0,0.0,0.0
124,KhaDarel Hodge,,,,,,,,,0,0,0,0,1,0.0,0.0,,,WR,2026,1,,0.0,,0.0,0.0,0.0,0.0,0.0,0.0
125,Hollywood Brown,,,,,,,,,0,0,0,0,0,0.0,0.0,,,WR,2026,1,,0.0,,0.0,0.0,0.0,0.0,0.0,0.0
126,Gary Jennings Jr.,,,,,,,,,0,0,0,0,0,0.0,0.0,,,WR,2026,1,,0.0,,0.0,0.0,0.0,0.0,0.0,0.0
127,David Sills V,,,,,,,,,0,0,0,0,0,0.0,0.0,,,WR,2026,1,,0.0,,0.0,0.0,0.0,0.0,0.0,0.0
128,Greg Dortch,,,,,,,,,0,0,0,0,1,0.0,0.0,,,WR,2026,1,,0.0,,0.0,0.0,0.0,0.0,0.0,0.0
129,Lil'Jordan Humphrey,,,,,,,,,0,0,0,0,0,0.0,0.0,,,WR,2026,1,,0.0,,0.0,0.0,0.0,0.0,0.0,0.0
130,Tyler Johnson,,,,,,,,,0,0,0,0,0,0.0,0.0,,,WR,2026,1,,0.0,,0.0,0.0,0.0,0.0,0.0,0.0
131,Ashton Dulin,,,,,,,,,0,0,0,0,1,0.0,0.0,,,WR,2026,1,,0.0,,1.0,0.0,0.0,0.0,5.6,0.0
132,Scotty Miller,,,,,,,,,0,0,0,0,0,0.0,0.0,,,WR,2026,1,,0.0,,0.0,0.0,0.0,0.0,0.0,0.0
133,Alex Bachman,,,,,,,,,0,0,0,0,0,0.0,0.0,,,WR,2026,1,,0.0,,0.0,0.0,0.0,0.0,0.0,0.0
134,D.J. Montgomery,,,,,,,,,0,0,0,0,0,0.0,0.0,,,WR,2026,1,,0.0,,0.0,0.0,0.0,0.0,0.0,0.0
135,Tom Kennedy,,,,,,,,,0,0,0,0,1,0.0,0.0,,,WR,2026,1,,0.0,,0.0,0.0,0.0,0.0,0.0,0.0
136,Gunner Olszewski,,,,,,,,,0,0,0,0,0,0.0,0.0,,,WR,2026,1,,0.0,,0.0,0.0,0.0,0.0,0.0,0.0
137,Jalen Reagor,,,,,,,,,0,0,0,0,0,0.0,0.0,,,WR,2026,1,,0.0,,0.0,0.0,0.0,0.0,0.0,0.0
138,Brandon Aiyuk,,,,,,,,,0,0,0,0,0,0.0,0.0,,,WR,2026,1,,0.0,,0.0,0.0,0.0,0.0,0.0,0.0
139,Devin Duvernay,,,,,,,,,0,0,0,0,1,0.0,0.0,,,WR,2026,1,,0.0,,0.0,0.0,0.0,0.0,0.0,0.0
140,Van Jefferson,,,,,,,,,0,0,0,0,0,0.0,0.0,,,WR,2026,1,,0.0,,0.0,0.0,0.0,0.0,0.0,0.0
141,Jauan Jennings,,,,,,,,,0,0,0,0,1,0.0,0.0,,,WR,2026,1,,0.0,,1.0,0.0,0.0,0.0,8.3,0.0
142,K.J. Osborn,,,,,,,,,0,0,0,0,0,0.0,0.0,,,WR,2026,1,,0.0,,0.0,0.0,0.0,0.0,0.0,0.0
143,Cody White,,,,,,,,,0,0,0,0,1,0.0,0.0,,,WR,2026,1,,0.0,,1.0,0.0,0.0,0.0,6.3,0.0
144,Nick Westbrook-Ikhine,,,,,,,,,0,0,0,0,0,0.0,0.0,,,WR,2026,1,,0.0,,0.0,0.0,0.0,0.0,0.0,0.0
145,Rashod Bateman,,,,,,,,,0,0,0,0,1,0.0,0.0,,,WR,2026,1,,0.0,,1.0,0.0,0.0,0.0,7.1,0.0
146,Tylan Wallace,,,,,,,,,0,0,0,0,1,0.0,0.0,,,WR,2026,1,,0.0,,0.0,0.0,0.0,0.0,0.0,0.0
147,Dyami Brown,,,,,,,,,0,0,0,0,1,0.0,0.0,,,WR,2026,1,,0.0,,2.0,0.0,0.0,0.0,10.0,0.0
148,Elijah Moore,,,,,,,,,0,0,0,0,0,0.0,0.0,,,WR,2026,1,,0.0,,0.0,0.0,0.0,0.0,0.0,0.0
149,Seth Williams,,,,,,,,,0,0,0,0,0,0.0,0.0,,,WR,2026,1,,0.0,,0.0,0.0,0.0,0.0,0.0,0.0
150,Tutu Atwell,,,,,,,,,0,0,0,0,0,0.0,0.0,,,WR,2026,1,,0.0,,0.0,0.0,0.0,0.0,0.0,0.0
151,Chris Blair,,,,,,,,,0,0,0,0,1,0.0,0.0,,,WR,2026,1,,0.0,,0.0,0.0,0.0,0.0,0.0,0.0
152,Ben Skowronek,,,,,,,,,0,0,0,0,1,0.0,0.0,,,WR,2026,1,,0.0,,0.0,0.0,0.0,0.0,0.0,0.0
153,John Metchie III,,,,,,,,,0,0,0,0,0,0.0,0.0,,,WR,2026,1,,0.0,,0.0,0.0,0.0,0.0,0.0,0.0
154,Treylon Burks,,,,,,,,,0,0,0,0,0,0.0,0.0,,,WR,2026,1,,0.0,,0.0,0.0,0.0,0.0,0.0,0.0
155,Tyquan Thornton,,,,,,,,,0,0,0,0,1,0.0,0.0,,,WR,2026,1,,0.0,,1.0,0.0,0.0,0.0,10.0,0.0
156,Beaux Collins,,,,,,,,,0,0,0,0,0,0.0,0.0,,,WR,2026,1,,0.0,,0.0,0.0,0.0,0.0,0.0,0.0
157,Arian Smith,,,,,,,,,0,0,0,0,1,0.0,0.0,,,WR,2026,1,,0.0,,1.0,0.0,0.0,0.0,7.7,0.0
158,Ronnie Bell,,,,,,,,,0,0,0,0,0,0.0,0.0,,,WR,2026,1,,0.0,,0.0,0.0,0.0,0.0,0.0,0.0
159,Kevin Austin Jr.,,,,,,,,,0,0,0,0,1,0.0,0.0,,,WR,2026,1,,0.0,,0.0,0.0,0.0,0.0,0.0,0.0
160,Chris Tyree,,,,,,,,,0,0,0,0,0,0.0,0.0,,,WR,2026,1,,0.0,,0.0,0.0,0.0,0.0,0.0,0.0
161,Marvin Mims Jr.,,,,,,,,,0,0,0,0,1,0.0,0.0,,,WR,2026,1,,0.0,,0.0,0.0,0.0,0.0,0.0,0.0
162,Jordan Addison,,,,,,,,,0,0,0,0,1,0.0,0.0,,,WR,2026,1,,0.0,,2.0,0.0,0.0,0.0,16.7,0.0
163,Jalen McMillan,,,,,,,,,0,0,0,0,0,0.0,0.0,,,WR,2026,1,,0.0,,0.0,0.0,0.0,0.0,0.0,0.0
164,Simi Fehoko,,,,,,,,,0,0,0,0,1,0.0,0.0,,,WR,2026,1,,0.0,,0.0,0.0,0.0,0.0,0.0,0.0
165,Austin Trammell,,,,,,,,,0,0,0,0,0,0.0,0.0,,,WR,2026,1,,0.0,,0.0,0.0,0.0,0.0,0.0,0.0
166,Brandon Smith,,,,,,,,,0,0,0,0,0,0.0,0.0,,,WR,2026,1,,0.0,,0.0,0.0,0.0,0.0,0.0,0.0
167,Tim Jones,,,,,,,,,0,0,0,0,0,0.0,0.0,,,WR,2026,1,,0.0,,0.0,0.0,0.0,0.0,0.0,0.0
168,Michael Bandy,,,,,,,,,0,0,0,0,0,0.0,0.0,,,WR,2026,1,,0.0,,0.0,0.0,0.0,0.0,0.0,0.0
169,Calvin Austin III,,,,,,,,,0,0,0,0,0,0.0,0.0,,,WR,2026,1,,0.0,,0.0,0.0,0.0,0.0,0.0,0.0
170,Jalen Tolbert,,,,,,,,,0,0,0,0,0,0.0,0.0,,,WR,2026,1,,0.0,,0.0,0.0,0.0,0.0,0.0,0.0
171,Romeo Doubs,,,,,,,,,0,0,0,0,1,0.0,0.0,,,WR,2026,1,,0.0,,3.0,0.0,0.0,0.0,15.8,0.0
172,Skyy Moore,,,,,,,,,0,0,0,0,1,0.0,0.0,,,WR,2026,1,,0.0,,1.0,0.0,0.0,0.0,3.4,0.0
173,Tay Martin,,,,,,,,,0,0,0,0,1,0.0,0.0,,,WR,2026,1,,0.0,,0.0,0.0,0.0,0.0,0.0,0.0
174,Justin Shorter,,,,,,,,,0,0,0,0,0,0.0,0.0,,,WR,2026,1,,0.0,,0.0,0.0,0.0,0.0,0.0,0.0
175,Deven Thompkins,,,,,,,,,0,0,0,0,0,0.0,0.0,,,WR,2026,1,,0.0,,0.0,0.0,0.0,0.0,0.0,0.0
176,Danny Gray,,,,,,,,,0,0,0,0,0,0.0,0.0,,,WR,2026,1,,0.0,,0.0,0.0,0.0,0.0,0.0,0.0
177,Velus Jones Jr.,,,,,,,,,0,0,0,0,1,0.0,0.0,,,WR,2026,1,,0.0,,0.0,0.0,0.0,0.0,0.0,0.0
178,Brandon Johnson,,,,,,,,,0,0,0,0,0,0.0,0.0,,,WR,2026,1,,0.0,,0.0,0.0,0.0,0.0,0.0,0.0
179,Britain Covey,,,,,,,,,0,0,0,0,1,0.0,0.0,,,WR,2026,1,,0.0,,0.0,0.0,0.0,0.0,0.0,0.0
180,CJ Williams,,,,,,,,,0,0,0,0,1,0.0,0.0,,,WR,2026,1,,0.0,,0.0,0.0,0.0,0.0,0.0,0.0
181,Mitchell Tinsley,,,,,,,,,0,0,0,0,0,0.0,0.0,,,WR,2026,1,,0.0,,0.0,0.0,0.0,0.0,0.0,0.0
182,Isaiah Bond,,,,,,,,,0,0,0,0,1,0.0,0.0,,,WR,2026,1,,0.0,,0.0,0.0,0.0,0.0,0.0,0.0
183,KeAndre Lambert-Smith,,,,,,,,,0,0,0,0,1,0.0,0.0,,,WR,2026,1,,0.0,,0.0,0.0,0.0,0.0,0.0,0.0
184,Emmanuel Henderson Jr.,,,,,,,,,0,0,0,0,0,0.0,0.0,,,WR,2026,1,,0.0,,0.0,0.0,0.0,0.0,0.0,0.0
185,Dareke Young,,,,,,,,,0,0,0,0,1,0.0,0.0,,,WR,2026,1,,0.0,,0.0,0.0,0.0,0.0,0.0,0.0
186,Kaden Davis,,,,,,,,,0,0,0,0,1,0.0,0.0,,,WR,2026,1,,0.0,,0.0,0.0,0.0,0.0,0.0,0.0
187,Irv Charles,,,,,,,,,0,0,0,0,0,0.0,0.0,,,WR,2026,1,,0.0,,0.0,0.0,0.0,0.0,0.0,0.0
188,Jalin Hyatt,,,,,,,,,0,0,0,0,0,0.0,0.0,,,WR,2026,1,,0.0,,0.0,0.0,0.0,0.0,0.0,0.0
189,Cedric Tillman,,,,,,,,,0,0,0,0,0,0.0,0.0,,,WR,2026,1,,0.0,,0.0,0.0,0.0,0.0,0.0,0.0
190,Jacob Cowing,,,,,,,,,0,0,0,0,1,0.0,0.0,,,WR,2026,1,,0.0,,0.0,0.0,0.0,0.0,0.0,0.0
191,Johnny Wilson,,,,,,,,,0,0,0,0,0,0.0,0.0,,,WR,2026,1,,0.0,,0.0,0.0,0.0,0.0,0.0,0.0
192,Trey Palmer,,,,,,,,,0,0,0,0,0,0.0,0.0,,,WR,2026,1,,0.0,,0.0,0.0,0.0,0.0,0.0,0.0
193,Derius Davis,,,,,,,,,0,0,0,0,1,0.0,0.0,,,WR,2026,1,,0.0,,1.0,0.0,0.0,0.0,5.0,0.0
194,Charlie Jones,,,,,,,,,0,0,0,0,0,0.0,0.0,,,WR,2026,1,,0.0,,0.0,0.0,0.0,0.0,0.0,0.0
195,Jake Bobo,,,,,,,,,0,0,0,0,0,0.0,0.0,,,WR,2026,1,,0.0,,0.0,0.0,0.0,0.0,0.0,0.0
196,Jalen Moreno-Cropper,,,,,,,,,0,0,0,0,0,0.0,0.0,,,WR,2026,1,,0.0,,0.0,0.0,0.0,0.0,0.0,0.0
197,Tank Dell,,,,,,,,,0,0,0,0,0,0.0,0.0,,,WR,2026,1,,0.0,,0.0,0.0,0.0,0.0,0.0,0.0
198,Zachariah Branch,,,,,,,,,0,0,0,0,1,0.0,0.0,,,WR,2026,1,,0.0,,0.0,0.0,0.0,0.0,0.0,0.0
199,Jalen Brooks,,,,,,,,,0,0,0,0,1,0.0,0.0,,,WR,2026,1,,0.0,,0.0,0.0,0.0,0.0,0.0,0.0
200,Xavier Smith,,,,,,,,,0,0,0,0,1,0.0,0.0,,,WR,2026,1,,0.0,,0.0,0.0,0.0,0.0,0.0,0.0
201,Brycen Tremayne,,,,,,,,,0,0,0,0,1,0.0,0.0,,,WR,2026,1,,0.0,,0.0,0.0,0.0,0.0,0.0,0.0
202,Xavier Gipson,,,,,,,,,0,0,0,0,0,0.0,0.0,,,WR,2026,1,,0.0,,0.0,0.0,0.0,0.0,0.0,0.0
203,Nikko Remigio,,,,,,,,,0,0,0,0,1,0.0,0.0,,,WR,2026,1,,0.0,,0.0,0.0,0.0,0.0,0.0,0.0
204,Tyrell Shavers,,,,,,,,,0,0,0,0,0,0.0,0.0,,,WR,2026,1,,0.0,,0.0,0.0,0.0,0.0,0.0,0.0
205,Ryan Miller,,,,,,,,,0,0,0,0,1,0.0,0.0,,,WR,2026,1,,0.0,,0.0,0.0,0.0,0.0,0.0,0.0
206,Dylan Drummond,,,,,,,,,0,0,0,0,0,0.0,0.0,,,WR,2026,1,,0.0,,0.0,0.0,0.0,0.0,0.0,0.0
207,Lucky Jackson,,,,,,,,,0,0,0,0,0,0.0,0.0,,,WR,2026,1,,0.0,,0.0,0.0,0.0,0.0,0.0,0.0
208,Devontez Walker,,,,,,,,,0,0,0,0,0,0.0,0.0,,,WR,2026,1,,0.0,,0.0,0.0,0.0,0.0,0.0,0.0
209,Dominic Lovett,,,,,,,,,0,0,0,0,0,0.0,0.0,,,WR,2026,1,,0.0,,0.0,0.0,0.0,0.0,0.0,0.0
210,Dane Key,,,,,,,,,0,0,0,0,0,0.0,0.0,,,WR,2026,1,,0.0,,0.0,0.0,0.0,0.0,0.0,0.0
211,Isaiah Neyor,,,,,,,,,0,0,0,0,0,0.0,0.0,,,WR,2026,1,,0.0,,0.0,0.0,0.0,0.0,0.0,0.0
212,Tory Horton,,,,,,,,,0,0,0,0,0,0.0,0.0,,,WR,2026,1,,0.0,,0.0,0.0,0.0,0.0,0.0,0.0
213,Malachi Corley,,,,,,,,,0,0,0,0,1,0.0,0.0,,,WR,2026,1,,0.0,,0.0,0.0,0.0,0.0,0.0,0.0
214,Camden Brown,,,,,,,,,0,0,0,0,0,0.0,0.0,,,WR,2026,1,,0.0,,0.0,0.0,0.0,0.0,0.0,0.0
215,Jordyn Tyson,,,,,,,,,0,0,0,0,0,0.0,0.0,,,WR,2026,1,,0.0,,0.0,0.0,0.0,0.0,0.0,0.0
216,Colbie Young,,,,,,,,,0,0,0,0,1,0.0,0.0,,,WR,2026,1,,0.0,,0.0,0.0,0.0,0.0,0.0,0.0
217,Germie Bernard,,,,,,,,,0,0,0,0,1,0.0,0.0,,,WR,2026,1,,0.0,,0.0,0.0,0.0,0.0,0.0,0.0
218,Omari Evans,,,,,,,,,0,0,0,0,0,0.0,0.0,,,WR,2026,1,,0.0,,0.0,0.0,0.0,0.0,0.0,0.0
219,Kendrick Law,,,,,,,,,0,0,0,0,0,0.0,0.0,,,WR,2026,1,,0.0,,0.0,0.0,0.0,0.0,0.0,0.0
220,Xavier Legette,,,,,,,,,0,0,0,0,1,0.0,0.0,,,WR,2026,1,,0.0,,2.0,0.0,0.0,0.0,10.0,0.0
221,J. Michael Sturdivant,,,,,,,,,0,0,0,0,0,0.0,0.0,,,WR,2026,1,,0.0,,0.0,0.0,0.0,0.0,0.0,0.0
222,Ricky Pearsall,,,,,,,,,0,0,0,0,0,0.0,0.0,,,WR,2026,1,,0.0,,0.0,0.0,0.0,0.0,0.0,0.0
223,Luke McCaffrey,,,,,,,,,0,0,0,0,0,0.0,0.0,,,WR,2026,1,,0.0,,0.0,0.0,0.0,0.0,0.0,0.0
224,Bub Means,,,,,,,,,0,0,0,0,0,0.0,0.0,,,WR,2026,1,,0.0,,0.0,0.0,0.0,0.0,0.0,0.0
225,Andrew Armstrong,,,,,,,,,0,0,0,0,0,0.0,0.0,,,WR,2026,1,,0.0,,0.0,0.0,0.0,0.0,0.0,0.0
226,Anthony Gould,,,,,,,,,0,0,0,0,0,0.0,0.0,,,WR,2026,1,,0.0,,0.0,0.0,0.0,0.0,0.0,0.0
227,Casey Washington,,,,,,,,,0,0,0,0,0,0.0,0.0,,,WR,2026,1,,0.0,,0.0,0.0,0.0,0.0,0.0,0.0
228,Jeshaun Jones,,,,,,,,,0,0,0,0,0,0.0,0.0,,,WR,2026,1,,0.0,,0.0,0.0,0.0,0.0,0.0,0.0
229,Mason Tipton,,,,,,,,,0,0,0,0,0,0.0,0.0,,,WR,2026,1,,0.0,,0.0,0.0,0.0,0.0,0.0,0.0
230,Bryce Oliver,,,,,,,,,0,0,0,0,0,0.0,0.0,,,WR,2026,1,,0.0,,0.0,0.0,0.0,0.0,0.0,0.0
231,Kameron Johnson,,,,,,,,,0,0,0,0,1,0.0,0.0,,,WR,2026,1,,0.0,,0.0,0.0,0.0,0.0,0.0,0.0
232,Julian Hicks,,,,,,,,,0,0,0,0,0,0.0,0.0,,,WR,2026,1,,0.0,,0.0,0.0,0.0,0.0,0.0,0.0
233,Qadir Ismail,,,,,,,,,0,0,0,0,0,0.0,0.0,,,WR,2026,1,,0.0,,0.0,0.0,0.0,0.0,0.0,0.0
234,Xavier Restrepo,,,,,,,,,0,0,0,0,0,0.0,0.0,,,WR,2026,1,,0.0,,0.0,0.0,0.0,0.0,0.0,0.0
235,Jalen Royals,,,,,,,,,0,0,0,0,1,0.0,0.0,,,WR,2026,1,,0.0,,0.0,0.0,0.0,0.0,0.0,0.0
236,Jayden Higgins,,,,,,,,,0,0,0,0,0,0.0,0.0,,,WR,2026,1,,0.0,,0.0,0.0,0.0,0.0,0.0,0.0
237,Deion Burks,,,,,,,,,0,0,0,0,1,0.0,0.0,,,WR,2026,1,,0.0,,0.0,0.0,0.0,0.0,0.0,0.0
238,Savion Williams,,,,,,,,,0,0,0,0,0,0.0,0.0,,,WR,2026,1,,0.0,,0.0,0.0,0.0,0.0,0.0,0.0
239,Tai Felton,,,,,,,,,0,0,0,0,1,0.0,0.0,,,WR,2026,1,,0.0,,0.0,0.0,0.0,0.0,0.0,0.0
240,Ricky White III,,,,,,,,,0,0,0,0,0,0.0,0.0,,,WR,2026,1,,0.0,,0.0,0.0,0.0,0.0,0.0,0.0
241,Juice Wells Jr.,,,,,,,,,0,0,0,0,0,0.0,0.0,,,WR,2026,1,,0.0,,0.0,0.0,0.0,0.0,0.0,0.0
242,Theo Wease Jr.,,,,,,,,,0,0,0,0,0,0.0,0.0,,,WR,2026,1,,0.0,,0.0,0.0,0.0,0.0,0.0,0.0
243,Will Sheppard,,,,,,,,,0,0,0,0,0,0.0,0.0,,,WR,2026,1,,0.0,,0.0,0.0,0.0,0.0,0.0,0.0
244,Dont'e Thornton Jr.,,,,,,,,,0,0,0,0,0,0.0,0.0,,,WR,2026,1,,0.0,,0.0,0.0,0.0,0.0,0.0,0.0
245,Efton Chism III,,,,,,,,,0,0,0,0,0,0.0,0.0,,,WR,2026,1,,0.0,,0.0,0.0,0.0,0.0,0.0,0.0
246,Isaac TeSlaa,,,,,,,,,0,0,0,0,1,0.0,0.0,,,WR,2026,1,,0.0,,1.0,0.0,0.0,0.0,4.2,0.0
247,Traeshin Holden,,,,,,,,,0,0,0,0,0,0.0,0.0,,,WR,2026,1,,0.0,,0.0,0.0,0.0,0.0,0.0,0.0
248,Konata Mumpfield,,,,,,,,,0,0,0,0,1,0.0,0.0,,,WR,2026,1,,0.0,,1.0,0.0,0.0,0.0,5.9,0.0
249,Jacksin Meeks,,,,,,,,,0,0,0,0,0,0.0,0.0,,,WR,2026,1,,0.0,,0.0,0.0,0.0,0.0,0.0,0.0
250,Jamaal Pritchett,,,,,,,,,0,0,0,0,0,0.0,0.0,,,WR,2026,1,,0.0,,0.0,0.0,0.0,0.0,0.0,0.0
251,Garrett Greene,,,,,,,,,0,0,0,0,0,0.0,0.0,,,WR,2026,1,,0.0,,0.0,0.0,0.0,0.0,0.0,0.0
252,Ja'Mori Maclin,,,,,,,,,0,0,0,0,0,0.0,0.0,,,WR,2026,1,,0.0,,0.0,0.0,0.0,0.0,0.0,0.0
253,Elijah Sarratt,,,,,,,,,0,0,0,0,0,0.0,0.0,,,WR,2026,1,,0.0,,0.0,0.0,0.0,0.0,0.0,0.0
254,Josh Kelly,,,,,,,,,0,0,0,0,0,0.0,0.0,,,WR,2026,1,,0.0,,0.0,0.0,0.0,0.0,0.0,0.0
255,Jordan Watkins,,,,,,,,,0,0,0,0,0,0.0,0.0,,,WR,2026,1,,0.0,,0.0,0.0,0.0,0.0,0.0,0.0
256,Kyle Williams,,,,,,,,,0,0,0,0,1,0.0,0.0,,,WR,2026,1,,0.0,,0.0,0.0,0.0,0.0,0.0,0.0
257,JP Richardson,,,,,,,,,0,0,0,0,0,0.0,0.0,,,WR,2026,1,,0.0,,0.0,0.0,0.0,0.0,0.0,0.0
258,Jordan Moore,,,,,,,,,0,0,0,0,0,0.0,0.0,,,WR,2026,1,,0.0,,0.0,0.0,0.0,0.0,0.0,0.0
259,Stephen Gosnell,,,,,,,,,0,0,0,0,0,0.0,0.0,,,WR,2026,1,,0.0,,0.0,0.0,0.0,0.0,0.0,0.0
260,Quincy Skinner Jr.,,,,,,,,,0,0,0,0,0,0.0,0.0,,,WR,2026,1,,0.0,,0.0,0.0,0.0,0.0,0.0,0.0
261,Dalen Cambre,,,,,,,,,0,0,0,0,0,0.0,0.0,,,WR,2026,1,,0.0,,0.0,0.0,0.0,0.0,0.0,0.0
262,Chandler Brayboy,,,,,,,,,0,0,0,0,0,0.0,0.0,,,WR,2026,1,,0.0,,0.0,0.0,0.0,0.0,0.0,0.0
263,Jackson Meeks,,,,,,,,,0,0,0,0,1,0.0,0.0,,,WR,2026,1,,0.0,,0.0,0.0,0.0,0.0,0.0,0.0
264,Dontae Fleming,,,,,,,,,0,0,0,0,0,0.0,0.0,,,WR,2026,1,,0.0,,0.0,0.0,0.0,0.0,0.0,0.0
265,Ke'Shawn Williams,,,,,,,,,0,0,0,0,0,0.0,0.0,,,WR,2026,1,,0.0,,0.0,0.0,0.0,0.0,0.0,0.0
266,Brennan Presley,,,,,,,,,0,0,0,0,0,0.0,0.0,,,WR,2026,1,,0.0,,0.0,0.0,0.0,0.0,0.0,0.0
267,Xavier Guillory,,,,,,,,,0,0,0,0,0,0.0,0.0,,,WR,2026,1,,0.0,,0.0,0.0,0.0,0.0,0.0,0.0
268,Myles Price,,,,,,,,,0,0,0,0,1,0.0,0.0,,,WR,2026,1,,0.0,,0.0,0.0,0.0,0.0,0.0,0.0
269,Gage Larvadain,,,,,,,,,0,0,0,0,0,0.0,0.0,,,WR,2026,1,,0.0,,0.0,0.0,0.0,0.0,0.0,0.0
270,Jeremiah Webb,,,,,,,,,0,0,0,0,0,0.0,0.0,,,WR,2026,1,,0.0,,0.0,0.0,0.0,0.0,0.0,0.0
271,Darius Cooper,,,,,,,,,0,0,0,0,1,0.0,0.0,,,WR,2026,1,,0.0,,0.0,0.0,0.0,0.0,0.0,0.0
272,Travis Hunter,,,,,,,,,0,0,0,0,0,0.0,0.0,,,WR,2026,1,,0.0,,0.0,0.0,0.0,0.0,0.0,0.0
273,Jimmy Holiday,,,,,,,,,0,0,0,0,0,0.0,0.0,,,WR,2026,1,,0.0,,0.0,0.0,0.0,0.0,0.0,0.0
274,Ja'seem Reed,,,,,,,,,0,0,0,0,0,0.0,0.0,,,WR,2026,1,,0.0,,0.0,0.0,0.0,0.0,0.0,0.0
275,Montorie Foster Jr.,,,,,,,,,0,0,0,0,1,0.0,0.0,,,WR,2026,1,,0.0,,0.0,0.0,0.0,0.0,0.0,0.0
276,Max Hurleman,,,,,,,,,0,0,0,0,0,0.0,0.0,,,WR,2026,1,,0.0,,0.0,0.0,0.0,0.0,0.0,0.0
277,Kyrese Rowan,,,,,,,,,0,0,0,0,0,0.0,0.0,,,WR,2026,1,,0.0,,0.0,0.0,0.0,0.0,0.0,0.0
278,Chris Brazzell II,,,,,,,,,0,0,0,0,0,0.0,0.0,,,WR,2026,1,,0.0,,0.0,0.0,0.0,0.0,0.0,0.0
279,Kevin Coleman Jr.,,,,,,,,,0,0,0,0,0,0.0,0.0,,,WR,2026,1,,0.0,,0.0,0.0,0.0,0.0,0.0,0.0
280,CJ Daniels,,,,,,,,,0,0,0,0,0,0.0,0.0,,,WR,2026,1,,0.0,,0.0,0.0,0.0,0.0,0.0,0.0
281,Skyler Bell,,,,,,,,,0,0,0,0,1,0.0,0.0,,,WR,2026,1,,0.0,,0.0,0.0,0.0,0.0,0.0,0.0
282,Eric Rivers Jr.,,,,,,,,,0,0,0,0,0,0.0,0.0,,,WR,2026,1,,0.0,,0.0,0.0,0.0,0.0,0.0,0.0
283,Zavion Thomas,,,,,,,,,0,0,0,0,1,0.0,0.0,,,WR,2026,1,,0.0,,0.0,0.0,0.0,0.0,0.0,0.0
284,Brenen Thompson,,,,,,,,,0,0,0,0,1,0.0,0.0,,,WR,2026,1,,0.0,,0.0,0.0,0.0,0.0,0.0,0.0
285,Noah Thomas,,,,,,,,,0,0,0,0,0,0.0,0.0,,,WR,2026,1,,0.0,,0.0,0.0,0.0,0.0,0.0,0.0
286,De'Zhaun Stribling,,,,,,,,,0,0,0,0,1,0.0,0.0,,,WR,2026,1,,0.0,,0.0,0.0,0.0,0.0,0.0,0.0
287,Trebor Pena,,,,,,,,,0,0,0,0,0,0.0,0.0,,,WR,2026,1,,0.0,,0.0,0.0,0.0,0.0,0.0,0.0
288,Dillon Bell,,,,,,,,,0,0,0,0,0,0.0,0.0,,,WR,2026,1,,0.0,,0.0,0.0,0.0,0.0,0.0,0.0
289,Reggie Virgil,,,,,,,,,0,0,0,0,0,0.0,0.0,,,WR,2026,1,,0.0,,0.0,0.0,0.0,0.0,0.0,0.0
290,Harrison Wallace III,,,,,,,,,0,0,0,0,0,0.0,0.0,,,WR,2026,1,,0.0,,0.0,0.0,0.0,0.0,0.0,0.0
291,Lewis Bond,,,,,,,,,0,0,0,0,0,0.0,0.0,,,WR,2026,1,,0.0,,0.0,0.0,0.0,0.0,0.0,0.0
292,Vinny Anthony II,,,,,,,,,0,0,0,0,0,0.0,0.0,,,WR,2026,1,,0.0,,0.0,0.0,0.0,0.0,0.0,0.0
293,Tyren Montgomery,,,,,,,,,0,0,0,0,0,0.0,0.0,,,WR,2026,1,,0.0,,0.0,0.0,0.0,0.0,0.0,0.0
294,Cyrus Allen,,,,,,,,,0,0,0,0,1,0.0,0.0,,,WR,2026,1,,0.0,,1.0,0.0,0.0,0.0,10.0,0.0
295,Jeff Caldwell,,,,,,,,,0,0,0,0,0,0.0,0.0,,,WR,2026,1,,0.0,,0.0,0.0,0.0,0.0,0.0,0.0
296,Jordan Hudson,,,,,,,,,0,0,0,0,0,0.0,0.0,,,WR,2026,1,,0.0,,0.0,0.0,0.0,0.0,0.0,0.0
297,Kaden Wetjen,,,,,,,,,0,0,0,0,1,0.0,0.0,,,WR,2026,1,,0.0,,0.0,0.0,0.0,0.0,0.0,0.0
298,Anthony Smith,,,,,,,,,0,0,0,0,0,0.0,0.0,,,WR,2026,1,,0.0,,0.0,0.0,0.0,0.0,0.0,0.0
299,Michael Wortham,,,,,,,,,0,0,0,0,0,0.0,0.0,,,WR,2026,1,,0.0,,0.0,0.0,0.0,0.0,0.0,0.0
300,Will Pauling,,,,,,,,,0,0,0,0,0,0.0,0.0,,,WR,2026,1,,0.0,,0.0,0.0,0.0,0.0,0.0,0.0
301,Wesley Grimes,,,,,,,,,0,0,0,0,0,0.0,0.0,,,WR,2026,1,,0.0,,0.0,0.0,0.0,0.0,0.0,0.0
302,Jaden Bradley,,,,,,,,,0,0,0,0,0,0.0,0.0,,,WR,2026,1,,0.0,,0.0,0.0,0.0,0.0,0.0,0.0
303,E.J. Williams Jr.,,,,,,,,,0,0,0,0,0,0.0,0.0,,,WR,2026,1,,0.0,,0.0,0.0,0.0,0.0,0.0,0.0
304,Kyle Dixon,,,,,,,,,0,0,0,0,0,0.0,0.0,,,WR,2026,1,,0.0,,0.0,0.0,0.0,0.0,0.0,0.0
305,Malik McClain,,,,,,,,,0,0,0,0,0,0.0,0.0,,,WR,2026,1,,0.0,,0.0,0.0,0.0,0.0,0.0,0.0
306,Daniel Sobkowicz,,,,,,,,,0,0,0,0,0,0.0,0.0,,,WR,2026,1,,0.0,,0.0,0.0,0.0,0.0,0.0,0.0
307,Michael Briscoe,,,,,,,,,0,0,0,0,0,0.0,0.0,,,WR,2026,1,,0.0,,0.0,0.0,0.0,0.0,0.0,0.0
308,Corey Rucker,,,,,,,,,0,0,0,0,0,0.0,0.0,,,WR,2026,1,,0.0,,0.0,0.0,0.0,0.0,0.0,0.0
309,Cameron Dorner,,,,,,,,,0,0,0,0,0,0.0,0.0,,,WR,2026,1,,0.0,,0.0,0.0,0.0,0.0,0.0,0.0
310,Kolbe Katsis,,,,,,,,,0,0,0,0,0,0.0,0.0,,,WR,2026,1,,0.0,,0.0,0.0,0.0,0.0,0.0,0.0
311,Dean Patterson IV,,,,,,,,,0,0,0,0,0,0.0,0.0,,,WR,2026,1,,0.0,,0.0,0.0,0.0,0.0,0.0,0.0
312,Trayvon Rudolph,,,,,,,,,0,0,0,0,0,0.0,0.0,,,WR,2026,1,,0.0,,0.0,0.0,0.0,0.0,0.0,0.0
313,Malik Benson,,,,,,,,,1,-8,0,0,1,-0.2,-0.2,,,WR,2026,1,,0.0,,2.0,1.0,6.0,6.0,12.5,0.0
314,Tez Johnson,,,,,,,,,1,-4,0,0,1,-0.4,-0.4,,,WR,2026,1,,0.0,,1.0,0.0,0.0,0.0,7.1,0.0
315,Makai Lemon,,,,,,,,,0,0,0,0,1,-0.5,-0.5,,,WR,2026,1,,0.0,,4.0,3.0,-5.0,-1.7,28.6,0.0
316,Chimere Dike,,,,,,,,,0,0,0,1,1,-1.3,-1.3,,,WR,2026,1,,0.0,,1.0,1.0,7.0,7.0,6.3,0.0
317,Jimmy Horn Jr.,,,,,,,,,0,0,0,1,1,-2.0,-2.0,,,WR,2026,1,,0.0,,1.0,0.0,0.0,0.0,5.0,0.0
1,Isaiah Likely,,,,,,,,,0,0,0,0,1,19.8,19.8,,,TE,2026,1,,0.0,,8.0,8.0,78.0,9.8,88.9,2.0
2,Dallas Goedert,,,,,,,,,0,0,0,0,1,19.7,19.7,,,TE,2026,1,,1.0,,5.0,4.0,77.0,19.3,100.0,2.0
3,Trey McBride,,,,,,,,,0,0,0,0,1,15.5,15.5,,,TE,2026,1,,1.0,,13.0,9.0,95.0,10.6,100.0,1.0
4,Mike Gesicki,,,,,,,,,0,0,0,0,1,13.8,13.8,,,TE,2026,1,,2.0,,7.0,5.0,78.0,15.6,63.6,1.0
5,Dalton Kincaid,,,,,,,,,0,0,0,0,1,13.0,13.0,,,TE,2026,1,,3.0,,6.0,5.0,130.0,26.0,85.7,0.0
6,Juwan Johnson,,,,,,,,,0,0,0,0,1,11.4,11.4,,,TE,2026,1,,1.0,,7.0,3.0,54.0,18.0,46.7,1.0
7,Pat Freiermuth,,,,,,,,,0,0,0,0,1,10.6,10.6,,,TE,2026,1,,0.0,,5.0,5.0,46.0,9.2,71.4,1.0
8,Evan Engram,,,,,,,,,0,0,0,0,1,10.3,10.3,,,TE,2026,1,,0.0,,5.0,4.0,43.0,10.8,62.5,1.0
9,T.J. Hockenson,,,,,,,,,0,0,0,0,1,9.6,9.6,,,TE,2026,1,,0.0,,5.0,4.0,36.0,9.0,55.6,1.0
10,Cole Kmet,,,,,,,,,0,0,0,0,1,9.5,9.5,,,TE,2026,1,,1.0,,3.0,2.0,35.0,17.5,60.0,1.0
11,Noah Fant,,,,,,,,,0,0,0,0,1,9.3,9.3,,,TE,2026,1,,0.0,,8.0,4.0,33.0,8.3,53.3,1.0
12,Kenyon Sadiq,,,,,,,,,1,3,1,0,1,8.4,8.4,,,TE,2026,1,,0.0,,3.0,3.0,21.0,7.0,42.9,0.0
13,Brenton Strange,,,,,,,,,0,0,0,0,1,8.3,8.3,,,TE,2026,1,,0.0,,3.0,2.0,23.0,11.5,60.0,1.0
14,Tyler Warren,,,,,,,,,0,0,0,0,1,7.3,7.3,,,TE,2026,1,,0.0,,5.0,3.0,13.0,4.3,83.3,1.0
15,Travis Kelce,,,,,,,,,0,0,0,0,1,7.1,7.1,,,TE,2026,1,,1.0,,5.0,3.0,71.0,23.7,71.4,0.0
16,Tucker Kraft,,,,,,,,,0,0,0,0,1,6.5,6.5,,,TE,2026,1,,2.0,,6.0,3.0,65.0,21.7,66.7,0.0
17,Eli Raridon,,,,,,,,,0,0,0,0,1,6.2,6.2,,,TE,2026,1,,0.0,,1.0,1.0,2.0,2.0,25.0,1.0
18,David Njoku,,,,,,,,,0,0,0,0,1,5.8,5.8,,,TE,2026,1,,0.0,,5.0,5.0,58.0,11.6,71.4,0.0
19,Jonnu Smith,,,,,,,,,0,0,0,0,1,5.0,5.0,,,TE,2026,1,,1.0,,3.0,2.0,50.0,25.0,33.3,0.0
20,Mark Andrews,,,,,,,,,0,0,0,0,1,4.9,4.9,,,TE,2026,1,,0.0,,6.0,4.0,49.0,12.3,75.0,0.0
21,Sam LaPorta,,,,,,,,,0,0,0,0,1,4.8,4.8,,,TE,2026,1,,0.0,,8.0,5.0,48.0,9.6,88.9,0.0
22,Dalton Schultz,,,,,,,,,0,0,0,0,1,3.5,3.5,,,TE,2026,1,,0.0,,8.0,4.0,35.0,8.8,66.7,0.0
23,Michael Mayer,,,,,,,,,0,0,0,0,1,3.2,3.2,,,TE,2026,1,,0.0,,7.0,6.0,32.0,5.3,100.0,0.0
24,Oronde Gadsden II,,,,,,,,,0,0,0,0,1,3.2,3.2,,,TE,2026,1,,1.0,,2.0,2.0,32.0,16.0,28.6,0.0
25,Darren Waller,,,,,,,,,0,0,0,0,1,2.8,2.8,,,TE,2026,1,,0.0,,2.0,2.0,28.0,14.0,22.2,0.0
26,Gunnar Helm,,,,,,,,,0,0,0,0,1,2.8,2.8,,,TE,2026,1,,0.0,,5.0,4.0,28.0,7.0,83.3,0.0
27,Hunter Henry,,,,,,,,,0,0,0,0,1,2.6,2.6,,,TE,2026,1,,0.0,,3.0,3.0,26.0,8.7,75.0,0.0
28,Cade Otton,,,,,,,,,0,0,0,0,1,2.6,2.6,,,TE,2026,1,,0.0,,5.0,3.0,26.0,8.7,100.0,0.0
29,Tommy Tremble,,,,,,,,,0,0,0,0,1,2.5,2.5,,,TE,2026,1,,0.0,,5.0,3.0,25.0,8.3,55.6,0.0
30,Josh Oliver,,,,,,,,,0,0,0,0,1,2.2,2.2,,,TE,2026,1,,0.0,,4.0,2.0,22.0,11.0,44.4,0.0
31,Harold Fannin Jr.,,,,,,,,,0,0,0,0,1,2.1,2.1,,,TE,2026,1,,0.0,,3.0,2.0,21.0,10.5,75.0,0.0
32,Brady Russell,,,,,,,,,0,0,0,0,1,2.0,2.0,,,TE,2026,1,,0.0,,2.0,2.0,20.0,10.0,50.0,0.0
33,Drew Sample,,,,,,,,,0,0,0,0,1,1.9,1.9,,,TE,2026,1,,0.0,,3.0,3.0,19.0,6.3,27.3,0.0
34,Luke Farrell,,,,,,,,,0,0,0,0,1,1.9,1.9,,,TE,2026,1,,0.0,,2.0,2.0,19.0,9.5,28.6,0.0
35,Darnell Washington,,,,,,,,,0,0,0,0,1,1.8,1.8,,,TE,2026,1,,0.0,,2.0,2.0,18.0,9.0,28.6,0.0
36,Greg Dulcich,,,,,,,,,0,0,0,0,1,1.8,1.8,,,TE,2026,1,,0.0,,2.0,2.0,18.0,9.0,66.7,0.0
37,Chig Okonkwo,,,,,,,,,0,0,0,0,1,1.6,1.6,,,TE,2026,1,,0.0,,3.0,2.0,16.0,8.0,50.0,0.0
38,Marlin Klein,,,,,,,,,0,0,0,0,1,1.6,1.6,,,TE,2026,1,,0.0,,1.0,1.0,16.0,16.0,8.3,0.0
39,Foster Moreau,,,,,,,,,0,0,0,0,1,1.5,1.5,,,TE,2026,1,,0.0,,2.0,2.0,15.0,7.5,16.7,0.0
40,Blake Whiteheart,,,,,,,,,0,0,0,0,1,1.4,1.4,,,TE,2026,1,,0.0,,1.0,1.0,14.0,14.0,25.0,0.0
41,Brevyn Spann-Ford,,,,,,,,,0,0,0,0,1,1.4,1.4,,,TE,2026,1,,0.0,,2.0,2.0,14.0,7.0,40.0,0.0
42,John Bates,,,,,,,,,0,0,0,0,1,1.3,1.3,,,TE,2026,1,,0.0,,3.0,2.0,13.0,6.5,50.0,0.0
43,Davis Allen,,,,,,,,,0,0,0,0,1,1.3,1.3,,,TE,2026,1,,0.0,,1.0,1.0,13.0,13.0,16.7,0.0
44,AJ Barner,,,,,,,,,0,0,0,0,1,1.3,1.3,,,TE,2026,1,,0.0,,2.0,2.0,13.0,6.5,50.0,0.0
45,Matt Hibner,,,,,,,,,0,0,0,0,1,1.3,1.3,,,TE,2026,1,,0.0,,1.0,1.0,13.0,13.0,12.5,0.0
46,George Kittle,,,,,,,,,0,0,0,0,1,1.2,1.2,,,TE,2026,1,,0.0,,5.0,2.0,12.0,6.0,71.4,0.0
47,Luke Schoonmaker,,,,,,,,,0,0,0,0,1,1.2,1.2,,,TE,2026,1,,0.0,,1.0,1.0,12.0,12.0,20.0,0.0
48,Adam Trautman,,,,,,,,,0,0,0,0,1,1.0,1.0,,,TE,2026,1,,0.0,,3.0,2.0,10.0,5.0,37.5,0.0
49,Jake Briningstool,,,,,,,,,0,0,0,0,1,0.9,0.9,,,TE,2026,1,,0.0,,1.0,1.0,9.0,9.0,14.3,0.0
50,Theo Johnson,,,,,,,,,0,0,0,0,1,0.9,0.9,,,TE,2026,1,,0.0,,1.0,1.0,9.0,9.0,11.1,0.0
51,Mitchell Evans,,,,,,,,,0,0,0,0,1,0.9,0.9,,,TE,2026,1,,0.0,,2.0,1.0,9.0,9.0,22.2,0.0
52,Nate Boerkircher,,,,,,,,,0,0,0,0,1,0.9,0.9,,,TE,2026,1,,0.0,,1.0,1.0,9.0,9.0,20.0,0.0
53,Dawson Knox,,,,,,,,,0,0,0,0,1,0.7,0.7,,,TE,2026,1,,0.0,,1.0,1.0,7.0,7.0,14.3,0.0
54,Daniel Bellinger,,,,,,,,,0,0,0,0,1,0.7,0.7,,,TE,2026,1,,0.0,,1.0,1.0,7.0,7.0,16.7,0.0
55,Colby Parkinson,,,,,,,,,0,0,0,0,1,0.6,0.6,,,TE,2026,1,,0.0,,2.0,1.0,6.0,6.0,33.3,0.0
56,Jake Ferguson,,,,,,,,,0,0,0,0,1,0.6,0.6,,,TE,2026,1,,0.0,,2.0,2.0,6.0,3.0,40.0,0.0
57,Noah Gray,,,,,,,,,0,0,0,0,1,0.5,0.5,,,TE,2026,1,,0.0,,1.0,1.0,5.0,5.0,14.3,0.0
58,Brock Wright,,,,,,,,,0,0,0,0,1,0.5,0.5,,,TE,2026,1,,0.0,,1.0,1.0,5.0,5.0,11.1,0.0
59,Durham Smythe,,,,,,,,,0,0,0,0,1,0.4,0.4,,,TE,2026,1,,0.0,,1.0,1.0,4.0,4.0,12.5,0.0
60,Tanner Hudson,,,,,,,,,0,0,0,0,1,0.4,0.4,,,TE,2026,1,,0.0,,1.0,1.0,4.0,4.0,9.1,0.0
61,Jeremy Ruckert,,,,,,,,,0,0,0,0,1,0.4,0.4,,,TE,2026,1,,0.0,,1.0,1.0,4.0,4.0,14.3,0.0
62,Connor Heyward,,,,,,,,,1,1,0,0,1,0.1,0.1,,,TE,2026,1,,0.0,,0.0,0.0,0.0,0.0,0.0,0.0
63,Darnell Dinkins,,,,,,,,,0,0,0,0,0,0.0,0.0,,,TE,2026,1,,0.0,,0.0,0.0,0.0,0.0,0.0,0.0
64,J.P. Foschi,,,,,,,,,0,0,0,0,0,0.0,0.0,,,TE,2026,1,,0.0,,0.0,0.0,0.0,0.0,0.0,0.0
65,Justin Snow,,,,,,,,,0,0,0,0,0,0.0,0.0,,,TE,2026,1,,0.0,,0.0,0.0,0.0,0.0,0.0,0.0
66,Marquez Branson,,,,,,,,,0,0,0,0,0,0.0,0.0,,,TE,2026,1,,0.0,,0.0,0.0,0.0,0.0,0.0,0.0
67,James Dearth,,,,,,,,,0,0,0,0,0,0.0,0.0,,,TE,2026,1,,0.0,,0.0,0.0,0.0,0.0,0.0,0.0
68,Dominique Curry,,,,,,,,,0,0,0,0,0,0.0,0.0,,,TE,2026,1,,0.0,,0.0,0.0,0.0,0.0,0.0,0.0
69,Drake Dunsmore,,,,,,,,,0,0,0,0,0,0.0,0.0,,,TE,2026,1,,0.0,,0.0,0.0,0.0,0.0,0.0,0.0
70,Chris Manhertz,,,,,,,,,0,0,0,0,1,0.0,0.0,,,TE,2026,1,,0.0,,0.0,0.0,0.0,0.0,0.0,0.0
71,James Winchester,,,,,,,,,0,0,0,0,1,0.0,0.0,,,TE,2026,1,,0.0,,0.0,0.0,0.0,0.0,0.0,0.0
72,Tyler Ott,,,,,,,,,0,0,0,0,1,0.0,0.0,,,TE,2026,1,,0.0,,0.0,0.0,0.0,0.0,0.0,0.0
73,Andrew DePaola,,,,,,,,,0,0,0,0,1,0.0,0.0,,,TE,2026,1,,0.0,,0.0,0.0,0.0,0.0,0.0,0.0
74,Austin Hooper,,,,,,,,,0,0,0,0,1,0.0,0.0,,,TE,2026,1,,0.0,,0.0,0.0,0.0,0.0,0.0,0.0
75,Nick Vannett,,,,,,,,,0,0,0,0,0,0.0,0.0,,,TE,2026,1,,0.0,,0.0,0.0,0.0,0.0,0.0,0.0
76,Zach Wood,,,,,,,,,0,0,0,0,1,0.0,0.0,,,TE,2026,1,,0.0,,0.0,0.0,0.0,0.0,0.0,0.0
77,Robert Tonyan,,,,,,,,,0,0,0,0,1,0.0,0.0,,,TE,2026,1,,0.0,,0.0,0.0,0.0,0.0,0.0,0.0
78,Mo Alie-Cox,,,,,,,,,0,0,0,0,1,0.0,0.0,,,TE,2026,1,,0.0,,0.0,0.0,0.0,0.0,0.0,0.0
79,Eric Saubert,,,,,,,,,0,0,0,0,1,0.0,0.0,,,TE,2026,1,,0.0,,0.0,0.0,0.0,0.0,0.0,0.0
80,Johnny Mundt,,,,,,,,,0,0,0,0,1,0.0,0.0,,,TE,2026,1,,0.0,,0.0,0.0,0.0,0.0,0.0,0.0
81,Pharaoh Brown,,,,,,,,,0,0,0,0,0,0.0,0.0,,,TE,2026,1,,0.0,,0.0,0.0,0.0,0.0,0.0,0.0
82,Ian Thomas,,,,,,,,,0,0,0,0,1,0.0,0.0,,,TE,2026,1,,0.0,,0.0,0.0,0.0,0.0,0.0,0.0
83,Tyler Conklin,,,,,,,,,0,0,0,0,1,0.0,0.0,,,TE,2026,1,,0.0,,0.0,0.0,0.0,0.0,0.0,0.0
84,Stephen Carlson,,,,,,,,,0,0,0,0,0,0.0,0.0,,,TE,2026,1,,0.0,,0.0,0.0,0.0,0.0,0.0,0.0
85,Mitchell Fraboni,,,,,,,,,0,0,0,0,1,0.0,0.0,,,TE,2026,1,,0.0,,0.0,0.0,0.0,0.0,0.0,0.0
86,Matt Orzech,,,,,,,,,0,0,0,0,0,0.0,0.0,,,TE,2026,1,,0.0,,0.0,0.0,0.0,0.0,0.0,0.0
87,Chris Myarick,,,,,,,,,0,0,0,0,1,0.0,0.0,,,TE,2026,1,,0.0,,0.0,0.0,0.0,0.0,0.0,0.0
88,Josiah Deguara,,,,,,,,,0,0,0,0,0,0.0,0.0,,,TE,2026,1,,0.0,,0.0,0.0,0.0,0.0,0.0,0.0
89,Charlie Woerner,,,,,,,,,0,0,0,0,1,0.0,0.0,,,TE,2026,1,,0.0,,0.0,0.0,0.0,0.0,0.0,0.0
90,Feleipe Franks,,,,,,,,,0,0,0,0,1,0.0,0.0,,,TE,2026,1,,0.0,,0.0,0.0,0.0,0.0,0.0,0.0
91,Brevin Jordan,,,,,,,,,0,0,0,0,1,0.0,0.0,,,TE,2026,1,,0.0,,0.0,0.0,0.0,0.0,0.0,0.0
92,Kyle Pitts Sr.,,,,,,,,,0,0,0,0,1,0.0,0.0,,,TE,2026,1,,0.0,,1.0,0.0,0.0,0.0,100.0,0.0
93,Charlie Kolar,,,,,,,,,0,0,0,0,1,0.0,0.0,,,TE,2026,1,,0.0,,0.0,0.0,0.0,0.0,0.0,0.0
94,Hunter Long,,,,,,,,,0,0,0,0,1,0.0,0.0,,,TE,2026,1,,0.0,,0.0,0.0,0.0,0.0,0.0,0.0
95,Quintin Morris,,,,,,,,,0,0,0,0,1,0.0,0.0,,,TE,2026,1,,0.0,,1.0,0.0,0.0,0.0,20.0,0.0
96,Kylen Granson,,,,,,,,,0,0,0,0,1,0.0,0.0,,,TE,2026,1,,0.0,,0.0,0.0,0.0,0.0,0.0,0.0
97,Josh Whyle,,,,,,,,,0,0,0,0,1,0.0,0.0,,,TE,2026,1,,0.0,,0.0,0.0,0.0,0.0,0.0,0.0
98,Brock Bowers,,,,,,,,,0,0,0,0,0,0.0,0.0,,,TE,2026,1,,0.0,,0.0,0.0,0.0,0.0,0.0,0.0
99,Elijah Arroyo,,,,,,,,,0,0,0,0,1,0.0,0.0,,,TE,2026,1,,0.0,,0.0,0.0,0.0,0.0,0.0,0.0
100,Thomas Fidone II,,,,,,,,,0,0,0,0,0,0.0,0.0,,,TE,2026,1,,0.0,,0.0,0.0,0.0,0.0,0.0,0.0
101,Terrance Ferguson,,,,,,,,,0,0,0,0,1,0.0,0.0,,,TE,2026,1,,0.0,,1.0,0.0,0.0,0.0,16.7,0.0
102,Moliki Matavao,,,,,,,,,0,0,0,0,0,0.0,0.0,,,TE,2026,1,,0.0,,0.0,0.0,0.0,0.0,0.0,0.0
103,Elijah Higgins,,,,,,,,,0,0,0,0,1,0.0,0.0,,,TE,2026,1,,0.0,,0.0,0.0,0.0,0.0,0.0,0.0
104,Eli Stowers,,,,,,,,,0,0,0,0,0,0.0,0.0,,,TE,2026,1,,0.0,,0.0,0.0,0.0,0.0,0.0,0.0
105,Michael Trigg,,,,,,,,,0,0,0,0,0,0.0,0.0,,,TE,2026,1,,0.0,,0.0,0.0,0.0,0.0,0.0,0.0
106,James Mitchell,,,,,,,,,0,0,0,0,0,0.0,0.0,,,TE,2026,1,,0.0,,0.0,0.0,0.0,0.0,0.0,0.0
107,Mark Redman,,,,,,,,,0,0,0,0,1,0.0,0.0,,,TE,2026,1,,0.0,,0.0,0.0,0.0,0.0,0.0,0.0
108,Jack Stoll,,,,,,,,,0,0,0,0,0,0.0,0.0,,,TE,2026,1,,0.0,,0.0,0.0,0.0,0.0,0.0,0.0
109,Cole Turner,,,,,,,,,0,0,0,0,0,0.0,0.0,,,TE,2026,1,,0.0,,0.0,0.0,0.0,0.0,0.0,0.0
110,Will Mallory,,,,,,,,,0,0,0,0,0,0.0,0.0,,,TE,2026,1,,0.0,,0.0,0.0,0.0,0.0,0.0,0.0
111,Jelani Woods,,,,,,,,,0,0,0,0,1,0.0,0.0,,,TE,2026,1,,0.0,,0.0,0.0,0.0,0.0,0.0,0.0
112,Erick All Jr.,,,,,,,,,0,0,0,0,1,0.0,0.0,,,TE,2026,1,,0.0,,0.0,0.0,0.0,0.0,0.0,0.0
113,Justin Shorter,,,,,,,,,0,0,0,0,0,0.0,0.0,,,TE,2026,1,,0.0,,0.0,0.0,0.0,0.0,0.0,0.0
114,Nikola Kalinic,,,,,,,,,0,0,0,0,0,0.0,0.0,,,TE,2026,1,,0.0,,0.0,0.0,0.0,0.0,0.0,0.0
115,Grant Calcaterra,,,,,,,,,0,0,0,0,0,0.0,0.0,,,TE,2026,1,,0.0,,0.0,0.0,0.0,0.0,0.0,0.0
116,Teagan Quitoriano,,,,,,,,,0,0,0,0,0,0.0,0.0,,,TE,2026,1,,0.0,,0.0,0.0,0.0,0.0,0.0,0.0
117,Nick Muse,,,,,,,,,0,0,0,0,1,0.0,0.0,,,TE,2026,1,,0.0,,0.0,0.0,0.0,0.0,0.0,0.0
118,Lucas Krull,,,,,,,,,0,0,0,0,0,0.0,0.0,,,TE,2026,1,,0.0,,0.0,0.0,0.0,0.0,0.0,0.0
119,Cameron Latu,,,,,,,,,0,0,0,0,1,0.0,0.0,,,TE,2026,1,,0.0,,0.0,0.0,0.0,0.0,0.0,0.0
120,Ja'Tavion Sanders,,,,,,,,,0,0,0,0,0,0.0,0.0,,,TE,2026,1,,0.0,,0.0,0.0,0.0,0.0,0.0,0.0
121,Drew Ogletree,,,,,,,,,0,0,0,0,1,0.0,0.0,,,TE,2026,1,,0.0,,1.0,0.0,0.0,0.0,16.7,0.0
122,Ko Kieft,,,,,,,,,0,0,0,0,1,0.0,0.0,,,TE,2026,1,,0.0,,0.0,0.0,0.0,0.0,0.0,0.0
123,Stone Smartt,,,,,,,,,0,0,0,0,0,0.0,0.0,,,TE,2026,1,,0.0,,0.0,0.0,0.0,0.0,0.0,0.0
124,Jake Tonges,,,,,,,,,0,0,0,0,1,0.0,0.0,,,TE,2026,1,,0.0,,0.0,0.0,0.0,0.0,0.0,0.0
125,Zaire Mitchell-Paden,,,,,,,,,0,0,0,0,0,0.0,0.0,,,TE,2026,1,,0.0,,0.0,0.0,0.0,0.0,0.0,0.0
126,Thomas Odukoya,,,,,,,,,0,0,0,0,0,0.0,0.0,,,TE,2026,1,,0.0,,0.0,0.0,0.0,0.0,0.0,0.0
127,Luke Musgrave,,,,,,,,,0,0,0,0,0,0.0,0.0,,,TE,2026,1,,0.0,,0.0,0.0,0.0,0.0,0.0,0.0
128,Payne Durham,,,,,,,,,0,0,0,0,1,0.0,0.0,,,TE,2026,1,,0.0,,0.0,0.0,0.0,0.0,0.0,0.0
129,Oscar Delp,,,,,,,,,0,0,0,0,0,0.0,0.0,,,TE,2026,1,,0.0,,0.0,0.0,0.0,0.0,0.0,0.0
130,Brayden Willis,,,,,,,,,0,0,0,0,0,0.0,0.0,,,TE,2026,1,,0.0,,0.0,0.0,0.0,0.0,0.0,0.0
131,Joel Wilson,,,,,,,,,0,0,0,0,0,0.0,0.0,,,TE,2026,1,,0.0,,0.0,0.0,0.0,0.0,0.0,0.0
132,E.J. Jenkins,,,,,,,,,0,0,0,0,1,0.0,0.0,,,TE,2026,1,,0.0,,0.0,0.0,0.0,0.0,0.0,0.0
133,Julian Hill,,,,,,,,,0,0,0,0,0,0.0,0.0,,,TE,2026,1,,0.0,,0.0,0.0,0.0,0.0,0.0,0.0
134,Nate Adkins,,,,,,,,,0,0,0,0,1,0.0,0.0,,,TE,2026,1,,0.0,,0.0,0.0,0.0,0.0,0.0,0.0
135,Princeton Fant,,,,,,,,,0,0,0,0,0,0.0,0.0,,,TE,2026,1,,0.0,,0.0,0.0,0.0,0.0,0.0,0.0
136,Gavin Bartholomew,,,,,,,,,0,0,0,0,1,0.0,0.0,,,TE,2026,1,,0.0,,0.0,0.0,0.0,0.0,0.0,0.0
137,Colston Loveland,,,,,,,,,0,0,0,0,1,0.0,0.0,,,TE,2026,1,,0.0,,2.0,0.0,0.0,0.0,40.0,0.0
138,Jack Velling,,,,,,,,,0,0,0,0,0,0.0,0.0,,,TE,2026,1,,0.0,,0.0,0.0,0.0,0.0,0.0,0.0
139,Ben Sinnott,,,,,,,,,0,0,0,0,1,0.0,0.0,,,TE,2026,1,,0.0,,0.0,0.0,0.0,0.0,0.0,0.0
140,Jared Wiley,,,,,,,,,0,0,0,0,0,0.0,0.0,,,TE,2026,1,,0.0,,0.0,0.0,0.0,0.0,0.0,0.0
141,Cam Grandy,,,,,,,,,0,0,0,0,0,0.0,0.0,,,TE,2026,1,,0.0,,0.0,0.0,0.0,0.0,0.0,0.0
142,Tip Reiman,,,,,,,,,0,0,0,0,0,0.0,0.0,,,TE,2026,1,,0.0,,0.0,0.0,0.0,0.0,0.0,0.0
143,Jack Westover,,,,,,,,,0,0,0,0,0,0.0,0.0,,,TE,2026,1,,0.0,,0.0,0.0,0.0,0.0,0.0,0.0
144,Messiah Swinson,,,,,,,,,0,0,0,0,0,0.0,0.0,,,TE,2026,1,,0.0,,0.0,0.0,0.0,0.0,0.0,0.0
145,Colson Yankoff,,,,,,,,,0,0,0,0,1,0.0,0.0,,,TE,2026,1,,0.0,,0.0,0.0,0.0,0.0,0.0,0.0
146,Treyton Welch,,,,,,,,,0,0,0,0,1,0.0,0.0,,,TE,2026,1,,0.0,,0.0,0.0,0.0,0.0,0.0,0.0
147,Thomas Yassmin,,,,,,,,,0,0,0,0,0,0.0,0.0,,,TE,2026,1,,0.0,,0.0,0.0,0.0,0.0,0.0,0.0
148,Shawn Bowman,,,,,,,,,0,0,0,0,0,0.0,0.0,,,TE,2026,1,,0.0,,0.0,0.0,0.0,0.0,0.0,0.0
149,Qadir Ismail,,,,,,,,,0,0,0,0,0,0.0,0.0,,,TE,2026,1,,0.0,,0.0,0.0,0.0,0.0,0.0,0.0
150,David Martin-Robinson,,,,,,,,,0,0,0,0,1,0.0,0.0,,,TE,2026,1,,0.0,,0.0,0.0,0.0,0.0,0.0,0.0
151,Hayden Rucci,,,,,,,,,0,0,0,0,0,0.0,0.0,,,TE,2026,1,,0.0,,0.0,0.0,0.0,0.0,0.0,0.0
152,CJ Dippre,,,,,,,,,0,0,0,0,0,0.0,0.0,,,TE,2026,1,,0.0,,0.0,0.0,0.0,0.0,0.0,0.0
153,Keleki Latu,,,,,,,,,0,0,0,0,1,0.0,0.0,,,TE,2026,1,,0.0,,0.0,0.0,0.0,0.0,0.0,0.0
154,Joe Royer,,,,,,,,,0,0,0,0,0,0.0,0.0,,,TE,2026,1,,0.0,,0.0,0.0,0.0,0.0,0.0,0.0
155,Jackson Hawes,,,,,,,,,0,0,0,0,1,0.0,0.0,,,TE,2026,1,,0.0,,0.0,0.0,0.0,0.0,0.0,0.0
156,Carter Runyon,,,,,,,,,0,0,0,0,0,0.0,0.0,,,TE,2026,1,,0.0,,0.0,0.0,0.0,0.0,0.0,0.0
157,Robbie Ouzts,,,,,,,,,0,0,0,0,0,0.0,0.0,,,TE,2026,1,,0.0,,0.0,0.0,0.0,0.0,0.0,0.0
158,Tanner Koziol,,,,,,,,,0,0,0,0,0,0.0,0.0,,,TE,2026,1,,0.0,,0.0,0.0,0.0,0.0,0.0,0.0
159,Jack Endries,,,,,,,,,0,0,0,0,0,0.0,0.0,,,TE,2026,1,,0.0,,0.0,0.0,0.0,0.0,0.0,0.0
160,Caleb Lohner,,,,,,,,,0,0,0,0,0,0.0,0.0,,,TE,2026,1,,0.0,,0.0,0.0,0.0,0.0,0.0,0.0
161,Patrick Herbert,,,,,,,,,0,0,0,0,0,0.0,0.0,,,TE,2026,1,,0.0,,0.0,0.0,0.0,0.0,0.0,0.0
162,Jackson Meeks,,,,,,,,,0,0,0,0,1,0.0,0.0,,,TE,2026,1,,0.0,,0.0,0.0,0.0,0.0,0.0,0.0
163,Tre Watson,,,,,,,,,0,0,0,0,0,0.0,0.0,,,TE,2026,1,,0.0,,0.0,0.0,0.0,0.0,0.0,0.0
164,Ben Yurosek,,,,,,,,,0,0,0,0,0,0.0,0.0,,,TE,2026,1,,0.0,,0.0,0.0,0.0,0.0,0.0,0.0
165,Nick Kallerup,,,,,,,,,0,0,0,0,0,0.0,0.0,,,TE,2026,1,,0.0,,0.0,0.0,0.0,0.0,0.0,0.0
166,Drake Dabney,,,,,,,,,0,0,0,0,0,0.0,0.0,,,TE,2026,1,,0.0,,0.0,0.0,0.0,0.0,0.0,0.0
167,Max Klare,,,,,,,,,0,0,0,0,0,0.0,0.0,,,TE,2026,1,,0.0,,0.0,0.0,0.0,0.0,0.0,0.0
168,Thomas Gordon,,,,,,,,,0,0,0,0,0,0.0,0.0,,,TE,2026,1,,0.0,,0.0,0.0,0.0,0.0,0.0,0.0
169,Justin Joly,,,,,,,,,0,0,0,0,0,0.0,0.0,,,TE,2026,1,,0.0,,0.0,0.0,0.0,0.0,0.0,0.0
170,Josh Cuevas,,,,,,,,,0,0,0,0,1,0.0,0.0,,,TE,2026,1,,0.0,,0.0,0.0,0.0,0.0,0.0,0.0
171,John Michael Gyllenborg,,,,,,,,,0,0,0,0,0,0.0,0.0,,,TE,2026,1,,0.0,,0.0,0.0,0.0,0.0,0.0,0.0
172,Jaren Kanak,,,,,,,,,0,0,0,0,0,0.0,0.0,,,TE,2026,1,,0.0,,0.0,0.0,0.0,0.0,0.0,0.0
173,Sam Roush,,,,,,,,,0,0,0,0,1,0.0,0.0,,,TE,2026,1,,0.0,,0.0,0.0,0.0,0.0,0.0,0.0
174,Seydou Traore,,,,,,,,,0,0,0,0,1,0.0,0.0,,,TE,2026,1,,0.0,,0.0,0.0,0.0,0.0,0.0,0.0
175,Lake McRee,,,,,,,,,0,0,0,0,0,0.0,0.0,,,TE,2026,1,,0.0,,0.0,0.0,0.0,0.0,0.0,0.0
176,Bauer Sharp,,,,,,,,,0,0,0,0,1,0.0,0.0,,,TE,2026,1,,0.0,,0.0,0.0,0.0,0.0,0.0,0.0
177,Tanner Arkin,,,,,,,,,0,0,0,0,1,0.0,0.0,,,TE,2026,1,,0.0,,0.0,0.0,0.0,0.0,0.0,0.0
178,Jameson Geers,,,,,,,,,0,0,0,0,0,0.0,0.0,,,TE,2026,1,,0.0,,0.0,0.0,0.0,0.0,0.0,0.0
179,DJ Rogers,,,,,,,,,0,0,0,0,0,0.0,0.0,,,TE,2026,1,,0.0,,0.0,0.0,0.0,0.0,0.0,0.0
180,Dallen Bentley,,,,,,,,,0,0,0,0,0,0.0,0.0,,,TE,2026,1,,0.0,,0.0,0.0,0.0,0.0,0.0,0.0
181,Carsen Ryan,,,,,,,,,0,0,0,0,1,0.0,0.0,,,TE,2026,1,,0.0,,0.0,0.0,0.0,0.0,0.0,0.0
182,Will Kacmarek,,,,,,,,,0,0,0,0,1,0.0,0.0,,,TE,2026,1,,0.0,,1.0,0.0,0.0,0.0,33.3,0.0
183,Max Bredeson,,,,,,,,,0,0,0,0,1,0.0,0.0,,,TE,2026,1,,0.0,,0.0,0.0,0.0,0.0,0.0,0.0
184,Khalil Dinkins,,,,,,,,,0,0,0,0,0,0.0,0.0,,,TE,2026,1,,0.0,,0.0,0.0,0.0,0.0,0.0,0.0
185,Riley Nowakowski,,,,,,,,,0,0,0,0,1,0.0,0.0,,,TE,2026,1,,0.0,,0.0,0.0,0.0,0.0,0.0,0.0
186,Carson Towt,,,,,,,,,0,0,0,0,0,0.0,0.0,,,TE,2026,1,,0.0,,0.0,0.0,0.0,0.0,0.0,0.0
187,Evan Svoboda,,,,,,,,,0,0,0,0,0,0.0,0.0,,,TE,2026,1,,0.0,,0.0,0.0,0.0,0.0,0.0,0.0
188,Ty Pezza,,,,,,,,,0,0,0,0,0,0.0,0.0,,,TE,2026,1,,0.0,,0.0,0.0,0.0,0.0,0.0,0.0
189,Hayden Large,,,,,,,,,0,0,0,0,0,0.0,0.0,,,TE,2026,1,,0.0,,0.0,0.0,0.0,0.0,0.0,0.0
190,Dan Villari,,,,,,,,,0,0,0,0,0,0.0,0.0,,,TE,2026,1,,0.0,,0.0,0.0,0.0,0.0,0.0,0.0
191,Patrick Gurd,,,,,,,,,0,0,0,0,0,0.0,0.0,,,TE,2026,1,,0.0,,0.0,0.0,0.0,0.0,0.0,0.0
192,Kenny Fletcher Jr.,,,,,,,,,0,0,0,0,0,0.0,0.0,,,TE,2026,1,,0.0,,0.0,0.0,0.0,0.0,0.0,0.0
193,Cade Stover,,,,,,,,,0,0,0,0,1,-0.2,-0.2,,,TE,2026,1,,0.0,,1.0,1.0,-2.0,-2.0,8.3,0.0
194,Mason Taylor,,,,,,,,,0,0,0,0,1,-0.2,-0.2,,,TE,2026,1,,0.0,,3.0,2.0,-2.0,-1.0,42.9,0.0
195,Tyler Higbee,,,,,,,,,0,0,0,1,1,-0.8,-0.8,,,TE,2026,1,,0.0,,2.0,2.0,12.0,6.0,33.3,0.0
