Year,Rank,Player,Team,Pos,PosRank,Bye
2026,1,Jahmyr Gibbs,,RB,1,6
2026,2,Bijan Robinson,,RB,2,11
2026,3,Kenneth Walker,III,RB,3,5
2026,4,Jonathan Taylor,,RB,4,13
2026,5,Christian McCaffrey,,RB,5,8
2026,6,CeeDee Lamb,,WR,1,14
2026,7,Jaxon Smith-Njigba,,WR,2,11
2026,8,Amon-Ra St. Brown,,WR,3,6
2026,9,Ja'Marr Chase,,WR,4,6
2026,10,Puka Nacua,,WR,5,11
2026,11,James Cook,,RB,6,7
2026,12,Chris Olave,,WR,6,8
2026,13,Brock Bowers,,TE,1,13
2026,14,Drake London,,WR,7,11
2026,15,Kyren Williams,,RB,7,11
2026,16,Derrick Henry,,RB,8,13
2026,17,Ashton Jeanty,,RB,9,13
2026,18,Chase Brown,,RB,10,6
2026,19,Nico Collins,,WR,8,8
2026,20,Zay Flowers,,WR,9,13
2026,21,Trey McBride,,TE,2,14
2026,22,Josh Allen,,QB,1,7
2026,23,Chuba Hubbard,,RB,11,5
2026,24,Javonte Williams,,RB,12,14
2026,25,Justin Jefferson,,WR,10,6
2026,26,Michael Wilson,,WR,11,14
2026,27,Tetairoa McMillan,,WR,12,5
2026,28,Christian Watson,,WR,13,11
2026,29,Jeremiyah Love,,RB,13,14
2026,30,Parker Washington,,WR,14,7
2026,31,Breece Hall,,RB,14,13
2026,32,George Kittle,,TE,3,8
2026,33,Jaylen Warren,,RB,15,9
2026,34,Tee Higgins,,WR,15,6
2026,35,D'Andre Swift,,RB,16,10
2026,36,Garrett Wilson,,WR,16,13
2026,37,Malik Nabers,,WR,17,8
2026,38,Bhayshul Tuten,,RB,17,7
2026,39,George Pickens,,WR,18,14
2026,40,Davante Adams,,WR,19,11
2026,41,Mike Evans,,WR,20,8
2026,42,Matthew Golden,,WR,21,11
2026,43,Cam Skattebo,,RB,18,8
2026,44,Brock Purdy,,QB,2,8
2026,45,Jaylen Waddle,,WR,22,10
2026,46,Omarion Hampton,,RB,19,7
2026,47,Quinshon Judkins,,RB,20,11
2026,48,DeVonta Smith,,WR,23,10
2026,49,Carnell Tate,,WR,24,9
2026,50,A.J. Brown,,WR,25,11
2026,51,Kyle Monangai,,RB,21,10
2026,52,DJ Moore,,WR,26,7
2026,53,Tyler Shough,,QB,3,8
2026,54,Bucky Irving,,RB,22,10
2026,55,Patrick Mahomes,,QB,4,5
2026,56,Lamar Jackson,,QB,5,13
2026,57,Sam LaPorta,,TE,4,6
2026,58,Travis Kelce,,TE,5,5
2026,59,Saquon Barkley,,RB,23,10
2026,60,Joe Burrow,,QB,6,6
2026,61,Tucker Kraft,,TE,6,11
2026,62,Luther Burden,III,WR,27,10
2026,63,Tyler Warren,,TE,7,13
2026,64,Jalen Coker,,WR,28,5
2026,65,Dak Prescott,,QB,7,14
2026,66,Trevor Lawrence,,QB,8,7
2026,67,Jalen Hurts,,QB,9,10
2026,68,Josh Downs,,WR,29,13
2026,69,Rhamondre Stevenson,,RB,24,11
2026,70,Bryce Young,,QB,10,5
2026,71,Ladd McConkey,,WR,30,7
2026,72,Aaron Jones,,RB,25,6
2026,73,Jameson Williams,,WR,31,6
2026,74,Alvin Kamara,,RB,26,8
2026,75,DK Metcalf,,WR,32,9
2026,76,Terry McLaurin,,WR,33,7
2026,77,RJ Harvey,,RB,27,10
2026,78,Rome Odunze,,WR,34,10
2026,79,Tony Pollard,,RB,28,9
2026,80,Harold Fannin Jr.,,TE,8,11
2026,81,Jared Goff,,QB,11,6
2026,82,Drake Maye,,QB,12,11
2026,83,Deebo Samuel Sr.,,WR,35,8
2026,84,Josh Jacobs,,RB,29,11
2026,85,Romeo Doubs,,WR,36,11
2026,86,Dalton Kincaid,,TE,9,7
2026,87,Emeka Egbuka,,WR,37,10
2026,88,Rashee Rice,,WR,38,5
2026,89,Jordan Love,,QB,13,11
2026,90,Juwan Johnson,,TE,10,8
2026,91,David Montgomery,,RB,30,8
2026,92,Matthew Stafford,,QB,14,11
2026,93,TreVeyon Henderson,,RB,31,11
2026,94,Stefon Diggs,,WR,39,7
2026,95,Woody Marks,,RB,32,8
2026,96,Colston Loveland,,TE,11,10
2026,97,Keaton Mitchell,,RB,33,7
2026,98,Xavier Worthy,,WR,40,5
2026,99,KC Concepcion,,WR,41,11
2026,100,Ollie Gordon,II,RB,34,6
2026,101,Jayden Daniels,,QB,15,7
2026,102,Denzel Boston,,WR,42,11
2026,103,T.J. Hockenson,,TE,12,6
2026,104,Jordan Addison,,WR,43,6
2026,105,Keon Coleman,,WR,44,7
2026,106,Isaiah Likely,,TE,13,8
2026,107,Tyler Allgeier,,RB,35,14
2026,108,Braelon Allen,,RB,36,13
2026,109,Marvin Harrison Jr.,,WR,45,14
2026,110,Dallas Goedert,,TE,14,10
2026,111,Roman Wilson,,WR,46,9
2026,112,Kirk Cousins,,QB,16,13
2026,113,Justin Herbert,,QB,17,7
2026,114,Blake Corum,,RB,37,11
2026,115,Bo Nix,,QB,18,10
2026,116,Jordyn Tyson,,WR,47,8
2026,117,Dontayvion Wicks,,WR,48,10
2026,118,Jakobi Meyers,,WR,49,7
2026,119,Emanuel Wilson,,RB,38,11
2026,120,Chris Godwin Jr.,,WR,50,10
2026,121,Khalil Shakir,,WR,51,7
2026,122,Jake Ferguson,,TE,15,14
2026,123,Devaughn Vele,,WR,52,8
2026,124,Kenyon Sadiq,,TE,16,13
2026,125,Adonai Mitchell,,WR,53,13
2026,126,Wan'Dale Robinson,,WR,54,9
2026,127,Mark Andrews,,TE,17,13
2026,128,Caleb Williams,,QB,19,10
2026,129,Brenton Strange,,TE,18,7
2026,130,Darren Waller,,TE,19,5
2026,131,Brian Thomas Jr.,,WR,55,7
2026,132,Jordan Mason,,RB,39,6
2026,133,Rashid Shaheed,,WR,56,11
2026,134,Mike Washington Jr.,,RB,40,13
2026,135,C.J. Stroud,,QB,20,8
2026,136,Emmett Johnson,,RB,41,5
2026,137,Cam Ward,,QB,21,9
2026,138,Tre Tucker,,WR,57,13
2026,139,Malik Washington,,WR,58,6
2026,140,Will Shipley,,RB,42,10
2026,141,J.K. Dobbins,,RB,43,10
2026,142,Rico Dowdle,,RB,44,9
2026,143,Quentin Johnston,,WR,59,7
2026,144,Kyler Murray,,QB,22,6
2026,145,Brian Robinson,,RB,45,11
2026,146,Michael Pittman,,WR,60,9
2026,147,Kaelon Black,,RB,46,8
2026,148,Zach Charbonnet,,RB,47,11
2026,149,Kyle Pitts,,TE,20,11
2026,150,Pat Freiermuth,,TE,21,9
2026,151,Makai Lemon,,WR,61,10
2026,152,Jacoby Brissett,,QB,23,14
2026,153,Michael Penix Jr.,,QB,24,11
2026,154,Jadarian Price,,RB,48,11
2026,155,Michael Mayer,,TE,22,13
2026,156,Hunter Henry,,TE,23,11
2026,157,Kenny Gainwell,,RB,49,10
2026,158,Keenan Allen,,WR,62,13
2026,159,Jaylin Noel,,WR,63,8
2026,160,Daniel Jones,,QB,25,13
2026,161,Jacory Croskey-Merritt,,RB,50,7
2026,162,Malik Willis,,QB,26,6
2026,163,Sam Darnold,,QB,27,11
2026,164,Deshaun Watson,,QB,28,11
2026,165,Geno Smith,,QB,29,13
2026,166,Isaac TeSlaa,,WR,64,6
2026,167,Travis Etienne,,RB,51,8
2026,168,Mike Gesicki,,TE,24,6
2026,169,Rachaad White,,RB,52,7
2026,170,Rashod Bateman,,WR,65,13
2026,171,Tyjae Spears,,RB,53,9
2026,172,AJ Barner,,TE,25,11
2026,173,Courtland Sutton,,WR,66,10
2026,174,Ted Hurst,III,WR,67,10
2026,175,Dalton Schultz,,TE,26,8
2026,176,Tre Harris,,WR,68,7
2026,177,Caleb Douglas,,WR,69,6
2026,178,Ryan Flournoy,,WR,70,14
2026,179,Terrance Ferguson,,TE,27,11
2026,180,Samaje Perine,,RB,54,6
2026,181,Aaron Rodgers,,QB,30,9
2026,182,Chris Bell,,WR,71,6
2026,183,Jonathon Brooks,,RB,55,5
2026,184,Alec Pierce,,WR,72,13
2026,185,Omar Cooper Jr.,,WR,73,13
2026,186,Najee Harris,,RB,56,8
2026,187,Oronde Gadsden,II,TE,28,7
2026,188,Kayshon Boutte,,WR,74,8
2026,189,Cade Otton,,TE,29,10
2026,190,DeMario Douglas,,WR,75,11
2026,191,Jonah Coleman,,RB,57,10
2026,192,Tank Bigsby,,RB,58,10
2026,193,Evan Engram,,TE,30,10
2026,194,MarShawn Lloyd,,RB,59,11
2026,195,Tyler Badie,,RB,60,10
2026,196,Malachi Fields,,WR,76,8
2026,197,Cyrus Allen,,WR,77,5
2026,198,De'Zhaun Stribling,,WR,78,8
2026,199,Tory Horton,,WR,79,11
2026,200,Baker Mayfield,,QB,31,10
2026,201,Jauan Jennings,,WR,80,6
2026,202,Kaleb Johnson,,RB,61,11
2026,203,Darnell Washington,,TE,31,9
2026,204,Noah Fant,,TE,32,8
2026,205,Chris Brooks,,RB,62,11
2026,206,Cooper Kupp,,WR,81,11
2026,207,Jerry Jeudy,,WR,82,11
2026,208,KaVontae Turpin,,WR,83,14
2026,209,Kalif Raymond,,WR,84,10
2026,210,Greg Dulcich,,TE,33,6
2026,211,Colby Parkinson,,TE,34,11
2026,212,Antonio Williams,,WR,85,7
2026,213,Darnell Mooney,,WR,86,8
2026,214,Jalen Nailor,,WR,87,13
2026,215,Calvin Ridley,,WR,88,9
2026,216,Pat Bryant,,WR,89,10
2026,217,Xavier Hutchinson,,WR,90,8
2026,218,Zachariah Branch,,WR,91,11
2026,219,Demond Claiborne,,RB,63,6
2026,220,Chig Okonkwo,,TE,35,7
2026,221,Cole Kmet,,TE,36,10
2026,222,John Metchie,III,WR,92,5
2026,223,Elic Ayomanor,,WR,93,9
2026,224,Tyler Higbee,,TE,37,11
2026,225,George Holani,,RB,64,11
2026,226,Troy Franklin,,WR,94,10
2026,227,Isaiah Davis,,RB,65,13
2026,228,Tommy Tremble,,TE,38,5
2026,229,Ty Johnson,,RB,66,7
2026,230,Josh Palmer,,WR,95,7
2026,231,Dylan Sampson,,RB,67,11
2026,232,Kendrick Bourne,,WR,96,14
2026,233,Ja'Kobi Lane,,WR,97,13
2026,234,Jaylen Wright,,RB,68,6
2026,235,Gunnar Helm,,TE,39,9
2026,236,Demarcus Robinson,,WR,98,8
2026,237,David Njoku,,TE,40,7
2026,238,Xavier Legette,,WR,99,5
2026,239,Dawson Knox,,TE,41,7
2026,240,Noah Gray,,TE,42,5
2026,241,Marvin Mims Jr.,,WR,100,10
2026,242,Jahan Dotson,,WR,101,11
2026,243,Elijah Arroyo,,TE,43,11
2026,244,Olamide Zaccheaus,,WR,102,11
2026,245,Elijah Higgins,,TE,44,14
2026,246,Tyrone Tracy Jr.,,RB,69,8
2026,247,Austin Hooper,,TE,45,11
2026,248,Christian Kirk,,WR,103,8
2026,249,Justice Hill,,RB,70,13
2026,250,Mason Taylor,,TE,46,13
2026,251,Jack Bech,,WR,104,13
2026,252,Tanner Hudson,,TE,47,6
2026,253,Ja'Tavion Sanders,,TE,48,5
2026,254,Colbie Young,,WR,105,6
2026,255,Germie Bernard,,WR,106,9
2026,256,Zavion Thomas,,WR,107,10
2026,257,Bryce Lance,,WR,108,8
2026,258,Jalen McMillan,,WR,109,10
2026,259,Kaytron Allen,,RB,71,7
2026,260,Eli Stowers,,TE,49,10
2026,261,Theo Johnson,,TE,50,8
2026,262,De'Von Achane,,RB,72,6
2026,263,Oscar Delp,,TE,51,8
2026,264,Jake Tonges,,TE,52,8
2026,265,Isiah Pacheco,,RB,73,6
2026,266,Matthew Hibner,,TE,53,13
2026,267,Jaxson Dart,,QB,32,8
2026,268,Andrei Iosivas,,WR,110,6
2026,269,Tyquan Thornton,,WR,111,5
2026,270,Jayden Reed,,WR,112,11
2026,271,Chris Rodriguez Jr.,,RB,74,7
