Year,Player,Team,Pos,PassingATT,PassingATT High,PassingATT Low,PassingCMP,PassingCMP High,PassingCMP Low,PassingYDS,PassingYDS High,PassingYDS Low,PassingTD,PassingTD High,PassingTD Low,INTS,INTS High,INTS Low,RushingATT,RushingATT High,RushingATT Low,RushingYDS,RushingYDS High,RushingYDS Low,RushingTD,RushingTD High,RushingTD Low,FL,FL High,FL Low,FPTS,FPTS High,FPTS Low,REC,REC High,REC Low,ReceivingYDS,ReceivingYDS High,ReceivingYDS Low,ReceivingTD,ReceivingTD High,ReceivingTD Low
2026,Josh Allen,BUF,QB,498.5,509.0,488.0,337.1,340.2,334.0,3830.1,3945.3,3715.0,28.6,31.0,26.2,12.3,11.6,13.0,120.7,125.0,116.4,594.8,610.0,579.5,11.7,12.4,11.0,4.1,4.0,4.2,376.9,408.0,369.2,,,,,,,,,
2026,Jayden Daniels,WAS,QB,495.1,520.2,470.0,322.2,347.4,297.0,3667.1,3855.2,3479.0,24.7,27.0,22.4,11.0,9.9,12.0,135.5,140.0,131.0,707.4,745.0,669.9,5.1,5.1,5.0,2.8,2.0,3.7,330.1,362.0,318.9,,,,,,,,,
2026,Lamar Jackson,BAL,QB,434.6,467.2,402.0,284.5,302.9,266.0,3610.0,3884.0,3336.0,29.4,33.0,25.8,10.4,9.8,11.0,114.1,122.1,106.0,636.6,670.1,603.0,3.3,3.7,3.0,4.2,4.0,4.3,327.0,361.0,321.6,,,,,,,,,
2026,Drake Maye,NE,QB,504.0,520.0,488.0,345.6,355.2,336.0,4026.1,4094.2,3958.0,27.4,28.0,26.9,11.1,11.0,11.2,102.0,103.0,101.0,540.8,550.0,531.5,4.0,4.0,4.0,5.6,5.1,6.0,326.7,356.0,318.6,,,,,,,,,
2026,Jalen Hurts,PHI,QB,485.4,499.8,471.0,315.5,328.1,303.0,3581.2,3780.5,3382.0,24.7,26.0,23.5,7.6,6.0,9.2,112.1,118.0,106.2,463.8,490.0,437.6,8.6,9.1,8.0,4.0,4.0,4.1,324.3,348.0,319.9,,,,,,,,,
2026,Jaxson Dart,NYG,QB,506.0,509.0,503.0,321.9,326.8,317.0,3605.4,3686.7,3524.0,23.5,26.0,20.9,12.1,10.2,14.0,99.9,100.8,99.0,542.7,553.4,532.0,6.8,7.0,6.6,2.9,2.0,3.7,315.1,346.0,300.9,,,,,,,,,
2026,Brock Purdy,SF,QB,543.9,558.0,529.9,366.5,381.0,352.1,4157.8,4181.6,4134.0,28.5,30.0,27.1,14.9,13.9,16.0,73.2,81.0,65.4,313.1,349.0,277.3,4.3,5.0,3.6,4.3,3.7,5.0,314.0,350.0,293.1,,,,,,,,,
2026,Joe Burrow,CIN,QB,593.8,618.0,569.7,396.2,407.0,385.5,4180.4,4241.0,4119.7,33.4,34.0,32.8,12.5,10.9,14.0,41.9,51.7,32.0,177.0,188.9,165.0,1.5,2.1,1.0,1.9,1.0,2.8,311.5,347.0,303.5,,,,,,,,,
2026,Dak Prescott,DAL,QB,584.9,614.0,555.8,386.9,402.0,371.9,4284.3,4455.0,4113.5,31.4,33.0,29.7,12.0,12.0,12.0,51.1,51.2,51.0,180.0,186.0,174.0,2.1,2.2,2.0,2.8,2.0,3.6,309.7,362.0,286.3,,,,,,,,,
2026,Trevor Lawrence,JAC,QB,547.3,559.7,535.0,334.9,346.7,323.0,3862.9,3928.8,3797.0,27.5,30.0,24.9,14.0,13.0,15.0,75.2,77.0,73.5,330.8,334.5,327.0,5.4,6.0,4.8,3.4,3.0,3.8,309.1,346.0,288.3,,,,,,,,,
2026,Patrick Mahomes I,IKC,QB,558.6,566.0,551.3,355.5,358.0,353.0,3838.0,3992.9,3683.0,27.6,29.0,26.1,11.8,11.7,12.0,62.0,71.0,53.1,381.2,436.0,326.4,3.6,4.0,3.2,2.0,1.0,3.0,307.6,345.0,289.5,,,,,,,,,
2026,Justin Herbert,LAC,QB,528.0,528.0,527.9,349.2,353.0,345.4,3816.7,3846.5,3787.0,26.8,28.0,25.5,12.0,11.0,13.0,80.7,83.0,78.3,475.0,544.0,405.9,2.1,2.3,2.0,2.8,2.0,3.6,302.4,338.0,282.6,,,,,,,,,
2026,Caleb Williams,CHI,QB,552.2,576.0,528.4,322.3,328.0,316.5,3801.9,3820.8,3783.0,27.1,29.0,25.3,10.0,10.0,10.0,74.6,78.0,71.1,391.4,401.0,381.8,2.1,2.3,2.0,3.0,2.0,4.0,296.5,335.0,281.5,,,,,,,,,
2026,Matthew Stafford,LAR,QB,548.2,557.4,539.0,349.4,355.9,343.0,4164.9,4281.9,4048.0,34.5,35.0,34.0,8.3,7.0,9.7,27.0,27.1,27.0,38.7,39.4,38.0,0.3,0.6,0.0,2.8,2.0,3.5,296.4,341.0,293.6,,,,,,,,,
2026,Bo Nix,DEN,QB,570.0,575.0,565.0,364.4,365.0,363.8,3697.1,3871.2,3523.0,26.7,27.0,26.3,10.6,10.0,11.1,77.6,82.3,73.0,330.7,355.3,306.0,3.5,3.9,3.0,2.0,1.0,3.1,293.8,314.0,294.7,,,,,,,,,
2026,Baker Mayfield,TB,QB,539.8,553.0,526.6,346.7,355.0,338.5,3888.1,3953.0,3823.2,27.3,30.0,24.6,13.3,11.7,15.0,56.5,59.0,54.1,360.1,397.0,323.2,1.7,2.0,1.4,3.7,3.0,4.4,290.3,339.0,264.9,,,,,,,,,
2026,Daniel Jones,IND,QB,531.1,535.0,527.2,346.0,349.0,343.0,3851.5,3960.0,3743.1,25.3,31.0,19.5,11.6,11.2,12.0,63.5,73.0,54.0,239.7,307.3,172.0,4.4,5.9,3.0,3.8,3.0,4.5,286.6,335.0,266.4,,,,,,,,,
2026,Jared Goff,DET,QB,533.9,543.9,524.0,368.1,371.2,365.0,4221.2,4234.0,4208.3,31.5,34.0,29.0,10.0,9.9,10.0,24.1,27.2,21.0,46.8,49.5,44.0,0.3,0.7,0.0,3.7,3.4,4.0,284.2,337.0,268.2,,,,,,,,,
2026,Tyler Shough,NO,QB,551.4,555.0,547.9,363.0,370.0,356.0,3939.4,3992.0,3886.8,22.2,24.0,20.4,12.6,11.2,14.0,70.3,75.0,65.6,305.2,326.0,284.3,4.1,4.3,4.0,3.6,3.3,4.0,281.8,308.0,264.8,,,,,,,,,
2026,Malik Willis,MIA,QB,486.4,513.8,459.0,320.0,327.9,312.0,3340.8,3584.5,3097.0,19.0,25.0,13.0,13.8,10.5,17.0,124.6,144.0,105.2,633.2,723.0,543.4,4.2,5.0,3.4,6.2,6.0,6.3,272.2,315.0,238.8,,,,,,,,,
2026,Kyler Murray,MIN,QB,484.8,491.6,478.0,318.5,331.1,306.0,3369.6,3398.0,3341.2,23.1,27.0,19.2,15.5,10.0,21.0,76.9,83.0,70.8,466.6,491.0,442.2,3.6,4.0,3.1,3.8,3.5,4.0,272.1,301.0,248.9,,,,,,,,,
2026,C.J. Stroud,HOU,QB,561.7,572.0,551.5,351.7,352.0,351.5,3937.9,3945.9,3930.0,24.6,28.0,21.3,12.0,12.0,12.1,56.0,57.1,55.0,249.0,249.0,248.9,1.0,1.0,1.0,3.5,3.0,3.9,268.2,311.0,245.3,,,,,,,,,
2026,Jordan Love,GB,QB,501.7,531.4,472.0,325.5,342.0,309.0,3837.8,3993.5,3682.0,27.0,29.0,25.1,10.4,10.0,10.8,48.2,50.4,46.0,199.9,212.8,187.0,0.5,0.9,0.0,3.0,2.0,4.0,268.0,300.0,259.2,,,,,,,,,
2026,Sam Darnold,SEA,QB,505.1,513.1,497.0,336.6,338.0,335.3,4062.4,4112.0,4012.8,28.0,32.0,24.0,12.7,12.3,13.0,46.0,48.0,44.1,134.7,144.0,125.5,0.4,0.9,0.0,5.3,4.6,6.0,267.3,315.0,242.3,,,,,,,,,
2026,Bryce Young,CAR,QB,514.5,537.0,492.0,323.1,334.3,312.0,3370.4,3633.8,3107.0,21.2,22.0,20.3,14.1,12.2,16.0,59.9,62.0,57.8,269.2,272.4,266.0,2.6,3.0,2.1,3.0,2.0,4.0,241.8,249.0,237.5,,,,,,,,,
2026,Jacoby Brissett,ARI,QB,553.0,588.0,517.9,353.1,379.0,327.3,3573.8,3794.0,3353.6,19.9,25.0,14.8,10.1,9.2,11.0,51.6,56.0,47.2,233.8,258.0,209.5,1.7,2.0,1.3,4.8,3.7,6.0,236.0,288.0,198.3,,,,,,,,,
2026,Geno Smith,NYJ,QB,510.1,531.3,489.0,335.3,361.6,309.0,3368.7,3808.4,2929.0,22.1,24.0,20.3,15.2,14.5,16.0,58.0,58.0,58.0,235.9,252.0,219.8,1.0,1.0,1.0,2.2,1.0,3.4,233.3,239.0,231.1,,,,,,,,,
2026,Cam Ward,TEN,QB,547.1,558.2,536.0,335.5,354.9,316.0,3452.4,3753.9,3151.0,19.2,22.0,16.4,9.7,9.0,10.3,42.8,46.6,39.0,177.2,200.4,154.0,2.5,3.0,2.0,5.4,4.8,6.0,227.3,245.0,218.8,,,,,,,,,
2026,Aaron Rodgers,PIT,QB,521.9,568.8,475.0,332.4,362.7,302.0,3413.8,3763.6,3064.0,21.4,23.0,19.9,10.1,9.0,11.1,24.6,28.1,21.0,83.2,99.4,67.0,0.9,1.0,0.9,2.8,2.0,3.5,220.7,240.0,217.6,,,,,,,,,
2026,Fernando Mendoza,LV,QB,430.2,443.5,417.0,280.7,282.4,279.0,2848.1,3066.3,2630.0,16.9,19.0,14.9,13.2,10.5,16.0,51.6,52.3,51.0,233.6,238.0,229.1,1.5,2.0,1.0,2.7,2.0,3.4,195.4,198.0,191.6,,,,,,,,,
2026,Deshaun Watson,CLE,QB,409.5,537.0,282.0,247.5,321.0,173.9,2587.2,3314.0,1860.3,14.5,21.0,8.0,10.2,6.4,14.0,56.5,75.0,38.0,255.3,319.0,191.5,2.0,3.0,0.9,4.2,2.4,6.0,180.1,248.0,114.8,,,,,,,,,
2026,Tua Tagovailoa,ATL,QB,382.6,466.0,299.2,251.0,299.0,203.0,2811.9,3454.0,2169.7,17.3,24.0,10.6,9.0,7.9,10.0,20.5,25.0,15.9,49.2,54.0,44.3,0.1,0.3,0.0,2.3,2.0,2.5,173.9,254.0,115.6,,,,,,,,,
2026,Michael Penix Jr.,ATL,QB,174.6,267.3,82.0,110.9,168.9,53.0,1245.4,1881.9,609.0,6.7,9.3,4.0,3.6,2.0,5.2,12.7,19.4,6.0,47.1,76.2,18.0,0.4,0.9,0.0,1.0,0.0,2.0,78.3,112.7,37.0,,,,,,,,,
2026,Shedeur Sanders,CLE,QB,142.3,262.6,22.0,89.2,165.3,13.0,975.5,1816.0,135.0,4.3,7.5,1.0,3.7,1.0,6.3,14.0,24.0,4.0,75.7,134.4,17.0,0.3,0.7,0.0,0.8,0.0,1.6,60.4,105.5,7.0,,,,,,,,,
2026,Kirk Cousins,LV,QB,112.9,122.7,103.0,74.3,79.5,69.0,746.6,819.1,674.0,4.2,5.0,3.5,3.3,2.7,4.0,6.3,7.0,5.5,9.3,9.6,9.0,0.1,0.2,0.0,0.9,0.9,1.0,43.1,42.2,38.0,,,,,,,,,
2026,J.J. McCarthy,MIN,QB,51.9,84.9,19.0,33.2,54.3,12.0,369.2,602.4,136.0,2.3,3.5,1.0,1.6,1.0,2.3,7.0,9.9,4.0,31.9,44.9,19.0,0.3,0.7,0.0,0.4,0.0,0.8,26.6,41.0,7.0,,,,,,,,,
2026,Ty Simpson,LAR,QB,40.9,60.0,21.8,25.8,38.0,13.5,298.2,450.0,146.4,2.6,4.0,1.2,0.8,0.6,1.0,4.1,7.0,1.1,18.4,32.0,4.8,0.0,0.1,0.0,0.1,0.0,0.2,23.4,34.0,10.1,,,,,,,,,
2026,Carson Beck,ARI,QB,41.6,65.2,18.0,26.4,40.7,12.0,285.6,455.1,116.0,1.9,2.8,1.0,0.8,0.0,1.5,4.3,6.6,2.0,18.5,30.0,7.0,0.2,0.3,0.0,0.2,0.0,0.5,20.4,30.4,8.0,,,,,,,,,
2026,Marcus Mariota,WAS,QB,34.8,47.0,22.6,22.2,30.0,14.3,257.1,348.0,166.3,2.0,3.0,1.0,0.8,0.7,1.0,1.4,1.8,1.0,7.9,9.8,6.0,0.0,0.1,0.0,0.1,0.0,0.2,18.1,21.0,10.2,,,,,,,,,
2026,Joe Milton III,DAL,QB,23.9,25.0,22.8,15.4,16.0,14.8,170.7,182.0,159.5,1.1,1.2,1.0,0.2,0.0,0.5,3.2,5.0,1.4,13.4,21.0,5.9,0.0,0.1,0.0,0.1,0.0,0.2,12.2,10.7,9.0,,,,,,,,,
2026,Shane Buechele,BUF,QB,20.0,20.0,20.0,14.0,14.0,14.0,151.0,151.0,151.0,1.0,1.0,1.0,0.0,0.0,0.0,4.0,4.0,4.0,20.0,20.0,20.0,0.0,0.0,0.0,0.0,0.0,0.0,12.0,9.0,9.0,,,,,,,,,
2026,Jarrett Stidham,DEN,QB,23.1,24.0,22.3,14.4,15.0,13.8,152.7,161.3,144.0,1.1,1.1,1.0,0.3,0.0,0.6,3.3,5.0,1.7,12.9,19.0,6.8,0.0,0.1,0.0,0.1,0.0,0.2,11.3,10.4,9.0,,,,,,,,,
2026,Jake Browning,TB,QB,22.5,23.0,21.9,14.3,14.6,14.0,157.4,162.7,152.0,1.0,1.1,1.0,0.9,0.7,1.0,3.1,5.0,1.3,15.7,26.0,5.5,0.0,0.1,0.0,0.1,0.0,0.1,11.2,10.3,7.0,,,,,,,,,
2026,Will Levis,TEN,QB,22.0,22.0,22.0,13.0,13.0,13.0,129.0,129.0,129.0,1.0,1.0,1.0,0.0,0.0,0.0,4.0,4.0,4.0,19.0,19.0,19.0,0.0,0.0,0.0,0.0,0.0,0.0,11.1,9.0,9.0,,,,,,,,,
2026,Teddy Bridgewater,DET,QB,21.8,22.0,21.6,13.7,14.0,13.3,157.9,165.0,150.8,1.0,1.0,1.0,0.4,0.0,0.7,3.1,5.0,1.1,8.9,13.0,4.8,0.0,0.1,0.0,0.0,0.0,0.1,11.0,9.4,8.0,,,,,,,,,
2026,Tyson Bagent,CHI,QB,21.5,22.1,21.0,13.6,14.2,13.0,154.5,155.9,153.0,1.0,1.0,1.0,0.3,0.0,0.6,3.3,5.0,1.5,10.0,14.0,5.9,0.0,0.1,0.0,0.1,0.0,0.2,11.0,10.1,8.0,,,,,,,,,
2026,Justin Fields,KC,QB,21.8,23.0,20.6,13.4,14.0,12.8,144.1,148.0,140.3,1.0,1.0,0.9,0.7,0.4,1.0,3.4,4.0,2.8,18.1,21.0,15.3,0.1,0.2,0.0,0.1,0.0,0.2,10.9,10.6,7.0,,,,,,,,,
2026,Tommy DeVito,NE,QB,22.5,22.5,22.5,14.7,14.7,14.7,149.8,149.8,149.8,1.0,1.0,1.0,0.4,0.4,0.4,1.9,1.9,1.9,9.5,9.5,9.5,0.1,0.1,0.1,0.1,0.1,0.1,10.6,10.3,10.3,,,,,,,,,
2026,Tyler Huntley,BAL,QB,17.8,19.6,16.0,11.8,12.6,11.0,130.3,132.0,128.5,0.9,1.0,0.9,0.3,0.0,0.5,3.5,5.0,2.0,18.7,28.0,9.5,0.0,0.1,0.0,0.1,0.0,0.1,10.6,9.0,8.6,,,,,,,,,
2026,Davis Mills,HOU,QB,23.2,23.5,23.0,14.1,14.2,14.0,153.7,161.0,146.4,0.9,1.0,0.8,0.3,0.0,0.6,3.0,5.0,1.0,11.4,19.0,3.9,0.0,0.0,0.0,0.1,0.0,0.1,10.5,9.0,8.3,,,,,,,,,
2026,Trey Lance,LAC,QB,22.2,22.5,22.0,13.6,14.0,13.2,148.7,150.0,147.3,1.0,1.0,1.0,0.8,0.6,1.0,3.2,5.0,1.5,13.4,20.0,6.8,0.0,0.0,0.0,0.1,0.0,0.1,10.4,9.4,7.0,,,,,,,,,
2026,Tanner McKee,PHI,QB,20.3,21.7,19.0,12.9,13.7,12.0,141.1,153.1,129.0,1.0,1.0,1.0,0.2,0.0,0.5,3.0,5.0,1.0,9.9,16.0,3.7,0.0,0.0,0.0,0.0,0.0,0.1,10.3,9.5,8.0,,,,,,,,,
2026,Mason Rudolph,PIT,QB,22.2,23.3,21.0,14.0,15.0,13.0,149.4,162.9,136.0,0.9,1.0,0.9,0.3,0.0,0.7,2.6,4.0,1.2,10.6,17.0,4.2,0.0,0.0,0.0,0.1,0.0,0.2,10.3,9.0,8.9,,,,,,,,,
2026,Joe Flacco,CIN,QB,24.8,25.0,24.7,16.1,17.0,15.2,168.7,173.0,164.4,1.2,1.3,1.0,0.8,0.7,1.0,2.2,4.0,0.4,8.6,16.0,1.2,0.0,0.0,0.0,0.6,0.2,1.0,10.3,10.5,4.0,,,,,,,,,
2026,Mac Jones,SF,QB,22.7,23.0,22.4,14.9,15.0,14.8,156.4,167.0,145.7,1.0,1.0,1.0,0.8,0.6,1.0,3.0,5.0,1.0,10.1,18.0,2.2,0.0,0.0,0.0,0.1,0.0,0.1,10.3,8.6,7.0,,,,,,,,,
2026,Spencer Rattler,NO,QB,23.0,23.0,22.9,15.0,15.0,14.9,156.7,160.0,153.5,0.9,1.0,0.8,0.8,0.5,1.0,2.7,4.0,1.3,12.1,17.0,7.1,0.0,0.0,0.0,0.1,0.0,0.2,10.2,8.9,7.0,,,,,,,,,
2026,Riley Leonard,IND,QB,22.4,22.8,22.0,14.3,14.6,14.0,160.1,162.0,158.1,0.9,1.0,0.8,0.3,0.0,0.5,3.1,5.0,1.2,12.7,20.0,5.4,0.0,0.1,0.0,0.6,0.2,1.0,10.1,9.4,7.0,,,,,,,,,
2026,Drew Lock,SEA,QB,20.6,21.2,20.0,13.0,13.0,12.9,146.6,159.0,134.3,0.9,1.0,0.8,0.8,0.6,1.0,3.1,5.0,1.2,13.1,21.0,5.2,0.0,0.1,0.0,0.1,0.0,0.2,10.0,8.0,7.0,,,,,,,,,
2026,Andy Dalton,PHI,QB,19.0,19.0,19.0,13.0,13.0,13.0,140.0,140.0,140.0,1.0,1.0,1.0,0.0,0.0,0.0,5.0,5.0,5.0,23.0,23.0,23.0,0.0,0.0,0.0,1.0,1.0,1.0,9.9,7.0,7.0,,,,,,,,,
2026,Behren Morton,NE,QB,15.0,15.0,15.0,10.0,10.0,10.0,121.0,121.0,121.0,1.0,1.0,1.0,0.0,0.0,0.0,2.0,2.0,2.0,10.0,10.0,10.0,0.0,0.0,0.0,0.0,0.0,0.0,9.8,8.0,8.0,,,,,,,,,
2026,Kenny Pickett,CAR,QB,21.2,22.5,20.0,13.5,14.1,13.0,138.7,153.4,124.0,0.9,1.0,0.9,0.7,0.5,1.0,2.7,4.0,1.3,12.9,22.0,3.7,0.0,0.0,0.0,0.1,0.0,0.2,9.8,9.1,7.0,,,,,,,,,
2026,Nick Mullens,JAC,QB,18.8,23.6,14.0,13.2,15.4,11.0,139.7,179.3,100.0,1.1,1.1,1.0,0.4,0.0,0.9,3.1,5.0,1.1,3.7,4.0,3.4,0.0,0.0,0.0,0.1,0.0,0.2,9.8,10.3,7.0,,,,,,,,,
2026,Seth Henigan,IND,QB,16.0,16.0,16.0,11.0,11.0,11.0,121.0,121.0,121.0,1.0,1.0,1.0,0.0,0.0,0.0,2.0,2.0,2.0,9.0,9.0,9.0,0.0,0.0,0.0,0.0,0.0,0.0,9.7,8.0,8.0,,,,,,,,,
2026,Chris Oladokun,KC,QB,23.0,23.0,23.0,14.0,14.0,14.0,148.0,148.0,148.0,1.0,1.0,1.0,0.0,0.0,0.0,4.0,4.0,4.0,18.0,18.0,18.0,0.0,0.0,0.0,1.0,1.0,1.0,9.7,7.0,7.0,,,,,,,,,
2026,Gardner Minshew II,ARI,QB,22.9,24.0,21.8,14.3,15.0,13.6,148.3,155.0,141.6,0.8,1.0,0.6,0.3,0.0,0.6,2.4,4.0,0.9,9.3,16.0,2.6,0.0,0.0,0.0,0.1,0.0,0.2,9.7,8.0,7.1,,,,,,,,,
2026,Tyrod Taylor,GB,QB,20.0,20.0,20.0,12.8,12.8,12.8,136.1,136.1,136.1,0.9,0.9,0.9,0.5,0.5,0.5,2.3,2.3,2.3,12.4,12.4,12.4,0.1,0.1,0.1,0.2,0.2,0.2,9.7,9.3,9.3,,,,,,,,,
2026,Adrian Martinez,SF,QB,16.0,16.0,16.0,11.0,11.0,11.0,115.0,115.0,115.0,1.0,1.0,1.0,0.0,0.0,0.0,3.0,3.0,3.0,7.0,7.0,7.0,0.0,0.0,0.0,0.0,0.0,0.0,9.3,8.0,8.0,,,,,,,,,
2026,Garrett Nussmeier,KC,QB,17.0,17.0,17.0,11.0,11.0,11.0,111.0,111.0,111.0,1.0,1.0,1.0,0.0,0.0,0.0,2.0,2.0,2.0,8.0,8.0,8.0,0.0,0.0,0.0,0.0,0.0,0.0,9.2,8.0,8.0,,,,,,,,,
2026,Jameis Winston,NYG,QB,21.6,22.2,21.0,13.3,13.6,13.0,153.6,163.3,144.0,1.0,1.0,0.9,1.0,0.9,1.0,2.9,5.0,0.7,12.3,22.0,2.7,0.0,0.0,0.0,0.6,0.2,1.0,9.2,8.7,5.0,,,,,,,,,
2026,Cade Klubnik,NYJ,QB,18.7,22.4,15.0,11.9,14.7,9.0,124.0,158.0,90.0,0.9,1.0,0.8,0.2,0.0,0.4,1.6,2.0,1.3,7.3,9.0,5.6,0.0,0.1,0.0,0.1,0.0,0.2,9.2,9.7,7.0,,,,,,,,,
2026,Cole Payton,PHI,QB,14.0,14.0,14.0,10.0,10.0,10.0,105.0,105.0,105.0,1.0,1.0,1.0,0.0,0.0,0.0,2.0,2.0,2.0,10.0,10.0,10.0,0.0,0.0,0.0,0.0,0.0,0.0,9.2,8.0,8.0,,,,,,,,,
2026,Jalen Milroe,SEA,QB,11.0,11.0,11.0,7.0,7.0,7.0,89.0,89.0,89.0,1.0,1.0,1.0,0.0,0.0,0.0,5.0,5.0,5.0,14.0,14.0,14.0,0.0,0.0,0.0,0.0,0.0,0.0,9.0,7.0,7.0,,,,,,,,,
2026,Drew Allar,PIT,QB,16.0,16.0,16.0,10.0,10.0,10.0,102.0,102.0,102.0,1.0,1.0,1.0,0.0,0.0,0.0,2.0,2.0,2.0,8.0,8.0,8.0,0.0,0.0,0.0,0.0,0.0,0.0,8.9,8.0,8.0,,,,,,,,,
2026,Mitchell Trubisky,TEN,QB,22.8,23.6,22.0,13.5,15.0,12.0,135.0,154.0,116.0,0.8,1.0,0.7,0.4,0.0,0.7,2.6,4.0,1.1,4.7,7.0,2.5,0.0,0.1,0.0,0.1,0.0,0.1,8.9,8.0,7.7,,,,,,,,,
2026,Quinn Ewers,MIA,QB,20.9,22.8,19.0,13.7,14.3,13.0,139.1,154.2,124.0,0.8,1.0,0.6,0.8,0.6,1.0,2.5,4.0,1.0,11.5,19.0,4.1,0.0,0.0,0.0,0.1,0.0,0.2,8.9,7.3,7.0,,,,,,,,,
2026,Kyle Allen,BUF,QB,18.5,22.0,15.0,10.6,13.2,8.0,117.0,138.1,96.0,1.0,1.0,0.9,0.4,0.0,0.7,2.0,3.0,1.1,2.5,2.9,2.0,0.0,0.0,0.0,0.1,0.0,0.2,8.3,8.0,7.0,,,,,,,,,
2026,Brady Cook,NYJ,QB,10.0,20.0,0.0,6.5,13.0,0.0,60.0,120.0,0.0,0.5,1.0,0.0,0.5,0.0,1.0,2.0,4.0,0.0,10.0,20.0,0.0,0.0,0.0,0.0,0.0,0.0,0.0,4.9,7.0,0.0,,,,,,,,,
2026,Will Howard,PIT,QB,8.0,16.0,0.0,5.0,10.0,0.0,51.0,102.0,0.0,0.5,1.0,0.0,0.0,0.0,0.0,1.0,2.0,0.0,4.0,8.0,0.0,0.0,0.0,0.0,0.0,0.0,0.0,4.4,8.0,0.0,,,,,,,,,
2026,Josh Johnson,CIN,QB,0.0,0.0,0.0,0.0,0.0,0.0,0.0,0.0,0.0,0.0,0.0,0.0,0.0,0.0,0.0,0.0,0.0,0.0,0.0,0.0,0.0,0.0,0.0,0.0,0.0,0.0,0.0,0.0,0.0,0.0,,,,,,,,,
2026,Stetson Bennett IV,LAR,QB,0.0,0.0,0.0,0.0,0.0,0.0,0.0,0.0,0.0,0.0,0.0,0.0,0.0,0.0,0.0,0.0,0.0,0.0,0.0,0.0,0.0,0.0,0.0,0.0,0.0,0.0,0.0,0.0,0.0,0.0,,,,,,,,,
2026,Aidan O'Connell,LV,QB,0.0,0.0,0.0,0.0,0.0,0.0,0.0,0.0,0.0,0.0,0.0,0.0,0.0,0.0,0.0,0.0,0.0,0.0,0.0,0.0,0.0,0.0,0.0,0.0,0.0,0.0,0.0,0.0,0.0,0.0,,,,,,,,,
2026,Jahmyr Gibbs,DET,RB,,,,,,,,,,,,,,,,267.6,274.1,261.0,1337.5,1346.0,1329.1,14.6,15.0,14.2,1.1,1.0,1.2,302.7,297.0,291.2,70.4,73.0,67.8,584.8,623.0,546.6,4.2,5.0,3.4
2026,Bijan Robinson,ATL,RB,,,,,,,,,,,,,,,,294.4,302.0,286.7,1437.3,1502.0,1372.6,9.7,11.0,8.4,1.8,1.6,2.0,296.1,297.0,277.9,77.2,79.0,75.4,753.2,794.0,712.4,3.7,4.0,3.4
2026,Jonathan Taylor,IND,RB,,,,,,,,,,,,,,,,342.9,359.0,326.7,1544.6,1581.0,1508.1,13.3,15.0,11.6,1.7,1.5,2.0,275.1,276.0,260.9,47.7,48.0,47.4,345.6,346.2,345.0,1.6,2.0,1.3
2026,Derrick Henry,BAL,RB,,,,,,,,,,,,,,,,310.3,316.5,304.0,1565.4,1652.0,1478.9,14.0,15.0,13.0,1.7,1.5,2.0,262.4,256.0,252.3,18.7,21.4,16.0,185.7,210.4,161.0,1.1,1.2,1.0
2026,Christian McCaffrey,SF,RB,,,,,,,,,,,,,,,,258.3,278.6,238.0,1043.6,1149.3,938.0,8.8,9.6,8.0,1.1,1.0,1.2,250.8,271.2,215.0,74.2,80.4,68.0,658.7,695.4,622.0,5.0,5.0,5.0
2026,De'Von Achane,MIA,RB,,,,,,,,,,,,,,,,243.9,259.8,228.0,1221.7,1315.3,1128.0,6.1,7.0,5.1,1.0,1.0,1.0,236.3,229.6,227.0,70.4,75.0,65.8,531.4,550.0,512.8,4.4,6.0,2.9
2026,James Cook III,BUF,RB,,,,,,,,,,,,,,,,293.5,300.0,287.0,1417.0,1434.0,1399.9,10.0,11.0,9.0,2.4,1.8,3.0,236.1,243.5,213.0,34.0,35.9,32.0,285.0,302.0,268.0,1.8,2.0,1.6
2026,Josh Jacobs,GB,RB,,,,,,,,,,,,,,,,292.1,300.2,284.0,1164.7,1237.4,1092.0,13.0,13.0,13.0,1.3,1.0,1.6,228.6,237.5,204.0,36.0,36.0,36.0,287.6,294.0,281.2,1.3,1.6,1.0
2026,Saquon Barkley,PHI,RB,,,,,,,,,,,,,,,,303.0,306.0,300.1,1346.8,1410.0,1283.6,7.8,8.7,7.0,1.0,1.0,1.0,225.9,229.8,205.0,41.1,43.2,39.0,334.1,370.3,298.0,2.1,2.3,2.0
2026,Ashton Jeanty,LV,RB,,,,,,,,,,,,,,,,286.5,292.0,281.0,1093.1,1136.2,1050.0,8.5,10.0,7.1,1.1,1.0,1.2,224.2,218.0,216.4,60.0,64.9,55.0,417.6,494.2,341.0,4.0,6.0,2.0
2026,Chase Brown,CIN,RB,,,,,,,,,,,,,,,,237.9,239.9,236.0,1024.3,1043.7,1005.0,8.2,9.0,7.4,1.1,1.0,1.2,217.9,212.0,207.8,68.1,72.0,64.2,451.1,468.0,434.2,3.9,5.0,2.8
2026,Breece Hall,NYJ,RB,,,,,,,,,,,,,,,,259.7,264.4,255.0,1156.3,1160.6,1152.0,7.3,7.5,7.0,1.7,1.4,2.0,211.4,220.7,188.0,47.5,52.0,43.0,414.9,435.7,394.0,2.4,2.7,2.0
2026,Omarion Hampton,LAC,RB,,,,,,,,,,,,,,,,245.2,270.4,220.0,1045.4,1152.9,938.0,10.4,11.0,9.8,1.1,1.0,1.2,210.9,222.7,183.0,51.5,55.9,47.0,346.4,392.9,300.0,1.9,2.0,1.9
2026,Kyren Williams,LAR,RB,,,,,,,,,,,,,,,,242.7,250.5,235.0,1122.6,1134.3,1111.0,10.4,10.8,10.0,1.6,1.2,2.0,209.1,208.6,193.0,33.7,34.0,33.4,236.9,250.0,223.9,2.3,3.0,1.7
2026,Javonte Williams,DAL,RB,,,,,,,,,,,,,,,,260.9,287.7,234.0,1174.7,1257.4,1092.0,11.1,11.1,11.0,1.6,1.2,2.0,206.2,222.1,175.0,33.1,37.1,29.0,179.8,218.7,141.0,1.3,1.5,1.0
2026,Jeremiyah Love,ARI,RB,,,,,,,,,,,,,,,,234.4,254.8,214.0,1077.5,1129.0,1026.0,7.3,8.0,6.7,2.2,1.3,3.0,202.3,213.7,176.0,53.6,65.1,42.0,421.8,489.6,354.0,2.1,2.2,2.0
2026,Kenneth Walker II,IKC,RB,,,,,,,,,,,,,,,,252.6,276.1,229.0,1149.8,1233.5,1066.0,8.0,8.9,7.0,0.9,0.9,1.0,201.6,223.1,165.0,46.5,48.0,45.0,358.5,373.0,344.0,0.8,1.7,0.0
2026,Cam Skattebo,NYG,RB,,,,,,,,,,,,,,,,234.5,249.9,219.0,1001.7,1049.5,954.0,8.1,9.0,7.2,1.6,1.2,2.0,198.7,192.6,190.0,45.6,49.3,42.0,362.3,362.5,362.0,2.8,4.0,1.6
2026,Travis Etienne Jr.,NO,RB,,,,,,,,,,,,,,,,255.5,257.9,253.0,1053.7,1118.5,989.0,5.5,6.1,5.0,1.0,1.0,1.0,194.4,197.0,177.0,45.8,47.0,44.6,367.1,376.2,358.0,3.5,5.0,2.1
2026,D'Andre Swift,CHI,RB,,,,,,,,,,,,,,,,233.7,248.0,219.4,1055.7,1117.0,994.4,8.6,9.0,8.1,1.0,1.0,1.0,190.6,183.0,181.3,32.6,35.0,30.3,291.3,313.0,269.5,1.1,1.1,1.0
2026,Bucky Irving,TB,RB,,,,,,,,,,,,,,,,262.3,263.0,261.7,1043.0,1062.0,1024.0,5.9,6.0,5.9,1.0,1.0,1.0,188.2,183.3,179.0,41.4,44.0,38.8,357.3,401.0,313.6,2.4,3.0,1.9
2026,Quinshon Judkins,CLE,RB,,,,,,,,,,,,,,,,296.2,316.4,276.0,1106.4,1239.7,973.0,8.6,10.0,7.2,0.9,0.7,1.0,185.3,193.3,162.0,31.9,32.0,31.9,225.5,230.0,221.0,0.4,0.7,0.0
2026,Bhayshul Tuten,JAC,RB,,,,,,,,,,,,,,,,236.3,237.6,235.0,961.4,993.9,929.0,8.9,11.0,6.7,2.2,1.4,3.0,177.1,171.6,167.0,24.8,33.7,16.0,188.5,249.9,127.0,2.2,3.0,1.4
2026,Jadarian Price,SEA,RB,,,,,,,,,,,,,,,,224.2,228.0,220.4,942.9,974.0,911.8,7.9,8.0,7.8,2.0,1.0,3.0,166.9,167.0,152.0,24.2,28.5,20.0,222.2,223.3,221.0,1.2,1.3,1.0
2026,Rico Dowdle,PIT,RB,,,,,,,,,,,,,,,,216.7,222.4,211.0,948.9,970.8,927.0,6.7,8.0,5.5,1.0,0.9,1.0,166.4,160.0,155.8,33.6,38.0,29.2,238.9,268.0,209.9,1.5,2.0,1.1
2026,TreVeyon Henderson,NE,RB,,,,,,,,,,,,,,,,189.5,194.1,185.0,879.0,905.0,853.0,6.9,7.0,6.8,0.9,0.7,1.0,160.7,164.9,142.0,38.1,43.2,33.0,253.9,299.8,208.0,1.3,1.6,1.0
2026,David Montgomery,HOU,RB,,,,,,,,,,,,,,,,225.6,237.0,214.1,919.3,928.7,910.0,7.5,8.0,7.0,1.0,1.0,1.0,158.2,160.5,141.0,28.3,31.6,25.0,215.5,231.0,200.0,0.3,0.6,0.0
2026,Chuba Hubbard,CAR,RB,,,,,,,,,,,,,,,,221.3,231.6,211.0,887.2,930.3,844.0,5.0,5.1,5.0,1.5,1.1,2.0,157.0,165.6,132.0,39.0,44.9,33.0,272.8,333.6,212.0,2.3,3.0,1.6
2026,Tony Pollard,TEN,RB,,,,,,,,,,,,,,,,243.6,247.3,240.0,1055.5,1075.9,1035.0,5.8,6.0,5.6,2.1,1.3,3.0,156.7,159.8,137.0,30.9,32.0,29.7,191.7,203.0,180.5,0.2,0.5,0.0
2026,Rhamondre Stevenson,NE,RB,,,,,,,,,,,,,,,,176.2,183.0,169.3,752.5,784.0,721.1,6.8,7.0,6.6,2.1,1.1,3.0,156.6,152.4,145.0,36.7,38.4,35.0,332.3,351.0,313.6,1.9,2.0,1.9
2026,J.K. Dobbins,DEN,RB,,,,,,,,,,,,,,,,226.4,236.0,216.7,1046.7,1081.0,1012.4,6.4,6.9,6.0,0.7,0.5,1.0,153.7,158.9,137.0,19.6,20.0,19.3,96.1,118.3,74.0,0.4,0.8,0.0
2026,Jaylen Warren,PIT,RB,,,,,,,,,,,,,,,,186.3,193.0,179.7,812.3,837.0,787.6,5.2,6.0,4.4,0.9,0.9,1.0,152.8,144.6,143.0,43.1,46.1,40.0,318.9,319.0,318.7,1.7,2.0,1.5
2026,Kyle Monangai,CHI,RB,,,,,,,,,,,,,,,,199.0,206.0,191.9,838.5,852.0,825.0,5.7,6.5,5.0,0.7,0.4,1.0,141.4,150.6,118.0,24.3,25.5,23.0,207.5,215.1,200.0,0.6,1.3,0.0
2026,Jacory Croskey-Merritt,WAS,RB,,,,,,,,,,,,,,,,187.6,196.1,179.0,853.0,859.0,847.0,7.7,8.0,7.5,1.7,1.5,2.0,137.8,139.3,125.0,11.3,12.6,10.0,81.0,87.9,74.0,0.2,0.5,0.0
2026,RJ Harvey,DEN,RB,,,,,,,,,,,,,,,,135.2,164.0,106.3,506.8,583.0,430.7,4.9,6.0,3.9,0.8,0.5,1.0,136.8,141.0,118.1,47.9,48.9,47.0,353.8,365.7,342.0,3.8,5.0,2.6
2026,Aaron Jones Sr.,MIN,RB,,,,,,,,,,,,,,,,168.4,169.8,167.0,721.4,738.8,704.0,3.3,3.7,3.0,1.6,1.1,2.0,133.4,141.3,110.0,43.0,47.0,39.0,321.0,343.9,298.0,2.0,2.1,2.0
2026,Kenneth Gainwell,TB,RB,,,,,,,,,,,,,,,,116.0,123.0,109.0,507.8,533.0,482.7,4.2,4.4,4.0,0.9,0.8,1.0,128.4,121.0,120.9,55.9,60.0,51.9,391.2,439.0,343.5,2.5,3.0,2.1
2026,Rachaad White,WAS,RB,,,,,,,,,,,,,,,,139.9,145.0,134.8,638.6,710.0,567.2,5.5,6.0,5.1,0.8,0.6,1.0,127.6,127.8,113.0,36.5,47.0,26.0,235.0,295.1,175.0,1.4,1.9,1.0
2026,Jordan Mason,MIN,RB,,,,,,,,,,,,,,,,178.4,195.0,161.7,825.8,904.0,747.7,6.2,7.0,5.4,1.0,1.0,1.0,127.0,126.0,116.2,15.7,18.0,13.4,82.7,83.3,82.0,0.2,0.3,0.0
2026,Blake Corum,LAR,RB,,,,,,,,,,,,,,,,165.2,168.5,162.0,798.3,821.0,775.6,6.4,6.8,6.0,0.7,0.4,1.0,126.2,133.3,108.0,11.3,16.7,6.0,76.1,117.1,35.0,0.3,0.6,0.0
2026,Zach Charbonnet,SEA,RB,,,,,,,,,,,,,,,,132.4,137.8,127.0,532.8,561.5,504.0,7.0,7.0,7.0,0.7,0.3,1.0,110.5,114.9,88.0,20.1,20.3,20.0,153.2,161.0,145.4,0.2,0.5,0.0
2026,Isiah Pacheco,DET,RB,,,,,,,,,,,,,,,,152.5,158.0,147.0,647.5,680.1,615.0,3.9,4.9,3.0,0.8,0.6,1.0,105.6,112.5,82.0,21.6,26.0,17.2,134.7,155.0,114.4,0.9,1.0,0.8
2026,Woody Marks,HOU,RB,,,,,,,,,,,,,,,,146.4,150.0,142.8,569.2,578.4,560.0,3.0,3.0,2.9,0.8,0.7,1.0,105.1,103.0,91.0,22.6,24.2,21.0,189.6,201.3,178.0,2.2,3.0,1.4
2026,Jonathon Brooks,CAR,RB,,,,,,,,,,,,,,,,149.2,162.0,136.5,592.5,612.0,573.0,3.5,4.0,3.1,1.3,0.7,2.0,102.8,103.5,86.0,23.2,28.3,18.0,184.8,215.7,154.0,1.1,1.2,1.0
2026,Tyjae Spears,TEN,RB,,,,,,,,,,,,,,,,97.6,98.0,97.3,387.0,410.9,363.0,3.4,4.0,2.7,0.7,0.4,1.0,94.3,99.5,73.0,48.8,49.6,48.0,320.8,332.6,309.0,0.8,1.6,0.0
2026,Tyrone Tracy Jr.,NYG,RB,,,,,,,,,,,,,,,,120.6,143.0,98.2,514.9,612.0,417.7,2.2,3.0,1.4,0.8,0.5,1.0,89.1,97.0,64.3,24.0,32.0,16.0,182.5,249.0,116.0,1.3,2.0,0.6
2026,Alvin Kamara,NO,RB,,,,,,,,,,,,,,,,120.4,120.4,120.4,481.7,481.7,481.7,2.2,2.2,2.2,0.6,0.6,0.6,88.9,89.3,89.3,35.2,35.2,35.2,232.2,232.2,232.2,0.9,0.9,0.9
2026,Chris Rodriguez Jr.,JAC,RB,,,,,,,,,,,,,,,,136.3,172.0,100.7,551.7,671.0,432.4,5.2,7.0,3.4,0.6,0.3,1.0,88.2,99.0,67.4,3.1,4.1,2.0,25.7,29.4,22.0,0.1,0.2,0.0
2026,Brian Robinson Jr.,ATL,RB,,,,,,,,,,,,,,,,129.8,134.7,125.0,563.7,567.0,560.5,4.3,5.0,3.7,0.7,0.5,1.0,86.1,85.3,78.0,6.9,8.7,5.0,43.3,59.5,27.0,0.1,0.3,0.0
2026,Tyler Allgeier,ARI,RB,,,,,,,,,,,,,,,,111.7,126.0,97.4,428.1,471.0,385.1,4.7,6.0,3.3,0.6,0.2,1.0,81.5,76.0,73.3,17.0,18.1,16.0,108.5,126.1,91.0,0.2,0.4,0.0
2026,Justice Hill,BAL,RB,,,,,,,,,,,,,,,,56.4,64.0,48.7,273.4,324.0,222.7,2.2,3.0,1.4,0.2,0.0,0.4,81.2,74.7,72.0,34.7,39.5,30.0,302.0,348.9,255.0,1.8,2.0,1.7
2026,Braelon Allen,NYJ,RB,,,,,,,,,,,,,,,,105.9,112.0,99.7,427.5,435.0,419.9,4.3,5.0,3.5,1.7,0.4,3.0,78.5,74.6,69.0,12.8,13.0,12.7,93.7,98.0,89.5,0.7,1.0,0.4
2026,Samaje Perine,CIN,RB,,,,,,,,,,,,,,,,98.8,101.6,96.0,442.4,442.9,442.0,3.7,4.0,3.3,1.9,0.8,3.0,78.2,81.8,59.0,17.9,18.8,17.0,135.1,139.2,131.0,0.4,0.7,0.0
2026,Jordan James,SF,RB,,,,,,,,,,,,,,,,102.3,125.0,79.6,416.6,493.0,340.1,3.2,4.0,2.3,1.2,0.4,2.0,77.3,82.0,56.2,16.2,24.0,8.3,148.5,233.0,64.0,0.7,1.0,0.4
2026,AJ Dillon,CAR,RB,,,,,,,,,,,,,,,,123.0,123.0,123.0,500.0,500.0,500.0,3.0,3.0,3.0,5.0,5.0,5.0,77.2,60.0,60.0,16.0,16.0,16.0,132.0,132.0,132.0,1.0,1.0,1.0
2026,Dylan Sampson,CLE,RB,,,,,,,,,,,,,,,,80.0,105.0,55.0,259.1,289.0,229.1,1.5,2.0,1.0,1.2,0.4,2.0,72.2,71.0,57.3,33.8,38.0,29.6,269.4,332.0,206.8,2.1,3.0,1.2
2026,Ty Johnson,BUF,RB,,,,,,,,,,,,,,,,51.4,52.0,50.8,222.1,225.0,219.2,2.1,2.1,2.0,0.2,0.0,0.4,71.2,64.0,63.1,22.8,24.0,21.6,241.5,275.0,207.9,2.2,3.0,1.3
2026,Kaelon Black,SF,RB,,,,,,,,,,,,,,,,98.1,152.0,44.2,388.1,593.0,183.2,3.2,5.0,1.3,1.1,0.2,2.0,67.1,87.0,30.4,8.6,13.0,4.2,79.4,127.0,31.9,0.6,1.0,0.2
2026,Kimani Vidal,LAC,RB,,,,,,,,,,,,,,,,85.1,87.0,83.2,345.0,350.0,340.1,2.3,2.7,2.0,0.2,0.0,0.4,64.8,62.5,51.0,13.9,16.0,11.8,120.2,146.0,94.4,0.8,1.0,0.6
2026,Tank Bigsby,PHI,RB,,,,,,,,,,,,,,,,85.6,88.0,83.1,419.1,466.0,372.3,3.2,3.4,3.0,0.2,0.0,0.4,63.8,60.4,57.0,3.3,3.6,3.0,28.3,28.6,28.0,0.1,0.1,0.0
2026,Mike Washington Jr.,LV,RB,,,,,,,,,,,,,,,,92.8,97.0,88.6,352.3,364.7,340.0,2.1,2.2,2.0,0.7,0.4,1.0,62.5,57.0,53.0,15.2,22.0,8.3,121.4,183.0,59.8,0.6,1.0,0.3
2026,Adam Randall,BAL,RB,,,,,,,,,,,,,,,,55.1,81.0,29.2,281.0,441.0,120.9,2.0,3.0,0.9,0.6,0.1,1.0,55.6,73.0,21.4,9.8,16.0,3.6,102.9,177.0,28.8,1.1,2.0,0.2
2026,Malik Davis,DAL,RB,,,,,,,,,,,,,,,,73.5,116.0,31.0,345.3,556.0,134.7,2.5,4.0,1.0,0.1,0.0,0.1,55.2,74.0,23.2,6.6,9.0,4.2,52.8,76.0,29.6,0.1,0.2,0.0
2026,Emanuel Wilson,SEA,RB,,,,,,,,,,,,,,,,83.9,128.0,39.9,347.6,529.0,166.3,2.2,3.0,1.4,0.6,0.2,1.0,54.9,66.0,31.7,10.4,14.0,6.8,72.5,93.0,52.0,0.1,0.3,0.0
2026,Chris Brooks,GB,RB,,,,,,,,,,,,,,,,72.7,123.0,22.4,323.7,549.0,98.4,1.3,2.0,0.6,0.6,0.1,1.0,51.6,61.0,27.9,15.4,15.7,15.0,107.6,111.2,104.0,0.3,0.6,0.0
2026,Jaydon Blue,DAL,RB,,,,,,,,,,,,,,,,62.0,62.0,62.0,261.2,261.2,261.2,2.0,2.0,2.0,0.3,0.3,0.3,45.8,46.1,46.1,8.8,8.8,8.8,61.9,61.9,61.9,0.4,0.4,0.4
2026,James Conner,ARI,RB,,,,,,,,,,,,,,,,42.5,85.0,0.0,155.5,311.0,0.0,1.5,3.0,0.0,0.0,0.0,0.0,43.8,70.0,0.0,18.0,36.0,0.0,132.0,264.0,0.0,1.0,2.0,0.0
2026,Keaton Mitchell,LAC,RB,,,,,,,,,,,,,,,,62.3,108.0,16.6,287.7,497.0,78.3,1.2,2.0,0.5,0.6,0.1,1.0,42.7,54.0,18.8,9.5,11.0,8.0,67.2,73.0,61.3,0.2,0.3,0.0
2026,Emari Demercado,KC,RB,,,,,,,,,,,,,,,,50.0,100.0,0.0,299.0,598.0,0.0,1.0,2.0,0.0,1.5,0.0,3.0,42.4,69.0,0.0,8.5,17.0,0.0,65.0,130.0,0.0,0.5,1.0,0.0
2026,Jaylen Wright,MIA,RB,,,,,,,,,,,,,,,,77.1,104.0,50.3,296.5,383.0,209.9,1.5,2.0,1.0,1.2,0.4,2.0,41.9,39.0,33.0,7.3,7.6,7.0,52.0,56.0,48.0,0.1,0.2,0.0
2026,Brashard Smith,KC,RB,,,,,,,,,,,,,,,,41.5,50.0,33.0,159.1,179.0,139.2,1.0,1.0,1.0,0.1,0.0,0.2,40.5,38.0,28.0,18.6,21.0,16.3,131.2,142.0,120.3,1.0,1.0,0.9
2026,Jawhar Jordan,HOU,RB,,,,,,,,,,,,,,,,51.3,90.0,12.6,217.9,382.0,53.9,1.1,2.0,0.3,0.5,0.0,1.0,39.2,56.0,6.9,11.0,22.0,0.0,87.0,174.0,0.0,0.5,1.0,0.0
2026,MarShawn Lloyd,GB,RB,,,,,,,,,,,,,,,,50.6,67.2,34.0,211.5,286.1,137.0,1.5,2.1,1.0,0.2,0.0,0.3,36.6,52.6,12.0,6.5,12.1,1.0,48.6,85.2,12.0,0.3,0.6,0.0
2026,Kendre Miller,NO,RB,,,,,,,,,,,,,,,,53.0,93.0,12.9,209.3,364.0,54.7,2.1,4.0,0.3,0.0,0.0,0.0,36.6,55.0,7.3,4.0,8.0,0.0,28.5,57.0,0.0,0.0,0.0,0.0
2026,Emmett Johnson,KC,RB,,,,,,,,,,,,,,,,50.0,70.1,30.0,208.4,290.9,126.0,1.6,2.2,1.0,0.2,0.0,0.3,35.4,50.1,12.0,5.2,8.3,2.0,40.9,58.8,23.0,0.2,0.4,0.0
2026,Frank Gore Jr.,BUF,RB,,,,,,,,,,,,,,,,37.0,37.0,37.0,174.0,174.0,174.0,2.0,2.0,2.0,0.0,0.0,0.0,32.0,23.0,23.0,3.0,3.0,3.0,26.0,26.0,26.0,0.0,0.0,0.0
2026,Kyle Juszczyk,SF,RB,,,,,,,,,,,,,,,,4.2,4.4,4.0,10.3,18.6,2.0,0.1,0.2,0.0,0.1,0.0,0.1,31.3,28.0,25.1,23.9,27.0,20.8,209.4,254.0,164.8,1.5,2.0,1.0
2026,Roschon Johnson,CHI,RB,,,,,,,,,,,,,,,,34.0,34.0,34.0,116.0,116.0,116.0,3.0,3.0,3.0,0.0,0.0,0.0,31.3,23.0,23.0,3.0,3.0,3.0,17.0,17.0,17.0,0.0,0.0,0.0
2026,Phil Mafah,DAL,RB,,,,,,,,,,,,,,,,32.0,32.0,32.0,142.0,142.0,142.0,2.0,2.0,2.0,0.0,0.0,0.0,29.7,19.0,19.0,4.0,4.0,4.0,35.0,35.0,35.0,0.0,0.0,0.0
2026,Sean Tucker,TB,RB,,,,,,,,,,,,,,,,34.4,34.9,34.0,145.4,145.8,145.0,2.5,3.0,2.0,0.1,0.0,0.2,29.6,26.9,24.0,0.5,1.0,0.0,3.0,6.0,0.0,0.0,0.0,0.0
2026,Ray Davis,BUF,RB,,,,,,,,,,,,,,,,32.3,32.3,32.3,137.8,137.8,137.8,1.1,1.1,1.1,0.2,0.2,0.2,28.1,30.4,30.4,7.8,7.8,7.8,59.9,59.9,59.9,0.4,0.4,0.4
2026,Ollie Gordon II,MIA,RB,,,,,,,,,,,,,,,,44.0,44.0,44.0,180.7,180.7,180.7,1.1,1.1,1.1,0.2,0.2,0.2,27.9,28.0,28.0,4.0,4.0,4.0,27.8,27.8,27.8,0.1,0.1,0.1
2026,Isaiah Davis,NYJ,RB,,,,,,,,,,,,,,,,26.3,31.0,21.7,134.9,171.0,98.8,0.9,1.0,0.7,0.0,0.0,0.1,27.6,26.4,18.0,9.9,12.8,7.0,77.7,95.3,60.0,0.2,0.4,0.0
2026,DJ Giddens,IND,RB,,,,,,,,,,,,,,,,33.5,33.5,33.5,141.3,141.3,141.3,1.0,1.0,1.0,0.2,0.2,0.2,27.2,27.4,27.4,8.6,8.6,8.6,56.7,56.7,56.7,0.3,0.3,0.3
2026,Ty Chandler,NO,RB,,,,,,,,,,,,,,,,54.0,54.0,54.0,144.0,144.0,144.0,1.0,1.0,1.0,0.0,0.0,0.0,26.1,14.0,14.0,12.0,12.0,12.0,57.0,57.0,57.0,0.0,0.0,0.0
2026,LeQuint Allen Jr.,JAC,RB,,,,,,,,,,,,,,,,8.1,8.1,8.1,34.0,34.0,34.0,0.2,0.2,0.2,0.1,0.1,0.1,24.2,24.7,24.7,21.7,21.7,21.7,148.0,148.0,148.0,0.9,0.9,0.9
2026,Jam Miller,NE,RB,,,,,,,,,,,,,,,,34.0,34.0,34.0,156.0,156.0,156.0,1.0,1.0,1.0,0.0,0.0,0.0,24.1,14.0,14.0,2.0,2.0,2.0,25.0,25.0,25.0,0.0,0.0,0.0
2026,Devin Singletary,NYG,RB,,,,,,,,,,,,,,,,35.7,35.7,35.7,143.0,143.0,143.0,1.0,1.0,1.0,0.1,0.1,0.1,23.1,23.3,23.3,4.2,4.2,4.2,26.2,26.2,26.2,0.1,0.1,0.1
2026,Salvon Ahmed,CHI,RB,,,,,,,,,,,,,,,,35.0,35.0,35.0,153.0,153.0,153.0,1.0,1.0,1.0,0.0,0.0,0.0,22.5,13.0,13.0,1.0,1.0,1.0,12.0,12.0,12.0,0.0,0.0,0.0
2026,Dameon Pierce,PHI,RB,,,,,,,,,,,,,,,,35.0,35.0,35.0,161.0,161.0,161.0,1.0,1.0,1.0,0.0,0.0,0.0,22.1,13.0,13.0,0.0,0.0,0.0,0.0,0.0,0.0,0.0,0.0,0.0
2026,Israel Abanikanda,DAL,RB,,,,,,,,,,,,,,,,32.0,32.0,32.0,147.0,147.0,147.0,1.0,1.0,1.0,0.0,0.0,0.0,22.1,12.0,12.0,1.0,1.0,1.0,14.0,14.0,14.0,0.0,0.0,0.0
2026,Donovan Edwards,MIA,RB,,,,,,,,,,,,,,,,31.0,31.0,31.0,130.0,130.0,130.0,1.0,1.0,1.0,0.0,0.0,0.0,20.9,12.0,12.0,2.0,2.0,2.0,19.0,19.0,19.0,0.0,0.0,0.0
2026,Carlos Washington Jr.,MIA,RB,,,,,,,,,,,,,,,,31.0,31.0,31.0,130.0,130.0,130.0,1.0,1.0,1.0,0.0,0.0,0.0,20.9,12.0,12.0,2.0,2.0,2.0,19.0,19.0,19.0,0.0,0.0,0.0
2026,Audric Estime,NO,RB,,,,,,,,,,,,,,,,30.0,30.0,30.0,121.0,121.0,121.0,1.0,1.0,1.0,0.0,0.0,0.0,20.5,12.0,12.0,3.0,3.0,3.0,24.0,24.0,24.0,0.0,0.0,0.0
2026,Najee Harris,LAC,RB,,,,,,,,,,,,,,,,28.0,28.0,28.0,126.0,126.0,126.0,1.0,1.0,1.0,0.0,0.0,0.0,20.4,12.0,12.0,2.0,2.0,2.0,18.0,18.0,18.0,0.0,0.0,0.0
2026,Demond Claiborne,MIN,RB,,,,,,,,,,,,,,,,27.6,29.0,26.3,121.4,133.0,109.9,0.9,1.0,0.8,0.1,0.0,0.1,20.4,19.4,12.0,3.3,4.5,2.0,25.2,29.4,21.0,0.1,0.2,0.0
2026,Seth McGowan,IND,RB,,,,,,,,,,,,,,,,22.3,32.0,12.6,97.0,142.0,52.0,1.2,2.0,0.4,0.0,0.0,0.1,19.9,19.0,11.3,3.2,4.4,2.0,26.9,28.8,25.0,0.1,0.2,0.0
2026,Jonah Coleman,DEN,RB,,,,,,,,,,,,,,,,26.2,32.0,20.5,109.4,134.0,84.8,0.8,1.0,0.7,0.1,0.0,0.1,19.1,16.6,12.0,3.7,4.4,3.0,27.0,31.0,23.0,0.1,0.2,0.0
2026,Kaytron Allen,WAS,RB,,,,,,,,,,,,,,,,23.6,35.0,12.3,110.9,171.0,50.7,0.7,1.0,0.4,0.0,0.0,0.1,18.4,17.0,11.6,3.1,4.3,2.0,25.5,29.1,22.0,0.1,0.2,0.0
2026,Tahj Brooks,CIN,RB,,,,,,,,,,,,,,,,30.5,30.5,30.5,129.1,129.1,129.1,0.9,0.9,0.9,0.1,0.1,0.1,18.3,18.4,18.4,0.0,0.0,0.0,0.0,0.0,0.0,0.0,0.0,0.0
2026,Tyler Badie,DEN,RB,,,,,,,,,,,,,,,,4.1,4.1,4.1,17.6,17.6,17.6,0.1,0.1,0.1,0.1,0.1,0.1,17.7,18.1,18.1,14.0,14.0,14.0,115.6,115.6,115.6,0.6,0.6,0.6
2026,Devin Neal,NO,RB,,,,,,,,,,,,,,,,22.5,45.0,0.0,89.5,179.0,0.0,1.0,2.0,0.0,0.0,0.0,0.0,16.7,23.0,0.0,2.5,5.0,0.0,17.5,35.0,0.0,0.0,0.0,0.0
2026,Hunter Luepke,DAL,RB,,,,,,,,,,,,,,,,13.3,13.3,13.3,56.1,56.1,56.1,0.4,0.4,0.4,0.1,0.1,0.1,16.4,16.5,16.5,8.6,8.6,8.6,61.8,61.8,61.8,0.4,0.4,0.4
2026,Will Shipley,PHI,RB,,,,,,,,,,,,,,,,9.2,9.2,9.2,39.5,39.5,39.5,0.3,0.3,0.3,0.1,0.1,0.1,16.2,16.7,16.7,11.3,11.3,11.3,83.3,83.3,83.3,0.4,0.4,0.4
2026,Nicholas Singleton,TEN,RB,,,,,,,,,,,,,,,,20.3,20.3,20.3,83.4,83.4,83.4,0.6,0.6,0.6,0.1,0.1,0.1,15.1,15.1,15.1,4.2,4.2,4.2,29.0,29.0,29.0,0.1,0.1,0.1
2026,Jerome Ford,WAS,RB,,,,,,,,,,,,,,,,17.5,35.0,0.0,97.0,194.0,0.0,0.5,1.0,0.0,0.0,0.0,0.0,15.1,19.0,0.0,4.0,8.0,0.0,23.5,47.0,0.0,0.0,0.0,0.0
2026,Trevor Etienne,CAR,RB,,,,,,,,,,,,,,,,16.5,16.5,16.5,70.4,70.4,70.4,0.4,0.4,0.4,0.1,0.1,0.1,13.1,15.1,15.1,4.1,4.1,4.1,29.4,29.4,29.4,0.2,0.2,0.2
2026,Isaac Guerendo,SF,RB,,,,,,,,,,,,,,,,16.5,33.0,0.0,80.0,160.0,0.0,0.5,1.0,0.0,0.0,0.0,0.0,12.9,14.0,1.3,2.0,4.0,0.0,18.5,37.0,0.0,0.0,0.0,0.0
2026,Michael Burton,CLE,RB,,,,,,,,,,,,,,,,6.6,9.0,4.3,13.8,17.6,10.0,0.6,1.0,0.1,0.0,0.0,0.0,11.4,13.0,5.9,5.1,6.0,4.2,33.2,40.0,26.5,0.6,1.0,0.2
2026,Andrew Beck,NYJ,RB,,,,,,,,,,,,,,,,0.5,1.0,0.0,4.0,8.0,0.0,0.0,0.0,0.0,0.0,0.0,0.0,10.2,13.0,4.2,4.6,5.0,4.2,31.6,35.0,28.2,1.1,2.0,0.2
2026,George Holani,SEA,RB,,,,,,,,,,,,,,,,11.2,11.2,11.2,47.1,47.1,47.1,0.5,0.5,0.5,0.1,0.1,0.1,8.6,8.8,8.8,1.4,1.4,1.4,10.1,10.1,10.1,0.1,0.1,0.1
2026,Alec Ingold,LAC,RB,,,,,,,,,,,,,,,,2.1,2.1,2.1,8.6,8.6,8.6,0.1,0.1,0.1,0.1,0.1,0.1,8.4,8.4,8.4,7.9,7.9,7.9,58.2,58.2,58.2,0.2,0.2,0.2
2026,Adam Prentice,DEN,RB,,,,,,,,,,,,,,,,4.1,4.1,4.1,17.4,17.4,17.4,0.1,0.1,0.1,0.0,0.0,0.0,6.3,6.3,6.3,4.2,4.2,4.2,29.8,29.8,29.8,0.2,0.2,0.2
2026,Connor Heyward,LV,RB,,,,,,,,,,,,,,,,4.2,4.2,4.2,17.6,17.6,17.6,0.1,0.1,0.1,0.0,0.0,0.0,6.3,6.3,6.3,4.0,4.0,4.0,28.9,28.9,28.9,0.2,0.2,0.2
2026,Max Bredeson,MIN,RB,,,,,,,,,,,,,,,,2.0,2.0,2.0,8.5,8.5,8.5,0.1,0.1,0.1,0.0,0.0,0.0,5.1,5.1,5.1,4.5,4.5,4.5,29.4,29.4,29.4,0.2,0.2,0.2
2026,Kaleb Johnson,PIT,RB,,,,,,,,,,,,,,,,8.6,8.6,8.6,35.7,35.7,35.7,0.2,0.2,0.2,0.0,0.0,0.0,4.8,4.8,4.8,0.0,0.0,0.0,0.0,0.0,0.0,0.0,0.0,0.0
2026,Reggie Gilliam,NE,RB,,,,,,,,,,,,,,,,0.0,0.0,0.0,0.0,0.0,0.0,0.0,0.0,0.0,0.0,0.0,0.0,3.8,3.8,3.8,4.1,4.1,4.1,29.8,29.8,29.8,0.2,0.2,0.2
2026,Patrick Ricard,NYG,RB,,,,,,,,,,,,,,,,0.0,0.0,0.0,0.0,0.0,0.0,0.0,0.0,0.0,0.0,0.0,0.0,3.5,3.5,3.5,4.0,4.0,4.0,26.7,26.7,26.7,0.1,0.1,0.1
2026,British Brooks,HOU,RB,,,,,,,,,,,,,,,,4.2,4.2,4.2,18.0,18.0,18.0,0.1,0.1,0.1,0.0,0.0,0.0,2.4,2.4,2.4,0.0,0.0,0.0,0.0,0.0,0.0,0.0,0.0,0.0
2026,DeeJay Dallas,JAC,RB,,,,,,,,,,,,,,,,0.0,0.0,0.0,0.0,0.0,0.0,0.0,0.0,0.0,0.0,0.0,0.0,0.0,0.2,0.2,0.0,0.0,0.0,0.0,0.0,0.0,0.0,0.0,0.0
2026,Kene Nwangwu,NYJ,RB,,,,,,,,,,,,,,,,0.0,0.0,0.0,0.0,0.0,0.0,0.0,0.0,0.0,0.0,0.0,0.0,0.0,2.3,2.3,0.0,0.0,0.0,0.0,0.0,0.0,0.0,0.0,0.0
2026,Bam Knight,ARI,RB,,,,,,,,,,,,,,,,0.0,0.0,0.0,0.0,0.0,0.0,0.0,0.0,0.0,0.0,0.0,0.0,0.0,0.8,0.8,0.0,0.0,0.0,0.0,0.0,0.0,0.0,0.0,0.0
2026,Trey Benson,ARI,RB,,,,,,,,,,,,,,,,0.0,0.0,0.0,0.0,0.0,0.0,0.0,0.0,0.0,0.0,0.0,0.0,0.0,0.0,0.0,0.0,0.0,0.0,0.0,0.0,0.0,0.0,0.0,0.0
2026,Jacob Saylors,DET,RB,,,,,,,,,,,,,,,,0.0,0.0,0.0,0.0,0.0,0.0,0.0,0.0,0.0,0.0,0.0,0.0,0.0,0.3,0.3,0.0,0.0,0.0,0.0,0.0,0.0,0.0,0.0,0.0
2026,Zavier Scott,MIN,RB,,,,,,,,,,,,,,,,0.0,0.0,0.0,0.0,0.0,0.0,0.0,0.0,0.0,0.0,0.0,0.0,0.0,0.0,0.0,0.0,0.0,0.0,0.0,0.0,0.0,0.0,0.0,0.0
2026,Rasheen Ali,BAL,RB,,,,,,,,,,,,,,,,0.0,0.0,0.0,0.0,0.0,0.0,0.0,0.0,0.0,0.0,0.0,0.0,0.0,0.3,0.3,0.0,0.0,0.0,0.0,0.0,0.0,0.0,0.0,0.0
2026,Dylan Laube,LV,RB,,,,,,,,,,,,,,,,0.0,0.0,0.0,0.0,0.0,0.0,0.0,0.0,0.0,0.0,0.0,0.0,0.0,0.7,0.7,0.0,0.0,0.0,0.0,0.0,0.0,0.0,0.0,0.0
2026,Chris Collier,LV,RB,,,,,,,,,,,,,,,,0.0,0.0,0.0,0.0,0.0,0.0,0.0,0.0,0.0,0.0,0.0,0.0,0.0,0.0,0.0,0.0,0.0,0.0,0.0,0.0,0.0,0.0,0.0,0.0
2026,Josh Williams,TB,RB,,,,,,,,,,,,,,,,0.0,0.0,0.0,0.0,0.0,0.0,0.0,0.0,0.0,0.0,0.0,0.0,0.0,0.1,0.1,0.0,0.0,0.0,0.0,0.0,0.0,0.0,0.0,0.0
2026,Puka Nacua,LAR,WR,,,,,,,,,,,,,,,,15.5,15.9,15.0,107.4,109.0,105.8,1.6,2.0,1.2,1.0,1.0,1.0,239.4,234.0,231.0,125.9,129.0,122.9,1646.2,1702.0,1590.3,9.4,9.8,9.0
2026,Jaxon Smith-Njigba,SEA,WR,,,,,,,,,,,,,,,,5.8,7.0,4.6,30.6,36.0,25.1,0.1,0.2,0.0,1.1,1.0,1.2,233.0,246.0,209.8,119.4,122.0,116.8,1670.9,1773.0,1568.7,10.8,13.0,8.5
2026,Ja'Marr Chase,CIN,WR,,,,,,,,,,,,,,,,3.5,4.1,3.0,20.0,21.0,19.0,0.1,0.1,0.0,1.0,0.9,1.0,214.8,216.5,205.0,123.8,128.0,119.5,1524.7,1543.0,1506.4,10.3,10.6,10.0
2026,Amon-Ra St. Brown,DET,WR,,,,,,,,,,,,,,,,2.7,3.0,2.3,10.7,13.5,8.0,0.1,0.1,0.0,0.4,0.0,0.8,204.6,206.5,195.0,116.0,118.0,114.0,1397.4,1429.9,1365.0,10.7,11.0,10.4
2026,Drake London,ATL,WR,,,,,,,,,,,,,,,,0.0,0.0,0.0,0.0,0.0,0.0,0.0,0.0,0.0,1.0,0.9,1.0,193.3,210.0,169.2,102.8,104.0,101.6,1340.0,1422.0,1258.0,10.2,13.0,7.4
2026,Rashee Rice,KC,WR,,,,,,,,,,,,,,,,8.1,8.2,8.0,38.3,42.7,34.0,1.3,2.0,0.6,0.6,0.0,1.2,192.0,188.0,186.5,104.2,105.0,103.3,1138.8,1227.6,1050.0,11.3,13.0,9.6
2026,CeeDee Lamb,DAL,WR,,,,,,,,,,,,,,,,3.6,5.0,2.2,18.8,25.0,12.6,0.1,0.1,0.0,0.3,0.0,0.7,181.4,190.9,161.0,103.0,104.1,102.0,1360.9,1381.8,1340.0,7.3,8.6,6.0
2026,George Pickens,DAL,WR,,,,,,,,,,,,,,,,0.5,1.0,0.0,-0.5,0.0,-1.0,0.0,0.0,0.0,0.5,0.0,0.9,179.2,192.0,159.5,87.1,94.0,80.1,1255.2,1394.0,1116.4,9.1,10.0,8.2
2026,Malik Nabers,NYG,WR,,,,,,,,,,,,,,,,4.2,4.5,4.0,12.5,23.0,2.0,0.1,0.2,0.0,0.4,0.0,0.8,172.7,172.0,165.9,84.9,89.9,80.0,1130.3,1177.6,1083.0,9.8,12.0,7.6
2026,Justin Jefferson,MIN,WR,,,,,,,,,,,,,,,,2.0,2.0,2.0,8.3,10.6,6.0,0.1,0.1,0.0,0.3,0.0,0.7,171.2,182.6,153.0,100.4,110.8,90.0,1308.0,1375.0,1241.0,6.7,7.3,6.0
2026,Nico Collins,HOU,WR,,,,,,,,,,,,,,,,2.1,2.1,2.0,12.4,13.0,11.8,0.5,1.0,0.1,0.8,0.7,1.0,169.6,167.0,162.8,84.4,86.7,82.0,1226.0,1240.0,1212.1,7.4,8.0,6.7
2026,Chris Olave,NO,WR,,,,,,,,,,,,,,,,0.5,1.0,0.0,0.0,0.0,0.0,0.0,0.0,0.0,0.3,0.0,0.6,168.6,175.0,154.3,94.2,98.0,90.4,1198.6,1235.0,1162.2,8.2,10.0,6.4
2026,Zay Flowers,BAL,WR,,,,,,,,,,,,,,,,9.9,10.0,9.7,58.6,60.0,57.2,0.7,1.0,0.5,1.5,1.0,2.0,166.6,164.0,157.0,82.9,84.0,81.8,1189.2,1206.0,1172.4,6.7,8.0,5.5
2026,Tee Higgins,CIN,WR,,,,,,,,,,,,,,,,0.0,0.0,0.0,0.0,0.0,0.0,0.0,0.0,0.0,0.2,0.0,0.4,156.6,161.0,145.1,73.6,74.0,73.1,991.4,1028.0,954.8,9.6,11.0,8.3
2026,A.J. Brown,PHI,WR,,,,,,,,,,,,,,,,0.0,0.0,0.0,0.0,0.0,0.0,0.0,0.0,0.0,0.3,0.0,0.6,155.6,162.3,140.0,80.1,86.1,74.0,1115.0,1215.9,1014.0,7.4,8.0,6.9
2026,Davante Adams,LAR,WR,,,,,,,,,,,,,,,,0.0,0.0,0.0,0.0,0.0,0.0,0.0,0.0,0.0,0.2,0.0,0.4,155.0,165.4,138.0,67.8,68.0,67.5,933.2,1016.5,850.0,10.3,10.7,10.0
2026,Emeka Egbuka,TB,WR,,,,,,,,,,,,,,,,2.1,2.2,2.0,10.9,11.9,10.0,0.1,0.1,0.0,0.3,0.0,0.5,152.9,151.0,146.0,67.8,72.0,63.5,1074.3,1121.0,1027.7,7.4,8.0,6.9
2026,Jameson Williams,DET,WR,,,,,,,,,,,,,,,,7.0,7.0,7.0,42.1,45.1,39.0,0.8,1.0,0.6,0.2,0.0,0.4,152.1,149.0,144.6,63.6,64.2,63.0,1053.9,1079.0,1028.7,6.4,7.0,5.7
2026,Rome Odunze,CHI,WR,,,,,,,,,,,,,,,,0.5,1.0,0.0,2.0,4.0,0.0,0.0,0.0,0.0,0.3,0.0,0.6,151.7,153.8,141.0,62.5,66.0,59.1,996.3,1029.5,963.0,8.7,9.0,8.5
2026,Tetairoa McMillan,CAR,WR,,,,,,,,,,,,,,,,0.0,0.0,0.0,0.0,0.0,0.0,0.0,0.0,0.0,0.9,0.8,1.0,150.6,155.8,138.0,77.9,82.8,73.0,1125.9,1189.9,1062.0,6.6,7.0,6.3
2026,Terry McLaurin,WAS,WR,,,,,,,,,,,,,,,,0.5,1.0,0.0,0.5,1.0,0.0,0.0,0.0,0.0,0.3,0.0,0.7,150.5,155.0,138.7,74.8,80.7,69.0,1007.0,1043.0,971.0,8.4,11.0,5.8
2026,Garrett Wilson,NYJ,WR,,,,,,,,,,,,,,,,1.6,2.2,1.0,6.4,10.8,2.0,0.0,0.1,0.0,1.1,1.0,1.1,150.0,154.1,139.0,96.2,103.4,89.0,1082.8,1213.6,952.0,7.2,9.0,5.3
2026,Alec Pierce,IND,WR,,,,,,,,,,,,,,,,0.0,0.0,0.0,0.0,0.0,0.0,0.0,0.0,0.0,0.3,0.0,0.6,149.2,157.0,134.7,63.0,68.0,58.0,1064.8,1106.0,1023.6,7.2,9.0,5.4
2026,DeVonta Smith,PHI,WR,,,,,,,,,,,,,,,,0.0,0.0,0.0,0.0,0.0,0.0,0.0,0.0,0.0,0.3,0.0,0.6,146.5,147.9,137.0,87.7,90.4,85.0,1112.2,1127.4,1097.0,6.0,6.0,6.0
2026,DJ Moore,BUF,WR,,,,,,,,,,,,,,,,11.5,16.0,6.9,58.5,81.0,35.9,0.7,1.0,0.4,0.8,0.6,1.0,140.7,142.4,127.0,68.6,70.0,67.2,872.7,945.5,800.0,7.5,8.0,7.0
2026,Courtland Sutton,DEN,WR,,,,,,,,,,,,,,,,0.0,0.0,0.0,0.0,0.0,0.0,0.0,0.0,0.0,0.2,0.0,0.5,139.5,137.0,134.8,72.7,76.0,69.4,932.4,972.0,892.7,7.8,8.0,7.6
2026,Ladd McConkey,LAC,WR,,,,,,,,,,,,,,,,0.0,0.0,0.0,0.0,0.0,0.0,0.0,0.0,0.0,0.3,0.0,0.6,138.0,140.3,128.0,77.3,79.6,75.0,988.8,1032.5,945.0,6.6,7.0,6.2
2026,Jaylen Waddle,DEN,WR,,,,,,,,,,,,,,,,2.5,3.0,2.1,18.6,25.0,12.1,0.0,0.1,0.0,0.3,0.0,0.7,135.8,136.3,126.0,75.9,76.8,75.0,984.1,991.3,977.0,6.0,6.0,6.0
2026,Luther Burden III,CHI,WR,,,,,,,,,,,,,,,,8.6,9.1,8.0,40.8,49.5,32.0,0.2,0.4,0.0,0.3,0.0,0.7,135.2,131.2,129.0,73.4,74.7,72.0,972.3,1007.0,937.6,5.6,6.0,5.1
2026,Christian Watson,GB,WR,,,,,,,,,,,,,,,,2.6,3.0,2.2,12.1,13.1,11.0,0.1,0.1,0.0,0.3,0.0,0.5,132.6,131.1,126.0,51.5,54.9,48.0,862.4,869.8,855.0,7.6,8.0,7.1
2026,DK Metcalf,PIT,WR,,,,,,,,,,,,,,,,1.0,2.0,0.0,5.0,10.0,0.0,0.5,1.0,0.0,0.2,0.0,0.5,131.3,130.3,123.0,62.9,64.7,61.0,919.1,941.1,897.0,6.1,6.1,6.0
2026,Marvin Harrison Jr.,ARI,WR,,,,,,,,,,,,,,,,0.0,0.0,0.0,0.0,0.0,0.0,0.0,0.0,0.0,0.3,0.0,0.6,131.1,129.0,125.3,68.9,69.0,68.7,955.1,956.2,954.0,6.0,7.0,5.1
2026,Mike Evans,SF,WR,,,,,,,,,,,,,,,,0.0,0.0,0.0,0.0,0.0,0.0,0.0,0.0,0.0,0.2,0.0,0.4,130.2,129.9,123.0,63.2,68.0,58.4,907.7,924.4,891.0,6.6,7.0,6.3
2026,Parker Washington,JAC,WR,,,,,,,,,,,,,,,,8.0,8.1,8.0,20.5,39.0,2.0,0.1,0.3,0.0,0.4,0.0,0.8,126.8,125.0,124.1,62.3,63.7,61.0,881.9,914.0,849.9,6.1,7.0,5.2
2026,Brian Thomas Jr.,JAC,WR,,,,,,,,,,,,,,,,4.0,4.0,4.0,27.1,31.0,23.2,0.6,1.0,0.2,0.2,0.0,0.3,123.9,119.5,118.0,55.5,57.0,54.0,848.5,860.1,837.0,5.5,6.0,5.1
2026,Quentin Johnston,LAC,WR,,,,,,,,,,,,,,,,2.5,3.0,2.1,9.4,10.8,8.0,0.0,0.1,0.0,0.7,0.5,1.0,121.6,122.0,111.7,55.4,58.0,52.8,781.3,790.0,772.7,7.3,9.0,5.6
2026,Jakobi Meyers,JAC,WR,,,,,,,,,,,,,,,,5.5,6.0,5.0,25.0,32.0,18.0,0.1,0.3,0.0,0.8,0.6,1.0,118.4,116.0,112.1,72.9,76.0,69.7,830.2,894.0,766.3,5.6,6.0,5.2
2026,Jordan Addison,MIN,WR,,,,,,,,,,,,,,,,2.5,3.0,2.0,46.2,78.0,14.4,0.6,1.0,0.1,0.2,0.0,0.4,116.1,111.0,109.8,55.3,60.5,50.0,751.4,769.9,733.0,5.6,6.0,5.2
2026,Romeo Doubs,NE,WR,,,,,,,,,,,,,,,,0.0,0.0,0.0,0.0,0.0,0.0,0.0,0.0,0.0,0.3,0.0,0.6,115.0,111.3,109.0,61.3,63.0,59.6,797.7,832.0,763.4,6.0,6.0,5.9
2026,Jordyn Tyson,NO,WR,,,,,,,,,,,,,,,,1.0,2.0,0.0,5.0,10.0,0.0,0.0,0.0,0.0,1.3,0.7,2.0,114.1,120.9,100.0,64.2,67.4,61.0,893.2,917.3,869.0,4.5,5.0,4.0
2026,Carnell Tate,TEN,WR,,,,,,,,,,,,,,,,1.0,2.0,0.0,4.5,9.0,0.0,0.0,0.0,0.0,1.4,0.8,2.0,113.2,133.0,84.0,66.0,78.0,54.0,896.6,1065.3,728.0,4.3,4.6,4.0
2026,Xavier Worthy,KC,WR,,,,,,,,,,,,,,,,17.2,22.0,12.4,111.0,146.0,75.9,0.8,1.0,0.6,0.2,0.0,0.3,112.3,116.1,91.0,54.1,55.1,53.0,712.9,782.8,643.0,4.2,4.5,4.0
2026,Chris Godwin Jr.,TB,WR,,,,,,,,,,,,,,,,0.5,1.0,0.0,0.5,1.0,0.0,0.0,0.0,0.0,0.3,0.0,0.6,111.6,111.0,103.7,69.3,75.0,63.6,795.9,842.0,749.8,5.4,6.0,4.8
2026,Jayden Reed,GB,WR,,,,,,,,,,,,,,,,12.5,16.0,9.0,96.4,128.0,64.9,0.2,0.4,0.0,0.4,0.0,0.8,111.3,107.4,99.0,61.7,63.5,60.0,730.2,730.4,730.0,4.7,5.0,4.4
2026,Michael Wilson,ARI,WR,,,,,,,,,,,,,,,,0.0,0.0,0.0,1.0,2.0,0.0,0.0,0.0,0.0,0.2,0.0,0.4,108.2,108.0,100.4,67.0,67.0,67.0,808.0,813.9,802.0,4.6,6.0,3.2
2026,Makai Lemon,PHI,WR,,,,,,,,,,,,,,,,1.5,3.0,0.0,7.0,14.0,0.0,0.0,0.0,0.0,1.3,0.6,2.0,106.8,120.6,84.0,56.8,61.7,52.0,803.0,883.0,723.0,4.7,5.5,4.0
2026,Ricky Pearsall,SF,WR,,,,,,,,,,,,,,,,4.2,4.4,4.0,21.2,24.5,18.0,0.1,0.2,0.0,0.3,0.0,0.5,106.7,109.1,97.0,60.3,61.0,59.6,839.9,850.0,829.8,3.4,3.9,3.0
2026,Michael Pittman Jr.,PIT,WR,,,,,,,,,,,,,,,,0.0,0.0,0.0,0.0,0.0,0.0,0.0,0.0,0.0,0.3,0.0,0.7,106.0,108.0,97.0,82.7,88.4,77.0,770.9,859.9,682.0,4.9,6.0,3.8
2026,Calvin Ridley,TEN,WR,,,,,,,,,,,,,,,,4.5,6.1,3.0,28.0,32.0,24.0,0.6,1.0,0.3,0.2,0.0,0.5,101.9,103.6,91.0,48.6,49.1,48.0,784.0,799.0,769.1,2.9,3.8,2.0
2026,Matthew Golden,GB,WR,,,,,,,,,,,,,,,,8.2,12.0,4.5,40.9,57.0,24.9,0.1,0.2,0.0,0.4,0.0,0.7,101.8,119.0,73.0,55.4,66.8,44.0,747.4,873.9,621.0,3.9,4.7,3.0
2026,Wan'Dale Robinson,TEN,WR,,,,,,,,,,,,,,,,3.0,4.1,2.0,14.2,22.4,6.0,0.1,0.2,0.0,0.3,0.0,0.6,101.6,99.0,95.1,83.9,89.0,78.9,825.6,836.0,815.2,3.0,4.0,1.9
2026,Khalil Shakir,BUF,WR,,,,,,,,,,,,,,,,1.7,2.3,1.0,8.3,12.5,4.0,0.1,0.1,0.0,0.8,0.6,1.0,99.7,101.0,92.0,72.6,75.0,70.1,740.0,765.0,715.0,4.3,5.0,3.7
2026,Rashid Shaheed,SEA,WR,,,,,,,,,,,,,,,,13.4,13.8,13.0,88.8,91.0,86.6,0.3,0.5,0.0,0.8,0.6,1.0,98.0,101.5,87.0,45.9,49.0,42.9,697.7,749.0,646.3,3.2,3.5,3.0
2026,Theo Wease Jr.,MIA,WR,,,,,,,,,,,,,,,,2.0,2.0,2.0,8.0,8.0,8.0,0.0,0.0,0.0,1.0,1.0,1.0,97.3,89.0,89.0,48.0,48.0,48.0,685.0,685.0,685.0,5.0,5.0,5.0
2026,Josh Downs,IND,WR,,,,,,,,,,,,,,,,2.0,2.1,2.0,6.4,10.8,2.0,0.0,0.1,0.0,0.8,0.6,1.0,96.8,97.0,89.1,76.8,78.0,75.7,714.8,717.6,712.0,4.3,6.0,2.7
2026,Rashod Bateman,BAL,WR,,,,,,,,,,,,,,,,0.0,0.0,0.0,0.0,0.0,0.0,0.0,0.0,0.0,0.2,0.0,0.3,94.7,97.0,84.8,38.4,39.0,37.7,591.8,614.6,569.0,6.0,8.0,4.0
2026,Tre Tucker,LV,WR,,,,,,,,,,,,,,,,11.2,12.0,10.5,52.9,57.7,48.0,0.2,0.3,0.0,0.1,0.0,0.3,91.9,89.5,83.0,50.1,52.0,48.2,633.5,656.1,611.0,3.8,5.0,2.5
2026,Tank Dell,HOU,WR,,,,,,,,,,,,,,,,10.2,12.0,8.4,48.8,53.0,44.5,0.1,0.2,0.0,0.2,0.0,0.4,91.4,104.0,67.6,50.0,62.0,38.1,633.2,804.0,462.5,3.8,5.0,2.7
2026,Jalen Coker,CAR,WR,,,,,,,,,,,,,,,,0.0,0.0,0.0,0.0,0.0,0.0,0.0,0.0,0.0,0.8,0.6,1.0,91.3,87.3,86.0,56.9,60.8,53.0,684.0,692.0,676.0,4.1,5.0,3.2
2026,Jerry Jeudy,CLE,WR,,,,,,,,,,,,,,,,0.5,1.0,0.0,2.0,4.0,0.0,0.0,0.0,0.0,0.7,0.5,1.0,90.7,86.9,86.0,54.7,58.0,51.5,748.1,785.0,711.2,2.9,3.0,2.7
2026,Jalen McMillan,TB,WR,,,,,,,,,,,,,,,,4.7,5.0,4.4,26.8,29.0,24.6,0.1,0.2,0.0,0.2,0.0,0.4,90.4,86.1,84.0,46.5,47.1,46.0,608.2,625.0,591.4,4.4,5.0,3.9
2026,KC Concepcion,CLE,WR,,,,,,,,,,,,,,,,4.2,6.4,2.0,22.4,34.8,10.0,0.1,0.2,0.0,1.3,0.7,2.0,89.9,101.4,69.0,55.7,61.4,50.0,709.2,773.4,645.0,3.1,3.3,3.0
2026,John Metchie III,CAR,WR,,,,,,,,,,,,,,,,3.0,3.0,3.0,-4.0,-4.0,-4.0,0.0,0.0,0.0,0.0,0.0,0.0,89.8,82.0,82.0,64.0,64.0,64.0,598.0,598.0,598.0,5.0,5.0,5.0
2026,Jayden Higgins,HOU,WR,,,,,,,,,,,,,,,,0.0,0.0,0.0,0.0,0.0,0.0,0.0,0.0,0.0,0.2,0.0,0.5,88.7,86.9,83.0,49.3,54.7,44.0,608.7,667.3,550.0,4.7,6.0,3.4
2026,Omar Cooper Jr.,NYJ,WR,,,,,,,,,,,,,,,,2.1,2.2,2.0,12.5,13.0,12.0,0.1,0.1,0.0,1.3,0.6,2.0,86.2,89.9,73.0,53.5,53.9,53.0,644.3,666.6,622.0,3.8,4.0,3.6
2026,Jauan Jennings,MIN,WR,,,,,,,,,,,,,,,,0.0,0.0,0.0,0.0,0.0,0.0,0.0,0.0,0.0,0.7,0.5,1.0,85.1,93.0,68.0,48.8,51.0,46.5,556.5,627.0,486.0,5.2,7.0,3.3
2026,Jalen Nailor,LV,WR,,,,,,,,,,,,,,,,2.0,2.1,2.0,8.5,11.1,6.0,0.0,0.1,0.0,0.2,0.0,0.4,83.7,85.0,73.8,42.0,43.0,41.0,565.9,573.0,558.9,4.4,6.0,2.8
2026,Antonio Williams,WAS,WR,,,,,,,,,,,,,,,,3.5,4.1,3.0,18.7,22.3,15.0,0.1,0.2,0.0,1.2,0.5,2.0,81.8,81.0,75.3,44.4,48.0,40.7,601.2,680.0,522.3,3.6,4.0,3.2
2026,Denzel Boston,CLE,WR,,,,,,,,,,,,,,,,1.0,2.0,0.0,5.0,10.0,0.0,0.0,0.0,0.0,0.8,0.6,1.0,80.3,85.7,66.0,50.5,54.9,46.0,635.2,684.3,586.0,3.0,3.0,2.9
2026,Cooper Kupp,SEA,WR,,,,,,,,,,,,,,,,0.5,1.0,0.0,1.5,3.0,0.0,0.0,0.0,0.0,0.7,0.3,1.0,77.6,83.0,63.6,47.4,57.0,37.9,583.3,695.0,471.5,3.4,4.0,2.8
2026,Germie Bernard,PIT,WR,,,,,,,,,,,,,,,,2.1,2.1,2.0,10.8,11.6,10.0,0.0,0.1,0.0,0.8,0.5,1.0,73.8,79.6,60.0,44.6,47.1,42.0,554.2,593.5,515.0,3.1,3.2,3.0
2026,Darnell Mooney,NYG,WR,,,,,,,,,,,,,,,,1.1,2.2,0.0,6.0,11.9,0.0,0.0,0.1,0.0,0.2,0.0,0.3,73.5,70.0,69.0,38.0,41.0,35.1,557.7,602.0,513.4,2.9,3.0,2.7
2026,Kayshon Boutte,NE,WR,,,,,,,,,,,,,,,,0.0,0.0,0.0,0.0,0.0,0.0,0.0,0.0,0.0,0.1,0.0,0.2,71.0,89.0,44.1,30.3,37.0,23.6,469.6,620.0,319.3,4.0,6.0,2.1
2026,Travis Hunter,JAC,WR,,,,,,,,,,,,,,,,2.0,2.0,2.0,10.8,10.8,10.8,0.1,0.1,0.1,0.4,0.4,0.4,70.2,71.5,71.5,41.6,41.6,41.6,496.2,496.2,496.2,3.3,3.3,3.3
2026,Chris Bell,MIA,WR,,,,,,,,,,,,,,,,0.0,0.0,0.0,0.0,0.0,0.0,0.0,0.0,0.0,0.5,0.5,0.5,69.6,69.9,69.9,44.3,44.3,44.3,581.5,581.5,581.5,2.1,2.1,2.1
2026,Bub Means,NO,WR,,,,,,,,,,,,,,,,1.0,1.0,1.0,7.0,7.0,7.0,0.0,0.0,0.0,1.0,1.0,1.0,68.3,60.0,60.0,38.0,38.0,38.0,516.0,516.0,516.0,3.0,3.0,3.0
2026,Christian Kirk,SF,WR,,,,,,,,,,,,,,,,0.0,0.0,0.0,0.0,0.0,0.0,0.0,0.0,0.0,0.1,0.0,0.2,67.3,79.0,47.4,39.9,55.0,24.7,487.7,634.0,341.4,3.1,4.0,2.2
2026,Ja'Kobi Lane,BAL,WR,,,,,,,,,,,,,,,,1.5,3.0,0.0,8.5,17.0,0.0,0.0,0.0,0.0,0.6,0.3,1.0,65.8,67.0,56.1,30.4,35.0,25.8,457.1,521.0,393.3,3.4,4.0,2.8
2026,Caleb Douglas,MIA,WR,,,,,,,,,,,,,,,,1.0,2.0,0.0,5.5,11.0,0.0,0.0,0.0,0.0,0.7,0.5,1.0,65.0,69.9,51.0,39.6,44.3,35.0,506.8,581.5,432.0,2.5,3.0,2.1
2026,Tory Horton,SEA,WR,,,,,,,,,,,,,,,,0.5,1.0,0.0,3.0,6.0,0.0,0.0,0.0,0.0,0.6,0.2,1.0,64.0,75.0,43.8,30.3,39.0,21.6,400.4,502.0,298.9,4.2,6.0,2.3
2026,Tyquan Thornton,KC,WR,,,,,,,,,,,,,,,,0.0,0.0,0.0,0.0,0.0,0.0,0.0,0.0,0.0,0.1,0.0,0.2,63.6,73.0,46.1,23.8,27.0,20.7,442.1,574.0,310.1,3.3,4.0,2.5
2026,Troy Franklin,DEN,WR,,,,,,,,,,,,,,,,3.0,4.0,2.1,10.8,11.0,10.6,0.0,0.1,0.0,0.6,0.2,1.0,63.2,84.0,33.7,36.5,56.0,17.1,397.4,579.0,215.8,3.9,6.0,1.8
2026,Darius Slayton,NYG,WR,,,,,,,,,,,,,,,,1.6,2.2,1.0,8.6,12.3,5.0,0.0,0.1,0.0,0.7,0.3,1.0,61.5,63.0,51.3,34.3,40.0,28.5,502.8,614.0,391.7,1.9,2.0,1.8
2026,Malik Washington,MIA,WR,,,,,,,,,,,,,,,,13.3,14.0,12.6,79.3,83.0,75.6,0.7,1.0,0.4,0.8,0.5,1.0,61.1,60.0,52.0,42.1,46.0,38.2,371.2,394.4,348.0,2.2,3.0,1.4
2026,Nick Westbrook-Ikhine,IND,WR,,,,,,,,,,,,,,,,0.0,0.0,0.0,0.0,0.0,0.0,0.0,0.0,0.0,0.3,0.3,0.3,60.8,61.3,61.3,34.3,34.3,34.3,432.7,432.7,432.7,3.0,3.0,3.0
2026,De'Zhaun Stribling,SF,WR,,,,,,,,,,,,,,,,1.5,3.0,0.0,6.5,13.0,0.0,0.0,0.0,0.0,0.6,0.2,1.0,60.1,66.0,45.1,32.6,43.0,22.3,452.9,580.0,325.9,2.6,3.0,2.1
2026,Isaac TeSlaa,DET,WR,,,,,,,,,,,,,,,,0.0,0.0,0.0,0.0,0.0,0.0,0.0,0.0,0.0,0.1,0.0,0.2,59.7,62.0,49.2,25.4,27.0,23.7,352.3,403.0,301.7,4.1,5.0,3.2
2026,Devaughn Vele,NO,WR,,,,,,,,,,,,,,,,0.0,0.0,0.0,0.0,0.0,0.0,0.0,0.0,0.0,0.1,0.0,0.2,59.1,74.0,35.6,35.1,45.0,25.1,422.8,588.0,257.5,2.8,4.0,1.7
2026,Jack Bech,LV,WR,,,,,,,,,,,,,,,,0.0,0.0,0.0,0.0,0.0,0.0,0.0,0.0,0.0,0.4,0.4,0.4,58.1,58.4,58.4,41.4,41.4,41.4,483.1,483.1,483.1,1.8,1.8,1.8
2026,Andrei Iosivas,CIN,WR,,,,,,,,,,,,,,,,2.0,2.0,2.0,11.1,11.1,11.0,0.0,0.1,0.0,0.1,0.0,0.2,57.7,56.0,49.8,31.2,35.0,27.3,392.6,468.0,317.2,2.9,3.0,2.8
2026,Ryan Flournoy,DAL,WR,,,,,,,,,,,,,,,,2.2,2.2,2.2,12.4,12.4,12.4,0.1,0.1,0.1,0.4,0.4,0.4,55.5,55.7,55.7,34.0,34.0,34.0,384.6,384.6,384.6,2.7,2.7,2.7
2026,Dyami Brown,WAS,WR,,,,,,,,,,,,,,,,0.0,0.0,0.0,0.0,0.0,0.0,0.0,0.0,0.0,0.3,0.3,0.3,55.0,55.5,55.5,29.9,29.9,29.9,394.7,394.7,394.7,2.7,2.7,2.7
2026,Tre' Harris,LAC,WR,,,,,,,,,,,,,,,,0.0,0.0,0.0,0.0,0.0,0.0,0.0,0.0,0.0,0.4,0.4,0.4,54.8,54.9,54.9,34.5,34.5,34.5,407.7,407.7,407.7,2.5,2.5,2.5
2026,Ted Hurst II,ITB,WR,,,,,,,,,,,,,,,,1.0,2.0,0.0,6.5,13.0,0.0,0.0,0.0,0.0,0.6,0.2,1.0,53.9,55.0,42.4,28.8,35.0,22.7,390.6,485.0,296.1,2.6,3.0,2.1
2026,Olamide Zaccheaus,ATL,WR,,,,,,,,,,,,,,,,1.5,3.0,0.0,9.5,19.0,0.0,0.0,0.0,0.0,0.2,0.0,0.4,53.6,52.0,46.3,40.7,46.0,35.4,392.2,412.0,372.4,2.3,3.0,1.6
2026,Adonai Mitchell,NYJ,WR,,,,,,,,,,,,,,,,2.2,2.2,2.2,11.1,11.1,11.1,0.1,0.1,0.1,0.3,0.3,0.3,53.0,53.6,53.6,26.6,26.6,26.6,382.3,382.3,382.3,2.3,2.3,2.3
2026,Mack Hollins,NE,WR,,,,,,,,,,,,,,,,0.5,1.0,0.0,1.5,3.0,0.0,0.0,0.0,0.0,0.0,0.0,0.1,52.2,79.0,17.3,29.4,48.0,10.8,377.9,629.0,126.8,2.4,4.0,0.8
2026,Ashton Dulin,IND,WR,,,,,,,,,,,,,,,,5.1,6.0,4.2,46.2,66.0,26.4,0.1,0.2,0.0,0.1,0.0,0.2,51.6,61.0,29.8,22.5,28.0,17.0,378.9,552.0,205.7,1.5,2.0,0.9
2026,Hollywood Brown,PHI,WR,,,,,,,,,,,,,,,,0.0,0.0,0.0,0.0,0.0,0.0,0.0,0.0,0.0,0.1,0.0,0.2,48.7,57.0,32.1,26.3,34.0,18.6,323.8,415.0,232.7,2.8,4.0,1.5
2026,Chimere Dike,TEN,WR,,,,,,,,,,,,,,,,10.6,11.0,10.1,34.1,50.2,18.0,0.3,0.6,0.0,0.6,0.2,1.0,47.5,67.0,23.4,25.1,43.0,7.1,240.3,407.0,73.5,3.3,6.0,0.5
2026,Van Jefferson,WAS,WR,,,,,,,,,,,,,,,,0.0,0.0,0.0,0.0,0.0,0.0,0.0,0.0,0.0,0.2,0.2,0.2,47.0,47.3,47.3,28.0,28.0,28.0,357.8,357.8,357.8,1.9,1.9,1.9
2026,Keon Coleman,BUF,WR,,,,,,,,,,,,,,,,0.0,0.0,0.0,0.0,0.0,0.0,0.0,0.0,0.0,0.2,0.2,0.2,46.0,46.8,46.8,22.5,22.5,22.5,309.4,309.4,309.4,2.6,2.6,2.6
2026,Xavier Hutchinson,HOU,WR,,,,,,,,,,,,,,,,2.1,2.1,2.0,14.2,16.0,12.4,0.0,0.1,0.0,0.1,0.0,0.2,45.8,51.0,31.2,26.4,34.0,18.8,320.6,410.0,231.3,2.1,3.0,1.1
2026,KaVontae Turpin,DAL,WR,,,,,,,,,,,,,,,,17.7,17.7,17.7,102.5,102.5,102.5,0.4,0.4,0.4,0.4,0.4,0.4,45.5,48.7,48.7,18.2,18.2,18.2,230.4,230.4,230.4,1.7,1.7,1.7
2026,Savion Williams,GB,WR,,,,,,,,,,,,,,,,9.0,9.0,9.0,47.0,47.0,47.0,0.3,0.3,0.3,0.3,0.3,0.3,45.1,46.0,46.0,23.9,23.9,23.9,272.1,272.1,272.1,2.0,2.0,2.0
2026,Jalen Tolbert,MIA,WR,,,,,,,,,,,,,,,,0.0,0.0,0.0,0.0,0.0,0.0,0.0,0.0,0.0,0.3,0.3,0.3,44.5,44.6,44.6,30.1,30.1,30.1,364.3,364.3,364.3,1.4,1.4,1.4
2026,Elic Ayomanor,TEN,WR,,,,,,,,,,,,,,,,0.0,0.0,0.0,0.0,0.0,0.0,0.0,0.0,0.0,0.0,0.0,0.0,44.4,76.0,4.9,21.5,40.0,3.0,287.8,538.0,37.6,2.6,5.0,0.2
2026,Xavier Legette,CAR,WR,,,,,,,,,,,,,,,,2.1,2.1,2.1,10.8,10.8,10.8,0.1,0.1,0.1,0.3,0.3,0.3,44.1,44.3,44.3,26.6,26.6,26.6,307.9,307.9,307.9,2.1,2.1,2.1
2026,Pat Bryant,DEN,WR,,,,,,,,,,,,,,,,0.0,0.0,0.0,0.0,0.0,0.0,0.0,0.0,0.0,0.3,0.3,0.3,44.0,44.3,44.3,28.5,28.5,28.5,319.6,319.6,319.6,2.1,2.1,2.1
2026,Joshua Palmer,BUF,WR,,,,,,,,,,,,,,,,0.0,0.0,0.0,0.0,0.0,0.0,0.0,0.0,0.0,0.1,0.0,0.2,43.3,50.0,27.9,25.9,35.0,16.9,337.7,470.0,205.4,1.6,2.0,1.2
2026,Marvin Mims Jr.,DEN,WR,,,,,,,,,,,,,,,,8.2,8.2,8.2,45.0,45.0,45.0,0.3,0.3,0.3,0.4,0.4,0.4,42.6,45.6,45.6,24.2,24.2,24.2,272.4,272.4,272.4,1.6,1.6,1.6
2026,Calvin Austin III,NYG,WR,,,,,,,,,,,,,,,,0.0,0.0,0.0,0.0,0.0,0.0,0.0,0.0,0.0,0.1,0.0,0.1,41.7,60.0,14.6,21.1,33.0,9.2,280.8,450.0,111.7,2.3,4.0,0.6
2026,Jahdae Walker,CHI,WR,,,,,,,,,,,,,,,,0.5,1.0,0.0,3.5,7.0,0.0,0.0,0.0,0.0,0.0,0.0,0.1,41.6,63.0,11.1,18.7,31.0,6.3,243.3,415.0,71.5,2.8,5.0,0.7
2026,Jahan Dotson,ATL,WR,,,,,,,,,,,,,,,,0.0,0.0,0.0,0.0,0.0,0.0,0.0,0.0,0.0,0.2,0.2,0.2,41.5,41.7,41.7,25.4,25.4,25.4,318.9,318.9,318.9,1.7,1.7,1.7
2026,Cedric Tillman,CLE,WR,,,,,,,,,,,,,,,,0.0,0.0,0.0,-0.5,0.0,-1.0,0.0,0.0,0.0,0.0,0.0,0.1,40.5,59.0,13.2,21.5,34.0,9.0,269.6,438.0,101.3,2.3,4.0,0.5
2026,Elijah Sarratt,BAL,WR,,,,,,,,,,,,,,,,0.0,0.0,0.0,0.0,0.0,0.0,0.0,0.0,0.0,0.2,0.2,0.2,39.6,39.7,39.7,19.5,19.5,19.5,294.4,294.4,294.4,1.8,1.8,1.8
2026,DeMario Douglas,NE,WR,,,,,,,,,,,,,,,,4.1,4.1,4.1,21.4,21.4,21.4,0.2,0.2,0.2,0.3,0.3,0.3,38.5,38.7,38.7,22.8,22.8,22.8,271.2,271.2,271.2,1.5,1.5,1.5
2026,Jaylin Lane,WAS,WR,,,,,,,,,,,,,,,,0.0,0.0,0.0,0.0,0.0,0.0,0.0,0.0,0.0,0.2,0.2,0.2,38.4,41.3,41.3,22.8,22.8,22.8,281.0,281.0,281.0,1.8,1.8,1.8
2026,Chris Brazzell II,CAR,WR,,,,,,,,,,,,,,,,0.0,0.0,0.0,0.0,0.0,0.0,0.0,0.0,0.0,0.2,0.2,0.2,38.3,38.6,38.6,22.5,22.5,22.5,287.7,287.7,287.7,1.7,1.7,1.7
2026,Kalif Raymond,CHI,WR,,,,,,,,,,,,,,,,4.6,4.6,4.6,27.2,27.2,27.2,0.2,0.2,0.2,0.3,0.3,0.3,37.1,38.7,38.7,26.7,26.7,26.7,264.8,264.8,264.8,1.3,1.3,1.3
2026,Dontayvion Wicks,PHI,WR,,,,,,,,,,,,,,,,0.0,0.0,0.0,0.0,0.0,0.0,0.0,0.0,0.0,0.2,0.2,0.2,35.7,35.9,35.9,21.3,21.3,21.3,269.2,269.2,269.2,1.6,1.6,1.6
2026,Demarcus Robinson,SF,WR,,,,,,,,,,,,,,,,0.5,1.0,0.0,2.5,5.0,0.0,0.0,0.0,0.0,0.0,0.0,0.0,35.4,56.0,6.4,17.7,32.0,3.3,252.4,460.0,44.8,1.7,3.0,0.3
2026,Jaylin Noel,HOU,WR,,,,,,,,,,,,,,,,4.2,4.2,4.2,22.1,22.1,22.1,0.1,0.1,0.1,0.3,0.3,0.3,34.6,36.6,36.6,21.6,21.6,21.6,239.3,239.3,239.3,1.4,1.4,1.4
2026,Tutu Atwell,MIA,WR,,,,,,,,,,,,,,,,2.1,2.1,2.1,11.1,11.1,11.1,0.1,0.1,0.1,0.2,0.2,0.2,32.9,33.0,33.0,20.7,20.7,20.7,292.1,292.1,292.1,0.4,0.4,0.4
2026,Zachariah Branch,ATL,WR,,,,,,,,,,,,,,,,0.0,0.0,0.0,0.0,0.0,0.0,0.0,0.0,0.0,0.2,0.2,0.2,32.5,34.3,34.3,20.9,20.9,20.9,251.9,251.9,251.9,1.3,1.3,1.3
2026,Luke McCaffrey,WAS,WR,,,,,,,,,,,,,,,,0.0,0.0,0.0,0.0,0.0,0.0,0.0,0.0,0.0,0.0,0.0,0.0,31.0,54.0,0.8,12.0,24.0,0.0,190.0,380.0,0.0,2.0,4.0,0.0
2026,Treylon Burks,WAS,WR,,,,,,,,,,,,,,,,0.0,0.0,0.0,0.0,0.0,0.0,0.0,0.0,0.0,0.1,0.1,0.1,29.0,29.3,29.3,15.8,15.8,15.8,215.6,215.6,215.6,1.3,1.3,1.3
2026,Kendrick Bourne,ARI,WR,,,,,,,,,,,,,,,,0.0,0.0,0.0,0.0,0.0,0.0,0.0,0.0,0.0,0.2,0.2,0.2,27.5,27.6,27.6,22.8,22.8,22.8,239.8,239.8,239.8,0.7,0.7,0.7
2026,Jordan Whittington,LAR,WR,,,,,,,,,,,,,,,,2.3,2.3,2.3,12.1,12.1,12.1,0.1,0.1,0.1,0.2,0.2,0.2,26.2,26.6,26.6,15.0,15.0,15.0,172.0,172.0,172.0,1.2,1.2,1.2
2026,Malachi Fields,NYG,WR,,,,,,,,,,,,,,,,0.0,0.0,0.0,0.0,0.0,0.0,0.0,0.0,0.0,0.2,0.2,0.2,25.9,26.1,26.1,16.5,16.5,16.5,196.7,196.7,196.7,1.1,1.1,1.1
2026,Bryce Lance,NO,WR,,,,,,,,,,,,,,,,0.0,0.0,0.0,0.0,0.0,0.0,0.0,0.0,0.0,0.2,0.2,0.2,25.7,25.8,25.8,16.4,16.4,16.4,204.3,204.3,204.3,0.9,0.9,0.9
2026,Dont'e Thornton Jr.,LV,WR,,,,,,,,,,,,,,,,0.0,0.0,0.0,0.0,0.0,0.0,0.0,0.0,0.0,0.2,0.2,0.2,25.2,25.4,25.4,15.2,15.2,15.2,210.6,210.6,210.6,0.8,0.8,0.8
2026,Devontez Walker,BAL,WR,,,,,,,,,,,,,,,,0.0,0.0,0.0,0.0,0.0,0.0,0.0,0.0,0.0,0.1,0.1,0.1,23.4,23.5,23.5,11.6,11.6,11.6,166.4,166.4,166.4,1.2,1.2,1.2
2026,Jalen Royals,KC,WR,,,,,,,,,,,,,,,,0.0,0.0,0.0,0.0,0.0,0.0,0.0,0.0,0.0,0.1,0.1,0.1,22.8,22.9,22.9,13.6,13.6,13.6,156.9,156.9,156.9,1.2,1.2,1.2
2026,Skyler Bell,BUF,WR,,,,,,,,,,,,,,,,0.0,0.0,0.0,0.0,0.0,0.0,0.0,0.0,0.0,0.1,0.1,0.1,21.9,22.0,22.0,12.1,12.1,12.1,163.5,163.5,163.5,1.0,1.0,1.0
2026,Konata Mumpfield,LAR,WR,,,,,,,,,,,,,,,,0.0,0.0,0.0,0.0,0.0,0.0,0.0,0.0,0.0,0.1,0.1,0.1,19.4,19.4,19.4,9.9,9.9,9.9,126.7,126.7,126.7,1.2,1.2,1.2
2026,Brenen Thompson,LAC,WR,,,,,,,,,,,,,,,,2.1,2.1,2.1,11.3,11.3,11.3,0.1,0.1,0.1,0.1,0.1,0.1,17.8,17.8,17.8,9.5,9.5,9.5,120.8,120.8,120.8,0.7,0.7,0.7
2026,KeAndre Lambert-Smith,LAC,WR,,,,,,,,,,,,,,,,0.0,0.0,0.0,0.0,0.0,0.0,0.0,0.0,0.0,0.1,0.1,0.1,17.0,17.6,17.6,9.6,9.6,9.6,120.8,120.8,120.8,0.9,0.9,0.9
2026,Kyle Williams,NE,WR,,,,,,,,,,,,,,,,4.1,4.1,4.1,22.3,22.3,22.3,0.2,0.2,0.2,0.1,0.1,0.1,15.6,16.1,16.1,6.5,6.5,6.5,91.5,91.5,91.5,0.6,0.6,0.6
2026,Tez Johnson,TB,WR,,,,,,,,,,,,,,,,4.4,4.4,4.4,23.2,23.2,23.2,0.2,0.2,0.2,0.1,0.1,0.1,14.9,15.0,15.0,6.6,6.6,6.6,77.9,77.9,77.9,0.6,0.6,0.6
2026,Mitch Tinsley,CIN,WR,,,,,,,,,,,,,,,,0.0,0.0,0.0,0.0,0.0,0.0,0.0,0.0,0.0,0.1,0.1,0.1,12.9,13.0,13.0,6.6,6.6,6.6,84.0,84.0,84.0,0.8,0.8,0.8
2026,Kevin Coleman Jr.,MIA,WR,,,,,,,,,,,,,,,,0.0,0.0,0.0,0.0,0.0,0.0,0.0,0.0,0.0,0.1,0.1,0.1,12.8,12.9,12.9,9.2,9.2,9.2,113.4,113.4,113.4,0.3,0.3,0.3
2026,Xavier Smith,LAR,WR,,,,,,,,,,,,,,,,0.0,0.0,0.0,0.0,0.0,0.0,0.0,0.0,0.0,0.1,0.1,0.1,12.7,14.4,14.4,7.2,7.2,7.2,89.3,89.3,89.3,0.7,0.7,0.7
2026,Cyrus Allen,KC,WR,,,,,,,,,,,,,,,,0.0,0.0,0.0,0.0,0.0,0.0,0.0,0.0,0.0,0.1,0.1,0.1,10.8,10.8,10.8,6.4,6.4,6.4,79.2,79.2,79.2,0.5,0.5,0.5
2026,Greg Dortch,DET,WR,,,,,,,,,,,,,,,,4.7,4.7,4.7,24.0,24.0,24.0,0.4,0.4,0.4,0.1,0.1,0.1,10.0,12.0,12.0,4.1,4.1,4.1,39.8,39.8,39.8,0.3,0.3,0.3
2026,Anthony Gould,IND,WR,,,,,,,,,,,,,,,,0.0,0.0,0.0,0.0,0.0,0.0,0.0,0.0,0.0,0.1,0.1,0.1,9.3,10.7,10.7,7.0,7.0,7.0,74.3,74.3,74.3,0.3,0.3,0.3
2026,Bo Melton,GB,WR,,,,,,,,,,,,,,,,4.5,4.5,4.5,26.0,26.0,26.0,0.1,0.1,0.1,0.1,0.1,0.1,8.6,8.8,8.8,2.9,2.9,2.9,37.6,37.6,37.6,0.3,0.3,0.3
2026,Isaiah Bond,CLE,WR,,,,,,,,,,,,,,,,4.3,4.3,4.3,23.5,23.5,23.5,0.1,0.1,0.1,0.1,0.1,0.1,7.9,8.0,8.0,2.8,2.8,2.8,36.7,36.7,36.7,0.2,0.2,0.2
2026,Mason Tipton,NO,WR,,,,,,,,,,,,,,,,4.3,4.3,4.3,23.7,23.7,23.7,0.2,0.2,0.2,0.1,0.1,0.1,7.8,8.5,8.5,3.3,3.3,3.3,37.5,37.5,37.5,0.2,0.2,0.2
2026,Tyrell Shavers,BUF,WR,,,,,,,,,,,,,,,,0.0,0.0,0.0,0.0,0.0,0.0,0.0,0.0,0.0,0.0,0.0,0.0,6.9,7.0,7.0,4.0,4.0,4.0,52.2,52.2,52.2,0.3,0.3,0.3
2026,Derius Davis,LAC,WR,,,,,,,,,,,,,,,,2.1,2.1,2.1,11.0,11.0,11.0,0.1,0.1,0.1,0.1,0.1,0.1,6.7,8.2,8.2,3.5,3.5,3.5,37.8,37.8,37.8,0.3,0.3,0.3
2026,Ben Skowronek,PIT,WR,,,,,,,,,,,,,,,,0.0,0.0,0.0,0.0,0.0,0.0,0.0,0.0,0.0,0.0,0.0,0.0,6.3,6.3,6.3,5.4,5.4,5.4,51.0,51.0,51.0,0.2,0.2,0.2
2026,David Moore,CAR,WR,,,,,,,,,,,,,,,,2.1,2.1,2.1,11.4,11.4,11.4,0.1,0.1,0.1,0.1,0.1,0.1,6.3,6.3,6.3,3.1,3.1,3.1,36.7,36.7,36.7,0.2,0.2,0.2
2026,CJ Daniels,LAR,WR,,,,,,,,,,,,,,,,0.0,0.0,0.0,0.0,0.0,0.0,0.0,0.0,0.0,0.0,0.0,0.0,6.3,6.3,6.3,3.4,3.4,3.4,42.8,42.8,42.8,0.3,0.3,0.3
2026,Isaiah Williams,NYJ,WR,,,,,,,,,,,,,,,,2.2,2.2,2.2,12.7,12.7,12.7,0.1,0.1,0.1,0.1,0.1,0.1,6.2,9.8,9.8,3.8,3.8,3.8,35.9,35.9,35.9,0.1,0.1,0.1
2026,Colbie Young,CIN,WR,,,,,,,,,,,,,,,,0.0,0.0,0.0,0.0,0.0,0.0,0.0,0.0,0.0,0.0,0.0,0.0,6.2,6.3,6.3,3.5,3.5,3.5,43.2,43.2,43.2,0.3,0.3,0.3
2026,Zavion Thomas,CHI,WR,,,,,,,,,,,,,,,,0.0,0.0,0.0,0.0,0.0,0.0,0.0,0.0,0.0,0.0,0.0,0.0,5.6,6.7,6.7,3.1,3.1,3.1,37.8,37.8,37.8,0.3,0.3,0.3
2026,Malachi Corley,CLE,WR,,,,,,,,,,,,,,,,6.4,6.4,6.4,43.8,43.8,43.8,0.2,0.2,0.2,0.1,0.1,0.1,5.5,5.9,5.9,0.0,0.0,0.0,0.0,0.0,0.0,0.0,0.0,0.0
2026,Jonathan Mingo,DAL,WR,,,,,,,,,,,,,,,,0.0,0.0,0.0,0.0,0.0,0.0,0.0,0.0,0.0,0.0,0.0,0.0,5.5,5.5,5.5,2.9,2.9,2.9,40.7,40.7,40.7,0.3,0.3,0.3
2026,Justin Watson,HOU,WR,,,,,,,,,,,,,,,,0.0,0.0,0.0,0.0,0.0,0.0,0.0,0.0,0.0,0.0,0.0,0.0,5.4,5.5,5.5,3.1,3.1,3.1,41.6,41.6,41.6,0.2,0.2,0.2
2026,Darius Cooper,PHI,WR,,,,,,,,,,,,,,,,0.0,0.0,0.0,0.0,0.0,0.0,0.0,0.0,0.0,0.0,0.0,0.0,5.2,5.2,5.2,3.3,3.3,3.3,37.6,37.6,37.6,0.3,0.3,0.3
2026,Tai Felton,MIN,WR,,,,,,,,,,,,,,,,0.0,0.0,0.0,0.0,0.0,0.0,0.0,0.0,0.0,0.0,0.0,0.0,5.0,5.3,5.3,3.7,3.7,3.7,37.0,37.0,37.0,0.2,0.2,0.2
2026,Reggie Virgil,ARI,WR,,,,,,,,,,,,,,,,0.0,0.0,0.0,0.0,0.0,0.0,0.0,0.0,0.0,0.0,0.0,0.0,4.7,4.7,4.7,3.4,3.4,3.4,39.3,39.3,39.3,0.1,0.1,0.1
2026,Kaden Wetjen,PIT,WR,,,,,,,,,,,,,,,,2.1,2.1,2.1,11.6,11.6,11.6,0.1,0.1,0.1,0.0,0.0,0.0,4.0,6.4,6.4,1.6,1.6,1.6,18.8,18.8,18.8,0.1,0.1,0.1
2026,Arian Smith,NYJ,WR,,,,,,,,,,,,,,,,4.3,4.3,4.3,23.6,23.6,23.6,0.2,0.2,0.2,0.0,0.0,0.0,3.4,3.5,3.5,0.0,0.0,0.0,0.0,0.0,0.0,0.0,0.0,0.0
2026,Jimmy Horn Jr.,CAR,WR,,,,,,,,,,,,,,,,4.1,4.1,4.1,24.7,24.7,24.7,0.1,0.1,0.1,0.0,0.0,0.0,3.0,3.1,3.1,0.0,0.0,0.0,0.0,0.0,0.0,0.0,0.0,0.0
2026,Kameron Johnson,TB,WR,,,,,,,,,,,,,,,,2.2,2.2,2.2,12.1,12.1,12.1,0.1,0.1,0.1,0.0,0.0,0.0,1.8,3.6,3.6,0.0,0.0,0.0,0.0,0.0,0.0,0.0,0.0,0.0
2026,Gunner Olszewski,NYG,WR,,,,,,,,,,,,,,,,0.0,0.0,0.0,0.0,0.0,0.0,0.0,0.0,0.0,0.0,0.0,0.0,0.0,0.0,0.0,0.0,0.0,0.0,0.0,0.0,0.0,0.0,0.0,0.0
2026,Devin Duvernay,ARI,WR,,,,,,,,,,,,,,,,0.0,0.0,0.0,0.0,0.0,0.0,0.0,0.0,0.0,0.0,0.0,0.0,0.0,0.8,0.8,0.0,0.0,0.0,0.0,0.0,0.0,0.0,0.0,0.0
2026,Mason Kinsey,TEN,WR,,,,,,,,,,,,,,,,0.0,0.0,0.0,0.0,0.0,0.0,0.0,0.0,0.0,0.0,0.0,0.0,0.0,0.1,0.1,0.0,0.0,0.0,0.0,0.0,0.0,0.0,0.0,0.0
2026,Michael Bandy,DEN,WR,,,,,,,,,,,,,,,,0.0,0.0,0.0,0.0,0.0,0.0,0.0,0.0,0.0,0.0,0.0,0.0,0.0,0.2,0.2,0.0,0.0,0.0,0.0,0.0,0.0,0.0,0.0,0.0
2026,Skyy Moore,GB,WR,,,,,,,,,,,,,,,,0.0,0.0,0.0,0.0,0.0,0.0,0.0,0.0,0.0,0.0,0.0,0.0,0.0,0.4,0.4,0.0,0.0,0.0,0.0,0.0,0.0,0.0,0.0,0.0
2026,Britain Covey,PHI,WR,,,,,,,,,,,,,,,,0.0,0.0,0.0,0.0,0.0,0.0,0.0,0.0,0.0,0.0,0.0,0.0,0.0,1.7,1.7,0.0,0.0,0.0,0.0,0.0,0.0,0.0,0.0,0.0
2026,Dareke Young,LV,WR,,,,,,,,,,,,,,,,0.0,0.0,0.0,0.0,0.0,0.0,0.0,0.0,0.0,0.0,0.0,0.0,0.0,0.4,0.4,0.0,0.0,0.0,0.0,0.0,0.0,0.0,0.0,0.0
2026,Jacob Cowing,SF,WR,,,,,,,,,,,,,,,,0.0,0.0,0.0,0.0,0.0,0.0,0.0,0.0,0.0,0.0,0.0,0.0,0.0,1.2,1.2,0.0,0.0,0.0,0.0,0.0,0.0,0.0,0.0,0.0
2026,Charlie Jones,CIN,WR,,,,,,,,,,,,,,,,0.0,0.0,0.0,0.0,0.0,0.0,0.0,0.0,0.0,0.0,0.0,0.0,0.0,2.5,2.5,0.0,0.0,0.0,0.0,0.0,0.0,0.0,0.0,0.0
2026,Barion Brown,NO,WR,,,,,,,,,,,,,,,,0.0,0.0,0.0,0.0,0.0,0.0,0.0,0.0,0.0,0.0,0.0,0.0,0.0,1.3,1.3,0.0,0.0,0.0,0.0,0.0,0.0,0.0,0.0,0.0
2026,Jalen Brooks,ARI,WR,,,,,,,,,,,,,,,,0.0,0.0,0.0,0.0,0.0,0.0,0.0,0.0,0.0,0.0,0.0,0.0,0.0,0.3,0.3,0.0,0.0,0.0,0.0,0.0,0.0,0.0,0.0,0.0
2026,Brycen Tremayne,CAR,WR,,,,,,,,,,,,,,,,0.0,0.0,0.0,0.0,0.0,0.0,0.0,0.0,0.0,0.0,0.0,0.0,0.0,0.2,0.2,0.0,0.0,0.0,0.0,0.0,0.0,0.0,0.0,0.0
2026,Nikko Remigio,KC,WR,,,,,,,,,,,,,,,,0.0,0.0,0.0,0.0,0.0,0.0,0.0,0.0,0.0,0.0,0.0,0.0,0.0,1.4,1.4,0.0,0.0,0.0,0.0,0.0,0.0,0.0,0.0,0.0
2026,Jeshaun Jones,MIN,WR,,,,,,,,,,,,,,,,0.0,0.0,0.0,0.0,0.0,0.0,0.0,0.0,0.0,0.0,0.0,0.0,0.0,0.1,0.1,0.0,0.0,0.0,0.0,0.0,0.0,0.0,0.0,0.0
2026,Efton Chism II,INE,WR,,,,,,,,,,,,,,,,0.0,0.0,0.0,0.0,0.0,0.0,0.0,0.0,0.0,0.0,0.0,0.0,0.0,0.5,0.5,0.0,0.0,0.0,0.0,0.0,0.0,0.0,0.0,0.0
2026,LaJohntay Wester,BAL,WR,,,,,,,,,,,,,,,,0.0,0.0,0.0,0.0,0.0,0.0,0.0,0.0,0.0,0.0,0.0,0.0,0.0,1.7,1.7,0.0,0.0,0.0,0.0,0.0,0.0,0.0,0.0,0.0
2026,Ke'Shawn Williams,CIN,WR,,,,,,,,,,,,,,,,0.0,0.0,0.0,0.0,0.0,0.0,0.0,0.0,0.0,0.0,0.0,0.0,0.0,1.0,1.0,0.0,0.0,0.0,0.0,0.0,0.0,0.0,0.0,0.0
2026,Myles Price,MIN,WR,,,,,,,,,,,,,,,,0.0,0.0,0.0,0.0,0.0,0.0,0.0,0.0,0.0,0.0,0.0,0.0,0.0,2.0,2.0,0.0,0.0,0.0,0.0,0.0,0.0,0.0,0.0,0.0
2026,Gage Larvadain,CLE,WR,,,,,,,,,,,,,,,,0.0,0.0,0.0,0.0,0.0,0.0,0.0,0.0,0.0,0.0,0.0,0.0,0.0,0.7,0.7,0.0,0.0,0.0,0.0,0.0,0.0,0.0,0.0,0.0
2026,Josh Cameron,JAC,WR,,,,,,,,,,,,,,,,0.0,0.0,0.0,0.0,0.0,0.0,0.0,0.0,0.0,0.0,0.0,0.0,0.0,0.1,0.1,0.0,0.0,0.0,0.0,0.0,0.0,0.0,0.0,0.0
2026,Trey McBride,ARI,TE,,,,,,,,,,,,,,,,,,,,,,,,,0.2,0.0,0.5,148.0,148.0,139.8,113.4,115.0,111.9,1077.7,1087.0,1068.5,6.8,8.0,5.6
2026,Brock Bowers,LV,TE,,,,,,,,,,,,,,,,,,,,,,,,,0.2,0.0,0.4,145.6,144.0,141.8,93.2,98.4,88.0,993.1,995.3,991.0,7.8,9.0,6.6
2026,Colston Loveland,CHI,TE,,,,,,,,,,,,,,,,,,,,,,,,,0.2,0.0,0.4,136.6,138.0,126.1,80.4,81.0,79.8,948.4,999.0,897.8,7.0,8.0,6.1
2026,Tyler Warren,IND,TE,,,,,,,,,,,,,,,,,,,,,,,,,0.3,0.0,0.6,121.7,125.0,121.4,85.3,86.7,84.0,887.8,906.0,869.6,5.6,6.0,5.2
2026,Kyle Pitts Sr.,ATL,TE,,,,,,,,,,,,,,,,,,,,,,,,,0.1,0.0,0.3,120.0,126.0,105.6,81.0,82.0,80.1,896.2,929.0,863.3,5.1,7.0,3.2
2026,Dallas Goedert,PHI,TE,,,,,,,,,,,,,,,,,,,,,,,,,0.2,0.0,0.4,119.7,133.0,105.8,67.8,70.5,65.0,703.0,724.0,682.0,8.3,11.0,5.6
2026,Tucker Kraft,GB,TE,,,,,,,,,,,,,,,,,,,,,,,,,0.2,0.0,0.4,118.8,132.0,98.2,60.0,64.0,56.0,772.5,813.0,732.0,7.0,10.0,4.0
2026,Sam LaPorta,DET,TE,,,,,,,,,,,,,,,,,,,,,,,,,0.2,0.0,0.4,118.4,119.0,110.5,75.1,78.3,72.0,846.9,906.0,787.8,5.7,6.0,5.4
2026,Harold Fannin Jr.,CLE,TE,,,,,,,,,,,,,,,,,,,,,,,,,0.8,0.6,1.0,114.3,125.0,104.3,79.6,83.1,76.0,823.8,829.0,818.7,5.6,8.0,3.2
2026,George Kittle,SF,TE,,,,,,,,,,,,,,,,,,,,,,,,,0.1,0.0,0.3,113.3,134.0,84.6,67.8,81.0,54.6,770.4,945.0,595.8,6.1,8.0,4.2
2026,Isaiah Likely,NYG,TE,,,,,,,,,,,,,,,,,,,,,,,,,1.3,0.5,2.0,109.8,119.0,92.1,66.4,69.0,63.7,789.4,899.0,679.8,5.6,7.0,4.1
2026,Travis Kelce,KC,TE,,,,,,,,,,,,,,,,,,,,,,,,,0.3,0.0,0.5,109.6,108.0,102.2,75.6,78.0,73.3,789.3,814.0,764.6,5.2,6.0,4.4
2026,Dalton Kincaid,BUF,TE,,,,,,,,,,,,,,,,,,,,,,,,,0.2,0.0,0.5,106.9,109.0,96.2,59.1,59.3,59.0,730.7,764.0,697.5,5.7,7.0,4.4
2026,Mark Andrews,BAL,TE,,,,,,,,,,,,,,,,,,,,,,,,,0.3,0.0,0.5,106.5,111.4,108.0,57.0,58.0,56.0,586.9,617.7,556.0,8.1,9.0,7.1
2026,Hunter Henry,NE,TE,,,,,,,,,,,,,,,,,,,,,,,,,0.1,0.0,0.2,100.8,100.0,94.0,56.9,58.0,55.9,674.3,720.0,628.5,5.6,6.0,5.2
2026,Jake Ferguson,DAL,TE,,,,,,,,,,,,,,,,,,,,,,,,,1.4,0.8,2.0,97.7,93.9,93.0,75.7,78.0,73.3,619.5,639.0,600.0,6.4,7.0,5.9
2026,Brenton Strange,JAC,TE,,,,,,,,,,,,,,,,,,,,,,,,,0.2,0.0,0.4,96.7,102.0,83.4,64.5,70.0,59.0,701.1,804.0,598.1,4.5,5.0,4.0
2026,Juwan Johnson,NO,TE,,,,,,,,,,,,,,,,,,,,,,,,,1.3,0.6,2.0,92.7,98.0,79.3,67.2,71.0,63.4,750.8,865.0,636.7,3.4,4.0,2.7
2026,Kenyon Sadiq,NYJ,TE,,,,,,,,,,,,,,,,,,,,,,,,,0.7,0.5,1.0,90.4,95.3,78.0,57.0,67.0,47.0,609.1,692.1,526.0,5.2,6.0,4.3
2026,Dalton Schultz,HOU,TE,,,,,,,,,,,,,,,,,,,,,,,,,0.2,0.0,0.4,83.1,85.0,73.8,65.3,71.0,59.7,622.1,688.0,556.1,3.5,4.0,3.1
2026,Cade Otton,TB,TE,,,,,,,,,,,,,,,,,,,,,,,,,0.1,0.0,0.3,78.6,87.0,62.8,57.5,67.0,48.0,594.3,708.0,480.7,3.2,4.0,2.5
2026,Pat Freiermuth,PIT,TE,,,,,,,,,,,,,,,,,,,,,,,,,0.2,0.0,0.5,78.6,75.9,74.0,53.0,59.9,46.0,557.8,600.6,515.0,3.9,5.0,2.8
2026,Oronde Gadsden II,LAC,TE,,,,,,,,,,,,,,,,,,,,,,,,,0.7,0.4,1.0,77.7,77.0,70.5,47.2,49.0,45.4,588.3,692.0,484.7,3.4,3.8,3.0
2026,T.J. Hockenson,MIN,TE,,,,,,,,,,,,,,,,,,,,,,,,,0.2,0.0,0.3,77.7,80.3,68.0,65.9,77.7,54.0,576.5,638.9,514.0,3.4,4.0,2.8
2026,Terrance Ferguson,LAR,TE,,,,,,,,,,,,,,,,,,,,,,,,,0.1,0.0,0.3,77.5,83.1,63.0,34.2,42.4,26.0,507.6,534.2,481.0,4.5,5.0,4.0
2026,AJ Barner,SEA,TE,,,,,,,,,,,,,,,,,,,,,,,,,0.2,0.0,0.5,76.6,86.0,69.0,45.9,47.0,44.7,451.7,471.0,432.4,5.3,7.0,3.6
2026,Greg Dulcich,MIA,TE,,,,,,,,,,,,,,,,,,,,,,,,,1.2,0.4,2.0,74.9,78.0,62.6,53.5,58.0,49.1,607.3,673.0,541.6,2.8,4.0,1.5
2026,Chig Okonkwo,WAS,TE,,,,,,,,,,,,,,,,,,,,,,,,,0.1,0.0,0.3,73.1,70.0,68.7,52.4,53.7,51.0,576.9,599.0,554.9,2.6,3.0,2.2
2026,Mike Gesicki,CIN,TE,,,,,,,,,,,,,,,,,,,,,,,,,0.1,0.0,0.2,69.0,66.8,64.0,44.6,49.0,40.2,465.1,537.0,393.2,3.8,4.6,3.0
2026,David Njoku,LAC,TE,,,,,,,,,,,,,,,,,,,,,,,,,0.1,0.0,0.2,64.3,68.0,52.1,37.3,42.0,32.6,371.3,406.0,336.6,4.6,6.0,3.1
2026,Evan Engram,DEN,TE,,,,,,,,,,,,,,,,,,,,,,,,,0.1,0.0,0.3,61.9,59.1,56.0,51.7,56.0,47.4,466.7,470.0,463.4,2.6,3.0,2.2
2026,Colby Parkinson,LAR,TE,,,,,,,,,,,,,,,,,,,,,,,,,0.6,0.2,1.0,61.4,73.0,40.7,34.5,45.0,24.0,366.1,483.0,249.2,4.3,6.0,2.7
2026,Gunnar Helm,TEN,TE,,,,,,,,,,,,,,,,,,,,,,,,,0.2,0.0,0.4,61.1,68.6,47.0,49.9,57.8,42.0,425.4,493.8,357.0,3.2,3.3,3.0
2026,Theo Johnson,NYG,TE,,,,,,,,,,,,,,,,,,,,,,,,,0.1,0.0,0.1,50.1,60.0,31.4,27.6,33.0,22.2,310.8,390.0,231.5,3.2,5.0,1.4
2026,Dawson Knox,BUF,TE,,,,,,,,,,,,,,,,,,,,,,,,,0.1,0.0,0.1,50.1,50.0,43.3,30.0,35.0,25.0,329.0,393.0,265.0,2.9,3.0,2.8
2026,Mason Taylor,NYJ,TE,,,,,,,,,,,,,,,,,,,,,,,,,0.1,0.0,0.2,49.8,62.0,30.0,41.8,56.0,27.5,345.3,459.0,231.6,2.6,4.0,1.2
2026,Tyler Higbee,LAR,TE,,,,,,,,,,,,,,,,,,,,,,,,,0.0,0.0,0.1,48.4,65.0,22.9,27.6,40.0,15.3,326.7,499.0,154.4,2.6,4.0,1.3
2026,Michael Mayer,LV,TE,,,,,,,,,,,,,,,,,,,,,,,,,0.1,0.0,0.3,45.3,43.8,39.0,38.4,40.0,36.9,355.9,362.8,349.0,1.7,2.0,1.3
2026,Darnell Washington,PIT,TE,,,,,,,,,,,,,,,,,,,,,,,,,0.6,0.3,1.0,44.9,41.2,40.0,33.0,35.0,31.0,345.0,386.0,304.0,1.9,2.0,1.9
2026,Ja'Tavion Sanders,CAR,TE,,,,,,,,,,,,,,,,,,,,,,,,,0.1,0.0,0.3,38.7,42.4,27.0,32.4,34.8,30.0,266.7,301.3,232.0,2.0,2.1,2.0
2026,Jake Tonges,SF,TE,,,,,,,,,,,,,,,,,,,,,,,,,0.2,0.2,0.2,37.9,38.1,38.1,25.1,25.1,25.1,259.2,259.2,259.2,2.1,2.1,2.1
2026,Tommy Tremble,CAR,TE,,,,,,,,,,,,,,,,,,,,,,,,,0.1,0.0,0.2,37.1,36.3,30.0,27.3,29.0,25.6,256.0,262.0,250.0,2.0,2.0,1.9
2026,Elijah Arroyo,SEA,TE,,,,,,,,,,,,,,,,,,,,,,,,,0.2,0.2,0.2,36.3,36.5,36.5,24.1,24.1,24.1,264.1,264.1,264.1,1.7,1.7,1.7
2026,Noah Fant,NO,TE,,,,,,,,,,,,,,,,,,,,,,,,,1.6,0.2,3.0,35.8,39.0,23.7,32.1,43.0,21.2,299.9,420.0,179.9,1.5,2.0,1.0
2026,Will Kacmarek,MIA,TE,,,,,,,,,,,,,,,,,,,,,,,,,0.6,0.1,1.0,35.2,40.0,21.7,26.7,35.0,18.4,250.9,327.0,174.8,1.9,3.0,0.7
2026,Josh Oliver,MIN,TE,,,,,,,,,,,,,,,,,,,,,,,,,0.1,0.0,0.1,34.9,40.0,21.7,19.3,22.0,16.7,196.9,243.0,150.7,2.6,4.0,1.1
2026,Charlie Kolar,LAC,TE,,,,,,,,,,,,,,,,,,,,,,,,,0.0,0.0,0.1,34.0,48.0,10.6,16.2,25.0,7.3,203.7,334.0,73.4,2.3,4.0,0.6
2026,Cole Kmet,CHI,TE,,,,,,,,,,,,,,,,,,,,,,,,,0.1,0.0,0.1,33.0,32.0,27.0,21.3,21.6,21.0,220.1,221.0,219.3,1.8,2.0,1.7
2026,Erick All Jr.,CIN,TE,,,,,,,,,,,,,,,,,,,,,,,,,0.1,0.0,0.1,32.3,33.0,22.8,26.1,35.0,17.3,227.8,300.0,155.6,1.6,2.0,1.2
2026,Austin Hooper,ATL,TE,,,,,,,,,,,,,,,,,,,,,,,,,0.1,0.0,0.1,31.6,31.0,23.1,22.7,25.0,20.5,232.7,283.0,182.4,1.4,2.0,0.8
2026,Daniel Bellinger,TEN,TE,,,,,,,,,,,,,,,,,,,,,,,,,0.0,0.0,0.1,31.6,40.0,14.0,18.8,25.0,12.7,212.2,313.0,111.4,1.8,3.0,0.5
2026,Brock Wright,DET,TE,,,,,,,,,,,,,,,,,,,,,,,,,0.0,0.0,0.0,31.3,43.0,10.9,19.9,32.0,7.7,175.2,278.0,72.3,2.3,4.0,0.6
2026,Eli Stowers,PHI,TE,,,,,,,,,,,,,,,,,,,,,,,,,0.6,0.1,1.0,30.4,32.0,23.2,21.7,29.0,14.3,224.3,306.0,142.6,1.5,2.0,1.0
2026,Adam Trautman,DEN,TE,,,,,,,,,,,,,,,,,,,,,,,,,0.0,0.0,0.1,28.3,31.0,17.1,19.4,27.0,11.7,194.5,276.0,113.0,1.5,2.0,1.0
2026,Luke Musgrave,GB,TE,,,,,,,,,,,,,,,,,,,,,,,,,0.1,0.0,0.1,28.1,30.0,17.7,20.5,26.0,15.0,200.7,265.0,136.3,1.4,2.0,0.7
2026,Ben Sims,MIA,TE,,,,,,,,,,,,,,,,,,,,,,,,,0.0,0.0,0.1,27.5,33.0,12.6,21.3,32.0,10.6,201.2,304.0,98.4,1.2,2.0,0.5
2026,Noah Gray,KC,TE,,,,,,,,,,,,,,,,,,,,,,,,,0.1,0.0,0.1,27.0,34.2,12.0,20.5,25.9,15.0,199.5,260.0,139.0,1.2,1.4,1.0
2026,Davis Allen,LAR,TE,,,,,,,,,,,,,,,,,,,,,,,,,0.0,0.0,0.1,26.9,34.0,11.8,16.9,26.0,7.8,157.3,241.0,73.7,1.9,3.0,0.8
2026,John Bates,WAS,TE,,,,,,,,,,,,,,,,,,,,,,,,,0.6,0.2,1.0,25.6,23.0,19.9,18.4,22.0,14.8,174.2,214.0,134.4,1.6,2.0,1.1
2026,Marlin Klein,HOU,TE,,,,,,,,,,,,,,,,,,,,,,,,,0.5,0.0,1.0,25.0,37.0,5.0,19.5,35.0,4.0,193.7,351.0,36.3,1.1,2.0,0.2
2026,Elijah Higgins,ARI,TE,,,,,,,,,,,,,,,,,,,,,,,,,0.6,0.2,1.0,23.6,22.1,17.0,21.9,23.0,20.9,196.7,211.0,182.5,0.8,1.0,0.7
2026,Julian Hill,NE,TE,,,,,,,,,,,,,,,,,,,,,,,,,0.1,0.0,0.1,23.5,21.1,18.0,16.5,18.0,15.0,172.9,199.0,146.8,1.0,1.1,1.0
2026,Nick Vannett,LAR,TE,,,,,,,,,,,,,,,,,,,,,,,,,0.0,0.0,0.0,22.3,16.0,16.0,11.0,11.0,11.0,103.0,103.0,103.0,2.0,2.0,2.0
2026,Connor Heyward,LV,TE,,,,,,,,,,,,,,,,,,,,,,,,,0.0,0.0,0.0,22.3,23.0,23.0,14.0,14.0,14.0,103.0,103.0,103.0,2.0,2.0,2.0
2026,Nate Boerkircher,JAC,TE,,,,,,,,,,,,,,,,,,,,,,,,,0.5,0.1,1.0,22.2,25.0,10.7,14.4,21.0,7.8,155.3,237.0,73.5,1.3,2.0,0.6
2026,Jeremy Ruckert,NYJ,TE,,,,,,,,,,,,,,,,,,,,,,,,,0.0,0.0,0.1,22.1,24.0,12.8,19.7,27.0,12.4,145.3,195.0,95.6,1.3,2.0,0.5
2026,Drew Sample,CIN,TE,,,,,,,,,,,,,,,,,,,,,,,,,0.1,0.1,0.1,21.3,21.4,21.4,17.3,17.3,17.3,146.1,146.1,146.1,1.2,1.2,1.2
2026,Jackson Hawes,BUF,TE,,,,,,,,,,,,,,,,,,,,,,,,,0.0,0.0,0.1,20.1,17.0,16.3,10.6,11.1,10.0,115.1,120.0,110.1,1.4,2.0,0.9
2026,Eli Raridon,NE,TE,,,,,,,,,,,,,,,,,,,,,,,,,0.5,0.0,1.0,20.0,26.0,5.3,13.0,22.0,3.9,142.2,247.0,37.4,1.1,2.0,0.3
2026,Ben Sinnott,WAS,TE,,,,,,,,,,,,,,,,,,,,,,,,,0.0,0.0,0.1,19.9,17.0,15.2,11.8,12.0,11.7,116.8,128.0,105.7,1.4,2.0,0.8
2026,Nate Adkins,DEN,TE,,,,,,,,,,,,,,,,,,,,,,,,,0.0,0.0,0.1,19.8,22.0,10.9,11.9,16.0,7.9,88.8,109.0,68.6,1.8,3.0,0.7
2026,Grant Calcaterra,PHI,TE,,,,,,,,,,,,,,,,,,,,,,,,,0.0,0.0,0.0,19.5,25.0,5.0,12.3,21.0,3.6,127.0,219.0,35.0,1.1,2.0,0.3
2026,Mitchell Evans,CAR,TE,,,,,,,,,,,,,,,,,,,,,,,,,0.1,0.0,0.1,19.3,19.9,11.0,15.0,15.0,14.9,136.0,143.0,129.0,1.0,1.0,0.9
2026,Will Mallory,IND,TE,,,,,,,,,,,,,,,,,,,,,,,,,0.0,0.0,0.0,18.6,11.0,11.0,11.0,11.0,11.0,126.0,126.0,126.0,1.0,1.0,1.0
2026,Foster Moreau,HOU,TE,,,,,,,,,,,,,,,,,,,,,,,,,0.0,0.0,0.1,18.3,17.0,11.4,9.3,11.0,7.7,105.7,132.0,79.4,1.3,2.0,0.6
2026,Jack Endries,CIN,TE,,,,,,,,,,,,,,,,,,,,,,,,,0.0,0.0,0.0,18.2,11.0,11.0,13.0,13.0,13.0,122.0,122.0,122.0,1.0,1.0,1.0
2026,Cade Stover,HOU,TE,,,,,,,,,,,,,,,,,,,,,,,,,0.1,0.0,0.1,17.9,19.3,12.0,15.3,15.5,15.0,128.1,134.3,122.0,0.9,1.0,0.7
2026,Luke Schoonmaker,DAL,TE,,,,,,,,,,,,,,,,,,,,,,,,,0.0,0.0,0.1,17.9,16.4,11.0,13.2,15.0,11.4,122.2,134.0,110.4,1.0,1.0,0.9
2026,Tanner Conner,NYG,TE,,,,,,,,,,,,,,,,,,,,,,,,,0.0,0.0,0.0,17.3,10.0,10.0,10.0,10.0,10.0,113.0,113.0,113.0,1.0,1.0,1.0
2026,Teagan Quitoriano,ARI,TE,,,,,,,,,,,,,,,,,,,,,,,,,0.0,0.0,0.0,16.9,10.0,10.0,12.0,12.0,12.0,109.0,109.0,109.0,1.0,1.0,1.0
2026,Rivaldo Fairweather,ARI,TE,,,,,,,,,,,,,,,,,,,,,,,,,0.0,0.0,0.0,16.9,10.0,10.0,12.0,12.0,12.0,109.0,109.0,109.0,1.0,1.0,1.0
2026,Zaire Mitchell-Paden,NO,TE,,,,,,,,,,,,,,,,,,,,,,,,,0.0,0.0,0.0,16.7,10.0,10.0,11.0,11.0,11.0,107.0,107.0,107.0,1.0,1.0,1.0
2026,Dallen Bentley,DEN,TE,,,,,,,,,,,,,,,,,,,,,,,,,0.0,0.0,0.0,16.5,10.0,10.0,12.0,12.0,12.0,105.0,105.0,105.0,1.0,1.0,1.0
2026,Charlie Woerner,ATL,TE,,,,,,,,,,,,,,,,,,,,,,,,,0.0,0.0,0.0,16.3,21.0,4.4,14.5,25.0,3.9,127.5,222.0,32.9,0.6,1.0,0.2
2026,Tanner Hudson,CIN,TE,,,,,,,,,,,,,,,,,,,,,,,,,0.1,0.1,0.1,16.1,16.2,16.2,13.1,13.1,13.1,110.2,110.2,110.2,0.9,0.9,0.9
2026,Mo Alie-Cox,IND,TE,,,,,,,,,,,,,,,,,,,,,,,,,0.1,0.1,0.1,16.1,16.2,16.2,10.9,10.9,10.9,110.7,110.7,110.7,0.9,0.9,0.9
2026,Jared Wiley,KC,TE,,,,,,,,,,,,,,,,,,,,,,,,,0.0,0.0,0.0,15.6,10.0,10.0,11.0,11.0,11.0,96.0,96.0,96.0,1.0,1.0,1.0
2026,Jaren Kanak,TEN,TE,,,,,,,,,,,,,,,,,,,,,,,,,0.0,0.0,0.0,15.1,10.0,10.0,10.0,10.0,10.0,91.0,91.0,91.0,1.0,1.0,1.0
2026,Devin Culp,TB,TE,,,,,,,,,,,,,,,,,,,,,,,,,0.0,0.0,0.0,14.6,16.0,5.4,7.3,11.0,3.6,76.2,118.0,34.4,1.2,2.0,0.3
2026,Durham Smythe,BAL,TE,,,,,,,,,,,,,,,,,,,,,,,,,0.1,0.1,0.1,13.7,13.8,13.8,9.8,9.8,9.8,94.0,94.0,94.0,0.7,0.7,0.7
2026,Payne Durham,TB,TE,,,,,,,,,,,,,,,,,,,,,,,,,0.0,0.0,0.1,12.9,10.9,10.0,7.6,8.0,7.2,80.9,91.0,70.9,0.8,1.0,0.6
2026,Max Klare,LAR,TE,,,,,,,,,,,,,,,,,,,,,,,,,0.0,0.0,0.0,12.3,11.0,5.9,7.5,11.0,4.0,82.6,127.0,38.2,0.7,1.0,0.4
2026,Oscar Delp,NO,TE,,,,,,,,,,,,,,,,,,,,,,,,,0.0,0.0,0.0,11.3,10.0,5.0,7.5,11.0,3.9,75.7,115.0,36.5,0.6,1.0,0.2
2026,Brevyn Spann-Ford,DAL,TE,,,,,,,,,,,,,,,,,,,,,,,,,0.0,0.0,0.0,11.1,10.0,5.6,7.4,11.0,3.9,71.4,106.0,36.8,0.7,1.0,0.3
2026,Sam Roush,CHI,TE,,,,,,,,,,,,,,,,,,,,,,,,,0.0,0.0,0.0,10.9,10.0,5.1,6.8,10.0,3.6,70.9,108.0,33.8,0.6,1.0,0.3
2026,Hunter Long,JAC,TE,,,,,,,,,,,,,,,,,,,,,,,,,0.0,0.0,0.0,10.5,16.0,0.0,5.0,10.0,0.0,44.5,89.0,0.0,1.0,2.0,0.0
2026,Josh Cuevas,BAL,TE,,,,,,,,,,,,,,,,,,,,,,,,,0.0,0.0,0.0,10.4,10.0,5.3,5.7,8.0,3.3,65.9,96.0,35.8,0.6,1.0,0.3
2026,Lucas Krull,DEN,TE,,,,,,,,,,,,,,,,,,,,,,,,,0.0,0.0,0.0,10.0,10.0,5.1,8.0,12.0,3.9,62.2,89.0,35.4,0.6,1.0,0.3
2026,Blake Whiteheart,CLE,TE,,,,,,,,,,,,,,,,,,,,,,,,,0.1,0.1,0.1,8.2,8.3,8.3,7.1,7.1,7.1,62.9,62.9,62.9,0.3,0.3,0.3
2026,Cole Turner,MIA,TE,,,,,,,,,,,,,,,,,,,,,,,,,0.0,0.0,0.0,7.4,10.0,0.0,4.5,9.0,0.0,44.0,88.0,0.0,0.5,1.0,0.0
2026,Luke Farrell,SF,TE,,,,,,,,,,,,,,,,,,,,,,,,,0.0,0.0,0.0,7.2,7.2,7.2,5.2,5.2,5.2,50.2,50.2,50.2,0.4,0.4,0.4
2026,Tanner Koziol,JAC,TE,,,,,,,,,,,,,,,,,,,,,,,,,0.0,0.0,0.0,5.3,5.3,5.3,3.9,3.9,3.9,36.6,36.6,36.6,0.3,0.3,0.3
2026,Tyler Conklin,DET,TE,,,,,,,,,,,,,,,,,,,,,,,,,0.0,0.0,0.0,5.2,5.3,5.3,3.7,3.7,3.7,38.0,38.0,38.0,0.3,0.3,0.3
2026,Eric Saubert,SEA,TE,,,,,,,,,,,,,,,,,,,,,,,,,0.0,0.0,0.0,5.2,5.2,5.2,3.4,3.4,3.4,34.4,34.4,34.4,0.3,0.3,0.3
2026,Drew Ogletree,IND,TE,,,,,,,,,,,,,,,,,,,,,,,,,0.0,0.0,0.0,5.0,5.0,5.0,3.7,3.7,3.7,35.3,35.3,35.3,0.3,0.3,0.3
2026,Tip Reiman,ARI,TE,,,,,,,,,,,,,,,,,,,,,,,,,0.0,0.0,0.0,4.6,4.6,4.6,3.8,3.8,3.8,34.5,34.5,34.5,0.2,0.2,0.2
2026,Ian Thomas,LV,TE,,,,,,,,,,,,,,,,,,,,,,,,,0.0,0.0,0.0,4.4,4.5,4.5,3.8,3.8,3.8,35.9,35.9,35.9,0.2,0.2,0.2
2026,Joe Royer,CLE,TE,,,,,,,,,,,,,,,,,,,,,,,,,0.0,0.0,0.0,4.3,4.4,4.4,3.8,3.8,3.8,33.6,33.6,33.6,0.2,0.2,0.2
2026,Riley Nowakowski,PIT,TE,,,,,,,,,,,,,,,,,,,,,,,,,0.0,0.0,0.0,3.8,3.8,3.8,4.3,4.3,4.3,29.0,29.0,29.0,0.2,0.2,0.2
2026,Chris Manhertz,NYG,TE,,,,,,,,,,,,,,,,,,,,,,,,,0.0,0.0,0.0,2.3,2.3,2.3,1.8,1.8,1.8,16.2,16.2,16.2,0.1,0.1,0.1
2026,Johnny Mundt,PHI,TE,,,,,,,,,,,,,,,,,,,,,,,,,0.0,0.0,0.0,0.0,0.0,0.0,0.0,0.0,0.0,0.0,0.0,0.0,0.0,0.0,0.0
2026,Quintin Morris,JAC,TE,,,,,,,,,,,,,,,,,,,,,,,,,0.0,0.0,0.0,0.0,0.0,0.0,0.0,0.0,0.0,0.0,0.0,0.0,0.0,0.0,0.0
2026,Jack Stoll,CLE,TE,,,,,,,,,,,,,,,,,,,,,,,,,0.0,0.0,0.0,0.0,0.0,0.0,0.0,0.0,0.0,0.0,0.0,0.0,0.0,0.0,0.0
2026,Jelani Woods,NYJ,TE,,,,,,,,,,,,,,,,,,,,,,,,,0.0,0.0,0.0,0.0,0.0,0.0,0.0,0.0,0.0,0.0,0.0,0.0,0.0,0.0,0.0
2026,CJ Dippre,NE,TE,,,,,,,,,,,,,,,,,,,,,,,,,0.0,0.0,0.0,0.0,0.0,0.0,0.0,0.0,0.0,0.0,0.0,0.0,0.0,0.0,0.0
