Year,Player,Team,ADP Rank,POS,ADP
2026,Jahmyr Gibbs,DET,1,RB1,1.5
2026,Bijan Robinson,ATL,2,RB2,1.5
2026,Ja'Marr Chase,CIN,3,WR1,3.0
2026,Puka Nacua,LAR,4,WR2,4.0
2026,Jaxon Smith-Njigba,SEA,5,WR3,5.0
2026,Christian McCaffrey,SF,6,RB3,6.0
2026,Amon-Ra St. Brown,DET,7,WR4,7.0
2026,Jonathan Taylor,IND,8,RB4,8.0
2026,Ashton Jeanty,LV,9,RB5,9.5
2026,Justin Jefferson,MIN,10,WR5,10.5
2026,James Cook III,BUF,11,RB6,11.0
2026,CeeDee Lamb,DAL,12,WR6,11.0
2026,Saquon Barkley,PHI,13,RB7,14.5
2026,Chase Brown,CIN,14,RB8,14.5
2026,De'Von Achane,MIA,15,RB9,15.5
2026,Omarion Hampton,LAC,16,RB10,15.5
2026,Kenneth Walker II,IKC,17,RB11,16.0
2026,Drake London,ATL,18,WR7,17.0
2026,Brock Bowers,LV,19,TE1,19.5
2026,Trey McBride,ARI,20,TE2,21.0
2026,Derrick Henry,BAL,21,RB12,21.0
2026,Nico Collins,HOU,22,WR8,22.5
2026,A.J. Brown,NE,23,WR9,23.0
2026,Jeremiyah Love,ARI,24,RB13,23.5
2026,George Pickens,DAL,25,WR10,24.0
2026,Josh Allen,BUF,26,QB1,27.5
2026,Chris Olave,NO,27,WR11,27.5
2026,Breece Hall,NYJ,28,RB14,27.5
2026,Rashee Rice,KC,29,WR12,30.0
2026,DeVonta Smith,PHI,30,WR13,31.0
2026,Travis Etienne Jr.,NO,31,RB15,31.5
2026,Kyren Williams,LAR,32,RB16,32.0
2026,Javonte Williams,DAL,33,RB17,34.0
2026,Malik Nabers,NYG,34,WR14,35.0
2026,Zay Flowers,BAL,35,WR15,36.0
2026,Ladd McConkey,LAC,36,WR16,36.5
2026,Garrett Wilson,NYJ,37,WR17,37.0
2026,Tee Higgins,CIN,38,WR18,37.0
2026,Tetairoa McMillan,CAR,39,WR19,38.5
2026,Josh Jacobs,GB,40,RB18,39.0
2026,Emeka Egbuka,TB,41,WR20,39.0
2026,Colston Loveland,CHI,42,TE3,41.0
2026,Luther Burden III,CHI,43,WR21,42.5
2026,Cam Skattebo,NYG,44,RB19,43.5
2026,Terry McLaurin,WAS,45,WR22,45.0
2026,Jaylen Waddle,DEN,46,WR23,48.5
2026,David Montgomery,HOU,47,RB20,49.0
2026,Davante Adams,LAR,48,WR24,49.5
2026,Lamar Jackson,BAL,49,QB2,50.5
2026,TreVeyon Henderson,NE,50,RB21,51.0
2026,D'Andre Swift,CHI,51,RB22,51.0
2026,Jameson Williams,DET,52,WR25,52.0
2026,DJ Moore,BUF,53,WR26,53.0
2026,Quinshon Judkins,CLE,54,RB23,55.0
2026,Christian Watson,GB,55,WR27,55.5
2026,Mike Evans,SF,56,WR28,55.5
2026,Bucky Irving,TB,57,RB24,56.5
2026,Joe Burrow,CIN,58,QB3,57.0
2026,Bhayshul Tuten,JAC,59,RB25,57.0
2026,Rome Odunze,CHI,60,WR29,57.5
2026,Carnell Tate,TEN,61,WR30,61.0
2026,Drake Maye,NE,62,QB4,62.0
2026,Jadarian Price,SEA,63,RB26,63.0
2026,Tyler Warren,IND,64,TE4,65.0
2026,Jayden Daniels,WAS,65,QB5,66.0
2026,Marvin Harrison Jr.,ARI,66,WR31,66.0
2026,Caleb Williams,CHI,67,QB6,69.0
2026,Jaylen Warren,PIT,68,RB27,69.5
2026,Parker Washington,JAC,69,WR32,70.5
2026,Jordyn Tyson,NO,70,WR33,70.5
2026,Brian Thomas Jr.,JAC,71,WR34,70.5
2026,Chuba Hubbard,CAR,72,RB28,70.5
2026,Jalen Hurts,PHI,73,QB7,71.0
2026,DK Metcalf,PIT,74,WR35,73.0
2026,Alec Pierce,IND,75,WR36,75.0
2026,Justin Herbert,LAC,76,QB8,77.5
2026,Dak Prescott,DAL,77,QB9,77.5
2026,Courtland Sutton,DEN,78,WR37,78.0
2026,Rhamondre Stevenson,NE,79,RB29,78.0
2026,Tony Pollard,TEN,80,RB30,79.5
2026,Trevor Lawrence,JAC,81,QB10,80.5
2026,RJ Harvey,DEN,82,RB31,81.0
2026,Makai Lemon,PHI,83,WR38,84.5
2026,Tucker Kraft,GB,84,TE5,86.5
2026,Kenneth Gainwell,TB,85,RB32,88.5
2026,Rico Dowdle,PIT,86,RB33,89.5
2026,Jaxson Dart,NYG,87,QB11,90.0
2026,Michael Wilson,ARI,88,WR39,90.5
2026,Harold Fannin Jr.,CLE,89,TE6,92.0
2026,Chris Godwin Jr.,TB,90,WR40,92.5
2026,Matthew Stafford,LAR,91,QB12,92.5
2026,Michael Pittman Jr.,PIT,92,WR41,92.5
2026,Jayden Reed,GB,93,WR42,94.5
2026,Quentin Johnston,LAC,94,WR43,94.5
2026,Patrick Mahomes I,IKC,95,QB13,94.5
2026,Kyle Monangai,CHI,96,RB34,95.0
2026,Sam LaPorta,DET,97,TE7,95.0
2026,Kyle Pitts Sr.,ATL,98,TE8,96.0
2026,Brock Purdy,SF,99,QB14,96.0
2026,Jordan Addison,MIN,100,WR44,98.5
2026,Blake Corum,LAR,101,RB35,99.0
2026,Ricky Pearsall,SF,102,WR45,99.5
2026,Jakobi Meyers,JAC,103,WR46,100.5
2026,Jared Goff,DET,104,QB15,100.5
2026,Josh Downs,IND,105,WR47,103.0
2026,Bo Nix,DEN,106,QB16,105.5
2026,Jonathon Brooks,CAR,107,RB36,107.5
2026,J.K. Dobbins,DEN,108,RB37,107.5
2026,Xavier Worthy,KC,109,WR48,109.5
2026,Wan'Dale Robinson,TEN,110,WR49,110.0
2026,Kyler Murray,MIN,111,QB17,110.0
2026,Rachaad White,WAS,112,RB38,111.0
2026,Tyler Shough,NO,113,QB18,112.0
2026,Jordan Love,GB,114,QB19,112.5
2026,Baker Mayfield,TB,115,QB20,114.5
2026,Romeo Doubs,NE,116,WR50,117.0
2026,Matthew Golden,GB,117,WR51,117.5
2026,Dalton Kincaid,BUF,118,TE9,119.5
2026,Travis Kelce,KC,119,TE10,120.0
2026,Aaron Jones Sr.,MIN,120,RB39,121.0
2026,Jordan Mason,MIN,121,RB40,121.5
2026,George Kittle,SF,122,TE11,122.5
2026,Jayden Higgins,HOU,123,WR52,123.0
2026,Khalil Shakir,BUF,124,WR53,124.0
2026,KC Concepcion,CLE,125,WR54,124.5
2026,Isaiah Likely,NYG,126,TE12,125.0
2026,Jake Ferguson,DAL,127,TE13,126.5
2026,Malik Willis,MIA,128,QB21,129.0
2026,Jacory Croskey-Merritt,WAS,129,RB41,130.0
2026,Dallas Goedert,PHI,130,TE14,130.0
2026,Tyrone Tracy Jr.,NYG,131,RB42,130.5
2026,Mark Andrews,BAL,132,TE15,130.5
2026,Chris Rodriguez Jr.,JAC,133,RB43,131.0
2026,Jalen Coker,CAR,134,WR55,131.5
2026,Cam Ward,TEN,135,QB22,136.0
2026,C.J. Stroud,HOU,136,QB23,137.0
2026,Stefon Diggs,,137,WR56,137.5
2026,Oronde Gadsden II,LAC,138,TE16,139.5
2026,Sam Darnold,SEA,139,QB24,141.5
2026,Daniel Jones,IND,140,QB25,142.0
2026,Woody Marks,HOU,141,RB44,142.5
2026,Keaton Mitchell,LAC,142,RB45,145.0
2026,Chig Okonkwo,WAS,143,TE17,146.0
2026,Rashid Shaheed,SEA,144,WR57,147.0
2026,Juwan Johnson,NO,145,TE18,147.0
2026,Jalen McMillan,TB,146,WR58,147.5
2026,Tyler Allgeier,ARI,147,RB46,148.0
2026,Jauan Jennings,MIN,148,WR59,148.5
2026,Isiah Pacheco,DET,149,RB47,149.0
2026,Brenton Strange,JAC,150,TE19,151.0
2026,Bryce Young,CAR,151,QB26,152.0
2026,Dylan Sampson,CLE,152,RB48,152.0
2026,Kenyon Sadiq,NYJ,153,TE20,154.0
2026,Hunter Henry,NE,154,TE21,157.0
2026,Tre Tucker,LV,155,WR60,157.5
2026,Omar Cooper Jr.,NYJ,156,WR61,158.0
2026,Tyjae Spears,TEN,157,RB49,158.0
2026,Jonah Coleman,DEN,158,RB50,158.5
2026,Jalen Nailor,LV,159,WR62,160.5
2026,Denzel Boston,CLE,160,WR63,162.0
2026,Aaron Rodgers,PIT,161,QB27,165.0
2026,Deebo Samuel Sr.,,162,WR64,166.0
2026,Travis Hunter,JAC,163,WR65,167.0
2026,T.J. Hockenson,MIN,164,TE22,167.0
2026,Brian Robinson Jr.,ATL,165,RB51,169.5
2026,Emmett Johnson,KC,166,RB52,170.5
2026,Fernando Mendoza,LV,167,QB28,171.0
2026,Zach Charbonnet,SEA,168,RB53,172.0
2026,Tre' Harris,LAC,169,WR66,173.0
2026,Geno Smith,NYJ,170,QB29,174.0
2026,Jerry Jeudy,CLE,171,WR67,174.5
2026,Dalton Schultz,HOU,172,TE23,174.5
2026,Antonio Williams,WAS,173,WR68,175.0
2026,Tank Bigsby,PHI,174,RB54,175.5
2026,Ryan Flournoy,DAL,175,WR69,177.0
2026,Sean Tucker,TB,176,RB55,178.0
2026,Jacoby Brissett,ARI,177,QB30,178.0
2026,Alvin Kamara,NO,178,RB56,179.5
2026,Kaytron Allen,WAS,179,RB57,179.5
2026,Emanuel Wilson,SEA,180,RB58,181.5
2026,Isaac TeSlaa,DET,181,WR70,182.0
2026,Malik Washington,MIA,182,WR71,189.0
2026,Gunnar Helm,TEN,183,TE24,190.0
2026,AJ Barner,SEA,184,TE25,190.0
2026,Nicholas Singleton,TEN,185,RB59,194.0
2026,Mike Washington Jr.,LV,186,RB60,194.5
2026,Brandon Aiyuk,SF,187,WR72,194.5
2026,Kimani Vidal,LAC,188,RB61,196.0
2026,Ray Davis,BUF,189,RB62,196.5
2026,Braelon Allen,NYJ,190,RB63,197.5
2026,Pat Freiermuth,PIT,191,TE26,198.0
2026,Cade Otton,TB,192,TE27,199.5
2026,Calvin Ridley,TEN,193,WR73,200.0
2026,Adonai Mitchell,NYJ,194,WR74,201.5
2026,Darnell Mooney,NYG,195,WR75,202.5
2026,Tua Tagovailoa,ATL,196,QB31,203.0
2026,David Njoku,LAC,197,TE28,205.0
2026,Greg Dulcich,MIA,198,TE29,205.5
2026,Tank Dell,HOU,199,WR76,209.5
2026,Zachariah Branch,ATL,200,WR77,210.0
2026,James Conner,ARI,201,RB64,212.0
2026,Houston Texans,DST,202,DST1,142.0
2026,Jordan James,SF,203,RB65,213.0
2026,Troy Franklin,DEN,204,WR78,213.5
2026,Kayshon Boutte,NE,205,WR79,213.5
2026,De'Zhaun Stribling,SF,206,WR80,215.0
2026,Colby Parkinson,LAR,207,TE30,215.0
2026,Christian Kirk,SF,208,WR81,216.5
2026,Germie Bernard,PIT,209,WR82,219.5
2026,Seattle Seahawks,DST,210,DST2,157.0
2026,Los Angeles Rams,DST,211,DST3,159.0
2026,Terrance Ferguson,LAR,212,TE31,221.0
2026,Jake Tonges,SF,213,TE32,221.0
2026,Denver Broncos,DST,214,DST4,161.0
2026,Eli Stowers,PHI,215,TE33,222.0
2026,Deshaun Watson,CLE,216,QB32,223.0
2026,Cooper Kupp,SEA,217,WR83,224.0
2026,Kaelon Black,SF,218,RB66,227.0
2026,MarShawn Lloyd,GB,219,RB67,228.5
2026,Michael Penix Jr.,ATL,220,QB33,228.5
2026,Malachi Fields,NYG,221,WR84,229.5
2026,Chris Bell,MIA,222,WR85,230.5
2026,New England Patriots,DST,223,DST5,179.0
2026,Philadelphia Eagles,DST,224,DST6,184.0
2026,Chris Brooks,GB,225,RB68,233.5
2026,Tyreek Hill,,226,WR86,233.5
2026,Minnesota Vikings,DST,227,DST7,187.0
2026,Demond Claiborne,MIN,228,RB69,235.0
2026,Pittsburgh Steelers,DST,229,DST8,188.0
2026,Shedeur Sanders,CLE,230,QB34,236.0
2026,Jacksonville Jaguars,DST,231,DST9,190.0
2026,Jaylen Wright,MIA,232,RB70,236.5
2026,Los Angeles Chargers,DST,233,DST10,196.0
2026,Baltimore Ravens,DST,234,DST11,197.0
2026,Jaydon Blue,DAL,235,RB71,241.0
2026,Dontayvion Wicks,PHI,236,WR87,250.0
2026,Cleveland Browns,DST,237,DST12,200.0
2026,Justice Hill,BAL,238,RB72,243.5
2026,Chicago Bears,DST,239,DST13,204.0
2026,Ted Hurst II,ITB,240,WR88,279.0
2026,Kirk Cousins,LV,241,QB35,244.0
2026,Green Bay Packers,DST,242,DST14,211.0
2026,Keon Coleman,BUF,243,WR89,287.5
2026,Buffalo Bills,DST,244,DST15,213.0
2026,Mike Gesicki,CIN,245,TE34,280.5
2026,Atlanta Falcons,DST,246,DST16,214.0
2026,Detroit Lions,DST,247,DST17,216.0
2026,Chimere Dike,TEN,248,WR90,250.0
2026,Elijah Sarratt,BAL,249,WR91,303.0
2026,New Orleans Saints,DST,250,DST18,218.0
2026,Pat Bryant,DEN,251,WR92,299.0
2026,George Holani,SEA,252,RB73,299.0
2026,Kansas City Chiefs,DST,253,DST19,222.0
2026,New York Giants,DST,254,DST20,223.0
2026,Eli Heidenreich,PIT,255,RB74,281.5
2026,Samaje Perine,CIN,256,RB75,304.5
2026,Malik Benson,LV,257,WR93,256.0
2026,Chris Brazzell II,CAR,258,WR94,300.5
2026,San Francisco 49ers,DST,259,DST21,233.0
2026,Malik Davis,DAL,260,RB76,271.0
2026,Indianapolis Colts,DST,261,DST22,234.0
2026,Jaylin Noel,HOU,262,WR95,292.0
2026,Carolina Panthers,DST,263,DST23,237.0
2026,Tyquan Thornton,KC,264,WR96,315.5
2026,Xavier Legette,CAR,265,WR97,325.0
2026,Dallas Cowboys,DST,266,DST24,239.0
2026,Ty Johnson,BUF,267,RB77,299.0
2026,Michael Mayer,LV,268,TE35,316.0
2026,Emari Demercado,KC,269,RB78,307.0
2026,Skyler Bell,BUF,270,WR98,323.0
2026,Tampa Bay Buccaneers,DST,271,DST25,244.0
2026,Rashod Bateman,BAL,272,WR99,304.5
2026,Treylon Burks,WAS,273,WR100,292.0
2026,Tory Horton,SEA,274,WR101,299.5
2026,Tennessee Titans,DST,275,DST26,249.0
2026,Albert Okwuegbunam Jr.,LV,276,TE36,250.0
2026,Carson Beck,ARI,277,QB36,309.0
2026,Keenan Allen,LAC,278,WR102,316.5
2026,Devontez Walker,BAL,279,WR103,267.5
2026,Evan Engram,DEN,280,TE37,304.5
2026,Jordan Whittington,LAR,281,WR104,253.0
2026,Luke McCaffrey,WAS,282,WR105,254.0
2026,Ollie Gordon II,MIA,283,RB79,319.5
2026,Phil Mafah,DAL,284,RB80,255.0
2026,Savion Williams,GB,285,WR106,297.5
2026,Jalen Milroe,SEA,286,QB37,256.0
2026,LeQuint Allen Jr.,JAC,287,RB81,322.0
2026,Mitchell Trubisky,TEN,288,QB38,257.0
2026,DJ Giddens,IND,289,RB82,317.0
2026,Nick Chubb,,290,RB83,258.0
2026,Elic Ayomanor,TEN,291,WR107,297.0
2026,Andy Dalton,PHI,292,QB39,259.0
2026,Mason Taylor,NYJ,293,TE38,310.0
2026,Andrei Iosivas,CIN,294,WR108,330.5
2026,Taysom Hill,,295,TE39,261.0
2026,Marvin Mims Jr.,DEN,296,WR109,334.5
2026,Pierre Strong Jr.,GB,297,RB84,262.0
2026,Devaughn Vele,NO,298,WR110,331.0
2026,Deion Burks,IND,299,WR111,263.0
2026,Adam Randall,BAL,300,RB85,317.0
2026,Mason Rudolph,PIT,301,QB40,264.0
2026,Najee Harris,LAC,302,RB86,329.5
2026,KaVontae Turpin,DAL,303,WR112,265.0
2026,Brenen Thompson,LAC,304,WR113,299.0
2026,Tanner McKee,PHI,305,QB41,266.0
2026,Kendrick Bourne,ARI,306,WR114,324.5
2026,Tyrod Taylor,GB,307,QB42,267.0
2026,Jahan Dotson,ATL,308,WR115,335.5
2026,Jordan Watkins,SF,309,WR116,268.0
2026,Theo Johnson,NYG,310,TE40,307.0
2026,Sam Roush,CHI,311,TE41,269.0
2026,Ja'Kobi Lane,BAL,312,WR117,339.0
2026,Hollywood Brown,PHI,313,WR118,306.5
2026,Joe Milton III,DAL,314,QB43,271.0
2026,Darnell Washington,PIT,315,TE42,333.5
2026,Kenny McIntosh,SEA,316,RB87,272.0
2026,Ja'Tavion Sanders,CAR,317,TE43,332.0
2026,Efton Chism II,INE,318,WR119,273.0
2026,Jack Bech,LV,319,WR120,319.5
2026,Dont'e Thornton Jr.,LV,320,WR121,274.0
2026,Caleb Douglas,MIA,321,WR122,320.5
2026,Jacob Cowing,SF,322,WR123,275.0
2026,Jalen Tolbert,MIA,323,WR124,338.5
2026,Frank Gore Jr.,BUF,324,RB88,276.0
2026,Darius Slayton,NYG,325,WR125,341.0
2026,Dyami Brown,WAS,326,WR126,277.0
2026,Zavion Thomas,CHI,327,WR127,303.5
2026,Bryce Lance,NO,328,WR128,308.5
2026,Michael Carter,TEN,329,RB89,279.0
2026,Isaiah Bond,CLE,330,WR129,306.5
2026,Konata Mumpfield,LAR,331,WR130,280.0
2026,Dawson Knox,BUF,332,TE44,339.5
2026,Jaleel McLaughlin,DEN,333,RB90,281.0
2026,Cole Kmet,CHI,334,TE45,344.0
2026,Elijah Arroyo,SEA,335,TE46,346.5
2026,Spencer Rattler,NO,336,QB44,283.0
2026,John Metchie III,CAR,337,WR131,284.0
2026,Greg Dortch,DET,338,WR132,285.0
2026,Jam Miller,NE,339,RB91,286.0
2026,Jawhar Jordan,HOU,340,RB92,288.0
2026,Luke Musgrave,GB,341,TE47,289.0
2026,Will Shipley,PHI,342,RB93,290.0
2026,Gardner Minshew II,ARI,343,QB45,291.0
2026,Kendre Miller,NO,344,RB94,292.0
2026,Zach Ertz,,345,TE48,293.0
2026,Kalif Raymond,CHI,346,WR133,294.0
2026,Isaac Guerendo,SF,347,RB95,295.0
2026,Cincinnati Bengals,DST,348,DST27,296.0
2026,Las Vegas Raiders,DST,349,DST28,297.0
2026,Calvin Austin III,NYG,350,WR134,298.0
2026,Jahdae Walker,CHI,351,WR135,299.0
2026,Daniel Bellinger,TEN,352,TE49,300.0
2026,Damien Martinez,GB,353,RB96,302.0
2026,Joshua Palmer,BUF,354,WR136,303.0
2026,Teddy Bridgewater,DET,355,QB46,304.0
2026,Austin Ekeler,,356,RB97,305.0
2026,Quinn Ewers,MIA,357,QB47,306.0
2026,Colbie Young,CIN,358,WR137,307.0
2026,Jarquez Hunter,LAR,359,RB98,308.0
2026,Trevor Etienne,CAR,360,RB99,310.0
2026,Darren Waller,,361,TE50,311.0
2026,Charlie Kolar,LAC,362,TE51,312.0
2026,Kevin Coleman Jr.,MIA,363,WR138,313.0
2026,Drew Lock,SEA,364,QB48,314.0
2026,Will Howard,PIT,365,QB49,315.0
2026,Davis Mills,HOU,366,QB50,316.0
2026,Ben Sinnott,WAS,367,TE52,317.0
2026,Joe Mixon,,368,RB100,318.0
2026,Audric Estime,NO,369,RB101,319.0
2026,Jarrett Stidham,DEN,370,QB51,320.0
2026,Jalen Royals,KC,371,WR139,321.0
2026,DeMario Douglas,NE,372,WR140,322.0
2026,Kareem Hunt,,373,RB102,323.0
2026,Odell Beckham Jr.,NYG,374,WR141,324.0
2026,Eli Raridon,NE,375,TE53,325.0
2026,Nick Mullens,JAC,376,QB52,326.0
2026,Miami Dolphins,DST,377,DST29,327.0
2026,Nick Westbrook-Ikhine,IND,378,WR142,328.0
2026,Jerome Ford,WAS,379,RB103,329.0
2026,Washington Commanders,DST,380,DST30,331.0
2026,Tyson Bagent,CHI,381,QB53,332.0
2026,Tyler Huntley,BAL,382,QB54,335.0
2026,New York Jets,DST,383,DST31,341.0
2026,Trey Benson,ARI,384,RB104,342.0
2026,Seth McGowan,IND,385,RB105,344.0
2026,Ty Simpson,LAR,386,QB55,345.0
2026,Tutu Atwell,MIA,387,WR143,347.0
2026,Arizona Cardinals,DST,388,DST32,350.0
2026,Anthony Richardson Sr.,IND,389,QB56,351.0
2026,Justin Joly,DEN,390,TE54,353.0
2026,Mac Jones,SF,391,QB57,355.0
2026,Tahj Brooks,CIN,392,RB106,356.0
2026,J.J. McCarthy,MIN,393,QB58,359.0
2026,Oscar Delp,NO,394,TE55,360.0
2026,Jameis Winston,NYG,395,QB59,362.0
2026,Marcus Mariota,WAS,396,QB60,365.0
2026,Jonnu Smith,,397,TE56,369.0
2026,Tyler Higbee,LAR,398,TE57,373.0
2026,Olamide Zaccheaus,ATL,399,WR144,374.0
2026,Justin Fields,KC,400,QB61,375.0
2026,Max Klare,LAR,401,TE58,376.0
2026,Isaiah Davis,NYJ,402,RB107,380.0
2026,Mack Hollins,NE,403,WR145,384.0
2026,Joe Flacco,CIN,404,QB62,386.0
2026,Noah Gray,KC,405,TE59,387.0
2026,Kaleb Johnson,PIT,406,RB108,390.0
2026,Devin Singletary,NYG,407,RB109,393.0
2026,Brashard Smith,KC,408,RB110,397.0
2026,Tez Johnson,TB,409,WR146,398.0
2026,Kyle Williams,NE,410,WR147,405.0
2026,Devin Neal,NO,411,RB111,410.0
