Year,Player,Team,Pos,FPTS,AVG,G,PassingATT,PassingCMP,PassingYDS,PassingTD,INTS,RushingATT,RushingYDS,RushingTD,TGT,REC,ReceivingYDS,ReceivingTD
2026,Josh Allen,BUF,QB,410.4,27.36,15.0,466.0,311.0,3585.0,24.6,11.0,106.1,522.8,9.2,0.0,0.0,0.0,0.0
2026,Joe Burrow,CIN,QB,386.9,25.79,15.0,543.0,368.0,3971.0,31.0,11.0,40.3,173.2,1.5,0.0,0.0,0.0,0.0
2026,Lamar Jackson,BLT,QB,386.5,25.76,15.0,434.0,283.0,3528.0,24.0,9.0,121.1,668.3,3.5,0.0,0.0,0.0,0.0
2026,Dak Prescott,DAL,QB,382.7,25.51,15.0,536.0,360.0,4058.0,29.3,12.0,49.5,187.8,1.9,0.0,0.0,0.0,0.0
2026,Drake Maye,NE,QB,381.1,25.4,15.0,458.0,309.0,3728.0,25.3,10.0,93.6,478.9,3.2,0.0,0.0,0.0,0.0
2026,Jalen Hurts,PHI,QB,372.8,24.85,15.0,458.0,301.0,3354.0,21.7,7.0,108.9,502.1,7.1,0.0,0.0,0.0,0.0
2026,Jayden Daniels,WAS,QB,361.1,24.08,15.0,435.0,282.0,3087.0,19.4,8.0,131.7,807.2,4.8,0.0,0.0,0.0,0.0
2026,Matthew Stafford,LA,QB,360.9,24.06,15.0,522.0,340.0,4015.0,29.5,10.0,25.2,23.3,0.4,0.0,0.0,0.0,0.0
2026,Justin Herbert,LAC,QB,358.5,23.9,15.0,514.0,340.0,3783.0,25.2,10.0,62.4,306.2,1.8,0.0,0.0,0.0,0.0
2026,Trevor Lawrence,JAX,QB,354.5,23.63,15.0,501.0,319.0,3665.0,23.7,12.0,66.5,295.7,4.3,0.0,0.0,0.0,0.0
2026,Brock Purdy,SF,QB,354.0,23.6,15.0,471.0,314.0,3677.0,27.1,14.0,56.9,253.5,2.2,0.0,0.0,0.0,0.0
2026,Jared Goff,DET,QB,348.1,23.21,15.0,513.0,346.0,3958.0,27.1,8.0,21.2,43.9,0.3,0.0,0.0,0.0,0.0
2026,Patrick Mahomes,KC,QB,347.9,23.19,15.0,515.0,336.0,3708.0,25.0,11.0,55.2,313.0,1.0,0.0,0.0,0.0,0.0
2026,Caleb Williams,CHI,QB,346.2,23.08,15.0,506.0,308.0,3623.0,23.7,10.0,65.3,335.9,2.0,0.0,0.0,0.0,0.0
2026,Bo Nix,DEN,QB,342.4,22.83,15.0,533.0,343.0,3584.0,23.8,11.0,69.5,296.5,2.3,0.0,0.0,0.0,0.0
2026,Tyler Shough,NO,QB,331.8,22.12,15.0,523.0,348.0,3695.0,20.8,10.0,63.8,285.3,2.9,0.0,0.0,0.0,0.0
2026,Jordan Love,GB,QB,331.6,22.11,15.0,470.0,303.0,3546.0,24.7,8.0,41.6,181.1,1.2,0.0,0.0,0.0,0.0
2026,Jaxson Dart,NYG,QB,330.8,22.81,14.5,428.0,274.0,3015.0,18.7,9.0,100.3,559.3,5.6,0.0,0.0,0.0,0.0
2026,Kyler Murray,MIN,QB,324.6,23.19,14.0,463.0,310.0,3252.0,20.9,9.0,71.4,414.6,2.7,0.0,0.0,0.0,0.0
2026,Baker Mayfield,TB,QB,322.1,21.48,15.0,489.0,308.0,3451.0,23.9,12.0,53.0,255.4,1.1,0.0,0.0,0.0,0.0
2026,Sam Darnold,SEA,QB,319.5,21.3,15.0,470.0,307.0,3732.0,23.3,12.0,40.8,140.0,0.8,0.0,0.0,0.0,0.0
2026,C.J. Stroud,HST,QB,312.5,20.83,15.0,493.0,315.0,3517.0,22.1,12.0,48.5,216.7,1.5,0.0,0.0,0.0,0.0
2026,Malik Willis,MIA,QB,308.7,20.58,15.0,400.0,270.0,2814.0,16.5,11.0,114.5,699.8,3.9,0.0,0.0,0.0,0.0
2026,Jacoby Brissett,ARZ,QB,296.4,21.17,14.0,469.0,303.0,3284.0,20.6,8.0,42.0,188.3,1.5,0.0,0.0,0.0,0.0
2026,Geno Smith,NYJ,QB,286.2,19.08,15.0,479.0,317.0,3370.0,21.1,14.0,48.9,171.6,1.0,0.0,0.0,0.0,0.0
2026,Cam Ward,TEN,QB,282.7,18.85,15.0,504.0,316.0,3277.0,19.7,10.0,41.9,176.6,1.2,0.0,0.0,0.0,0.0
2026,Aaron Rodgers,PIT,QB,279.5,18.63,15.0,479.0,313.0,3136.0,21.8,8.0,19.0,68.9,0.4,0.0,0.0,0.0,0.0
2026,Bryce Young,CAR,QB,269.2,17.95,15.0,462.0,293.0,2984.0,18.9,10.0,46.0,223.9,1.1,0.0,0.0,0.0,0.0
2026,Daniel Jones,IND,QB,261.9,21.83,12.0,402.0,266.0,2883.0,17.8,9.0,42.8,162.2,2.3,0.0,0.0,0.0,0.0
2026,Deshaun Watson,CLV,QB,208.6,17.39,12.0,391.0,242.0,2407.0,14.4,11.0,42.4,211.2,0.7,0.0,0.0,0.0,0.0
2026,Fernando Mendoza,LV,QB,196.7,19.67,10.0,324.0,206.0,2230.0,13.2,7.0,32.7,146.4,1.3,0.0,0.0,0.0,0.0
2026,Tua Tagovailoa,ATL,QB,162.6,18.07,9.0,295.0,193.0,2034.0,11.9,9.0,20.6,60.7,0.4,0.0,0.0,0.0,0.0
2026,Michael Penix Jr.,ATL,QB,152.1,19.01,8.0,260.0,160.0,1804.0,10.3,5.0,20.8,78.0,0.6,0.0,0.0,0.0,0.0
2026,Kirk Cousins,LV,QB,146.2,20.89,7.0,241.0,158.0,1730.0,10.9,5.0,12.1,20.8,0.4,0.0,0.0,0.0,0.0
2026,Anthony Richardson,IND,QB,72.1,18.02,4.0,112.0,61.0,755.0,3.7,4.0,24.0,127.4,1.3,0.0,0.0,0.0,0.0
2026,J.J. McCarthy,MIN,QB,59.3,19.77,3.0,93.0,58.0,652.0,4.1,3.0,12.0,59.0,0.4,0.0,0.0,0.0,0.0
2026,Jameis Winston,NYG,QB,51.2,20.46,2.5,86.0,53.0,617.0,3.8,3.0,7.5,29.1,0.1,0.0,0.0,0.0,0.0
2026,Shedeur Sanders,CLV,QB,50.4,16.81,3.0,93.0,55.0,617.0,3.4,4.0,8.6,58.5,0.2,0.0,0.0,0.0,0.0
2026,Carson Beck,ARZ,QB,46.6,15.53,3.0,92.0,55.0,568.0,2.9,3.0,10.8,55.0,0.3,0.0,0.0,0.0,0.0
2026,Marcus Mariota,WAS,QB,44.8,22.39,2.0,63.0,39.0,466.0,2.9,2.0,10.4,59.4,0.4,0.0,0.0,0.0,0.0
2026,Justin Fields,KC,QB,44.7,22.35,2.0,61.0,38.0,418.0,2.4,2.0,15.3,97.7,0.6,0.0,0.0,0.0,0.0
2026,Tanner McKee,PHI,QB,42.9,21.46,2.0,72.0,45.0,495.0,3.1,2.0,5.9,22.3,0.1,0.0,0.0,0.0,0.0
2026,Tyson Bagent,CHI,QB,42.1,21.03,2.0,64.0,42.0,444.0,2.7,1.0,8.6,45.8,0.3,0.0,0.0,0.0,0.0
2026,Mac Jones,SF,QB,41.1,20.55,2.0,65.0,43.0,460.0,3.0,2.0,6.0,20.1,0.2,0.0,0.0,0.0,0.0
2026,Josh Johnson,CIN,QB,41.0,20.48,2.0,66.0,42.0,468.0,2.7,2.0,7.1,39.1,0.3,0.0,0.0,0.0,0.0
2026,Joe Milton III,DAL,QB,39.7,19.85,2.0,59.0,38.0,426.0,2.4,2.0,10.2,56.6,0.4,0.0,0.0,0.0,0.0
2026,Mitchell Trubisky,TEN,QB,38.2,19.12,2.0,66.0,43.0,458.0,2.7,2.0,6.5,26.3,0.2,0.0,0.0,0.0,0.0
2026,Jake Browning,TB,QB,38.1,19.07,2.0,64.0,42.0,453.0,2.9,2.0,5.8,25.3,0.1,0.0,0.0,0.0,0.0
2026,Teddy Bridgewater,DET,QB,37.5,18.74,2.0,64.0,41.0,448.0,2.6,1.0,4.5,17.5,0.1,0.0,0.0,0.0,0.0
2026,Nick Mullens,JAX,QB,37.0,18.5,2.0,64.0,42.0,466.0,2.8,3.0,4.4,13.3,0.2,0.0,0.0,0.0,0.0
2026,Spencer Rattler,NO,QB,36.4,18.18,2.0,70.0,45.0,453.0,2.2,2.0,7.3,35.4,0.1,0.0,0.0,0.0,0.0
2026,Tyrod Taylor,GB,QB,36.2,18.09,2.0,55.0,34.0,375.0,2.1,2.0,10.7,61.9,0.4,0.0,0.0,0.0,0.0
2026,Davis Mills,HST,QB,35.2,17.58,2.0,66.0,41.0,424.0,2.5,2.0,4.8,18.9,0.1,0.0,0.0,0.0,0.0
2026,Trey Lance,LAC,QB,34.9,17.47,2.0,58.0,34.0,373.0,1.8,2.0,13.0,70.7,0.3,0.0,0.0,0.0,0.0
2026,Drew Lock,SEA,QB,34.3,17.14,2.0,62.0,39.0,438.0,2.3,2.0,5.0,23.7,0.1,0.0,0.0,0.0,0.0
2026,Quinn Ewers,MIA,QB,34.3,17.15,2.0,61.0,40.0,437.0,2.4,2.0,5.0,18.0,0.1,0.0,0.0,0.0,0.0
2026,Kenny Pickett,CAR,QB,34.2,17.1,2.0,62.0,40.0,402.0,2.4,2.0,5.7,25.8,0.1,0.0,0.0,0.0,0.0
2026,Jarrett Stidham,DEN,QB,33.9,16.94,2.0,59.0,36.0,387.0,2.1,2.0,9.3,41.8,0.3,0.0,0.0,0.0,0.0
2026,Ty Simpson,LA,QB,33.4,16.68,2.0,60.0,37.0,398.0,2.3,2.0,4.5,27.1,0.1,0.0,0.0,0.0,0.0
2026,Will Howard,PIT,QB,32.1,16.05,2.0,60.0,37.0,394.0,2.2,2.0,5.8,26.7,0.1,0.0,0.0,0.0,0.0
2026,Dillon Gabriel,CLV,QB,30.9,15.45,2.0,64.0,40.0,376.0,2.1,2.0,4.4,28.6,0.1,0.0,0.0,0.0,0.0
2026,Kyle Allen,BUF,QB,30.7,15.36,2.0,62.0,38.0,388.0,2.2,2.0,4.5,12.5,0.1,0.0,0.0,0.0,0.0
2026,Tommy DeVito,NE,QB,29.5,14.73,2.0,52.0,33.0,333.0,1.6,1.0,8.7,42.8,0.3,0.0,0.0,0.0,0.0
2026,Tyler Huntley,BLT,QB,27.9,13.96,2.0,45.0,29.0,294.0,1.3,1.0,11.4,58.8,0.3,0.0,0.0,0.0,0.0
2026,Brady Cook,NYJ,QB,26.5,13.25,2.0,63.0,38.0,386.0,1.7,2.0,5.4,19.5,0.1,0.0,0.0,0.0,0.0
2026,Riley Leonard,IND,QB,17.1,17.11,1.0,34.0,21.0,216.0,1.2,1.0,2.4,13.3,0.1,0.0,0.0,0.0,0.0
2026,Jahmyr Gibbs,DET,RB,347.6,23.17,15.0,0.0,0.0,0.0,0.0,0.0,272.0,1352.9,13.5,78.8,65.4,478.9,3.2
2026,Bijan Robinson,ATL,RB,338.0,22.53,15.0,0.0,0.0,0.0,0.0,0.0,292.8,1370.0,9.7,82.4,67.3,587.4,3.1
2026,Jonathan Taylor,IND,RB,309.1,20.61,15.0,0.0,0.0,0.0,0.0,0.0,289.8,1371.8,13.7,55.8,46.0,346.5,1.8
2026,Christian McCaffrey,SF,RB,298.8,20.61,14.5,0.0,0.0,0.0,0.0,0.0,247.4,980.9,8.4,79.7,66.2,563.6,4.8
2026,De'Von Achane,MIA,RB,281.7,18.78,15.0,0.0,0.0,0.0,0.0,0.0,241.1,1246.0,6.8,70.1,58.9,415.6,2.7
2026,Saquon Barkley,PHI,RB,272.8,18.19,15.0,0.0,0.0,0.0,0.0,0.0,295.7,1323.5,10.1,51.5,40.7,291.7,1.8
2026,James Cook,BUF,RB,268.0,17.87,15.0,0.0,0.0,0.0,0.0,0.0,277.0,1367.4,10.5,39.8,32.4,278.1,1.6
2026,Ashton Jeanty,LV,RB,265.1,17.67,15.0,0.0,0.0,0.0,0.0,0.0,251.5,1040.0,8.0,72.6,58.7,389.6,2.7
2026,Derrick Henry,BLT,RB,243.9,16.26,15.0,0.0,0.0,0.0,0.0,0.0,275.6,1364.2,12.4,19.5,15.9,158.2,0.4
2026,Kenneth Walker III,KC,RB,242.7,16.18,15.0,0.0,0.0,0.0,0.0,0.0,239.8,1070.2,9.4,47.0,39.2,308.4,1.7
2026,Chase Brown,CIN,RB,239.0,15.93,15.0,0.0,0.0,0.0,0.0,0.0,205.9,892.4,6.6,66.0,55.5,386.5,2.8
2026,Omarion Hampton,LAC,RB,235.2,15.68,15.0,0.0,0.0,0.0,0.0,0.0,230.6,1014.9,7.8,55.3,45.9,315.0,1.8
2026,Breece Hall,NYJ,RB,232.6,15.5,15.0,0.0,0.0,0.0,0.0,0.0,242.2,1071.6,5.8,53.0,45.4,353.6,1.9
2026,Josh Jacobs,GB,RB,231.7,16.55,14.0,0.0,0.0,0.0,0.0,0.0,251.0,1054.8,11.0,40.2,33.5,222.2,1.0
2026,Jeremiyah Love,ARZ,RB,229.1,15.27,15.0,0.0,0.0,0.0,0.0,0.0,220.6,1002.1,7.6,54.7,45.0,308.1,1.8
2026,Javonte Williams,DAL,RB,223.8,14.92,15.0,0.0,0.0,0.0,0.0,0.0,249.6,1097.9,8.7,43.6,36.1,177.2,1.5
2026,Cam Skattebo,NYG,RB,218.3,14.55,15.0,0.0,0.0,0.0,0.0,0.0,221.8,926.7,8.0,50.6,41.7,272.9,1.7
2026,David Montgomery,HST,RB,217.7,14.51,15.0,0.0,0.0,0.0,0.0,0.0,263.2,1115.0,8.6,36.7,29.9,218.0,0.7
2026,Kyren Williams,LA,RB,217.7,14.51,15.0,0.0,0.0,0.0,0.0,0.0,226.9,1043.2,8.9,38.3,30.6,218.2,1.4
2026,Bucky Irving,TB,RB,207.1,14.28,14.5,0.0,0.0,0.0,0.0,0.0,218.1,908.4,6.4,42.2,35.4,321.1,1.9
2026,Quinshon Judkins,CLV,RB,206.1,13.74,15.0,0.0,0.0,0.0,0.0,0.0,271.1,1010.5,7.5,38.3,30.3,239.2,1.1
2026,D'Andre Swift,CHI,RB,202.9,13.53,15.0,0.0,0.0,0.0,0.0,0.0,206.4,956.4,7.0,39.7,31.8,261.1,1.4
2026,Bhayshul Tuten,JAX,RB,201.6,13.44,15.0,0.0,0.0,0.0,0.0,0.0,235.8,985.5,8.2,34.4,27.3,203.3,1.3
2026,Rhamondre Stevenson,NE,RB,201.1,13.4,15.0,0.0,0.0,0.0,0.0,0.0,182.6,791.7,6.5,45.9,38.8,332.7,2.1
2026,Travis Etienne,NO,RB,194.2,12.95,15.0,0.0,0.0,0.0,0.0,0.0,204.1,879.1,6.5,39.3,33.3,261.9,1.5
2026,Tony Pollard,TEN,RB,193.9,12.93,15.0,0.0,0.0,0.0,0.0,0.0,220.4,965.7,6.1,42.9,34.9,210.9,1.0
2026,Chuba Hubbard,CAR,RB,192.4,12.83,15.0,0.0,0.0,0.0,0.0,0.0,225.9,864.3,6.7,44.6,37.4,215.7,1.3
2026,Jaylen Warren,PIT,RB,184.4,12.29,15.0,0.0,0.0,0.0,0.0,0.0,168.8,767.9,5.1,46.1,40.0,287.9,1.5
2026,TreVeyon Henderson,NE,RB,172.6,11.51,15.0,0.0,0.0,0.0,0.0,0.0,173.3,785.6,5.9,34.2,29.2,231.9,1.1
2026,Rico Dowdle,PIT,RB,170.1,11.34,15.0,0.0,0.0,0.0,0.0,0.0,176.7,785.1,5.2,38.7,32.4,218.2,1.1
2026,Kenny Gainwell,TB,RB,168.1,11.2,15.0,0.0,0.0,0.0,0.0,0.0,138.4,589.2,4.1,52.0,42.6,318.8,1.9
2026,Aaron Jones,MIN,RB,167.0,11.93,14.0,0.0,0.0,0.0,0.0,0.0,163.1,676.2,3.3,50.8,42.4,285.7,1.6
2026,Jadarian Price,SEA,RB,159.3,10.62,15.0,0.0,0.0,0.0,0.0,0.0,211.4,917.7,6.2,21.4,17.8,118.2,0.5
2026,RJ Harvey,DEN,RB,144.0,9.6,15.0,0.0,0.0,0.0,0.0,0.0,120.1,471.3,3.5,53.9,44.5,234.2,1.5
2026,Rachaad White,WAS,RB,142.9,9.53,15.0,0.0,0.0,0.0,0.0,0.0,134.1,540.8,4.2,37.2,33.3,238.0,1.2
2026,Blake Corum,LA,RB,140.6,9.38,15.0,0.0,0.0,0.0,0.0,0.0,164.6,759.7,6.3,17.5,13.8,100.1,0.6
2026,Kyle Monangai,CHI,RB,140.0,9.33,15.0,0.0,0.0,0.0,0.0,0.0,155.0,668.2,4.9,27.4,20.5,184.0,0.9
2026,Isiah Pacheco,DET,RB,139.2,9.28,15.0,0.0,0.0,0.0,0.0,0.0,148.3,651.2,6.0,25.2,20.9,127.8,0.8
2026,J.K. Dobbins,DEN,RB,124.2,9.55,13.0,0.0,0.0,0.0,0.0,0.0,155.8,729.5,5.3,15.9,12.9,50.2,0.3
2026,Jonathon Brooks,CAR,RB,119.2,7.95,15.0,0.0,0.0,0.0,0.0,0.0,138.0,585.2,4.0,24.0,19.5,129.4,0.8
2026,Dylan Sampson,CLV,RB,114.1,7.61,15.0,0.0,0.0,0.0,0.0,0.0,73.6,260.4,1.7,50.1,41.5,290.5,1.4
2026,Justice Hill,BLT,RB,112.6,7.51,15.0,0.0,0.0,0.0,0.0,0.0,74.2,350.2,2.3,39.2,31.9,242.1,1.4
2026,Ty Johnson,BUF,RB,108.6,7.24,15.0,0.0,0.0,0.0,0.0,0.0,57.9,253.1,2.1,36.8,29.7,297.3,2.0
2026,Tyrone Tracy Jr.,NYG,RB,106.0,7.07,15.0,0.0,0.0,0.0,0.0,0.0,105.2,446.8,2.0,30.4,25.2,187.5,1.0
2026,Tyjae Spears,TEN,RB,105.3,7.52,14.0,0.0,0.0,0.0,0.0,0.0,92.5,390.9,2.2,33.0,27.8,208.4,0.8
2026,Alvin Kamara,NO,RB,101.7,7.26,14.0,0.0,0.0,0.0,0.0,0.0,104.6,390.0,2.0,33.6,28.0,187.5,0.7
2026,Kaytron Allen,WAS,RB,94.9,6.32,15.0,0.0,0.0,0.0,0.0,0.0,124.9,530.0,3.2,14.2,11.8,96.0,0.5
2026,Samaje Perine,CIN,RB,94.4,6.3,15.0,0.0,0.0,0.0,0.0,0.0,94.3,403.6,2.7,23.5,20.1,144.5,0.7
2026,Woody Marks,HST,RB,91.3,6.09,15.0,0.0,0.0,0.0,0.0,0.0,81.7,321.1,2.0,30.5,22.8,174.3,1.2
2026,Brian Robinson,ATL,RB,90.8,6.05,15.0,0.0,0.0,0.0,0.0,0.0,117.5,465.9,3.2,17.8,14.5,87.4,0.4
2026,Chris Brooks,GB,RB,90.1,6.01,15.0,0.0,0.0,0.0,0.0,0.0,92.6,398.9,2.5,23.8,19.1,130.3,0.6
2026,Zach Charbonnet,SEA,RB,88.8,9.86,9.0,0.0,0.0,0.0,0.0,0.0,87.4,356.2,4.3,17.1,14.2,101.9,0.6
2026,Keaton Mitchell,LAC,RB,86.7,6.19,14.0,0.0,0.0,0.0,0.0,0.0,89.6,406.1,2.3,19.0,15.4,140.1,0.5
2026,Mike Washington Jr.,LV,RB,76.0,5.07,15.0,0.0,0.0,0.0,0.0,0.0,88.4,348.5,2.1,18.3,14.8,112.9,0.6
2026,Chris Rodriguez Jr.,JAX,RB,75.1,5.36,14.0,0.0,0.0,0.0,0.0,0.0,89.3,384.4,3.5,6.5,5.2,79.7,0.4
2026,Jonah Coleman,DEN,RB,75.0,5.0,15.0,0.0,0.0,0.0,0.0,0.0,64.0,271.6,2.0,24.2,19.6,132.8,0.6
2026,Jordan Mason,MIN,RB,71.3,5.09,14.0,0.0,0.0,0.0,0.0,0.0,91.3,415.1,3.5,7.1,5.9,28.4,0.1
2026,DJ Giddens,IND,RB,68.6,4.57,15.0,0.0,0.0,0.0,0.0,0.0,74.4,308.0,1.8,16.3,13.2,110.5,0.5
2026,LeQuint Allen Jr.,JAX,RB,68.4,4.56,15.0,0.0,0.0,0.0,0.0,0.0,39.1,154.9,0.9,30.6,25.1,180.1,0.8
2026,Isaiah Davis,NYJ,RB,68.3,4.88,14.0,0.0,0.0,0.0,0.0,0.0,58.9,262.4,1.3,19.0,15.7,151.3,0.6
2026,Demond Claiborne,MIN,RB,65.4,4.36,15.0,0.0,0.0,0.0,0.0,0.0,73.1,310.2,1.9,13.6,11.2,103.0,0.4
2026,Tyler Allgeier,ARZ,RB,64.3,4.29,15.0,0.0,0.0,0.0,0.0,0.0,89.9,380.3,2.9,5.4,4.4,39.8,0.1
2026,Emmett Johnson,KC,RB,64.3,4.29,15.0,0.0,0.0,0.0,0.0,0.0,69.7,295.7,1.8,14.0,11.4,99.2,0.6
2026,George Holani,SEA,RB,63.2,4.86,13.0,0.0,0.0,0.0,0.0,0.0,51.7,209.7,1.2,22.1,18.3,133.3,0.6
2026,Jaylen Wright,MIA,RB,63.0,4.5,14.0,0.0,0.0,0.0,0.0,0.0,64.8,268.2,1.6,17.6,14.2,97.2,0.5
2026,Jordan James,SF,RB,62.9,4.19,15.0,0.0,0.0,0.0,0.0,0.0,73.6,318.6,1.8,11.6,9.7,87.2,0.4
2026,Jacory Croskey-Merritt,WAS,RB,56.4,3.76,15.0,0.0,0.0,0.0,0.0,0.0,82.2,347.5,1.9,6.0,4.6,45.3,0.2
2026,James Conner,ARZ,RB,55.7,3.71,15.0,0.0,0.0,0.0,0.0,0.0,47.7,203.5,1.5,15.8,13.5,115.6,0.3
2026,Ollie Gordon II,MIA,RB,53.4,3.56,15.0,0.0,0.0,0.0,0.0,0.0,53.9,191.3,1.7,15.6,12.6,90.1,0.5
2026,Ray Davis,BUF,RB,49.8,3.32,15.0,0.0,0.0,0.0,0.0,0.0,55.9,240.5,1.5,8.9,7.3,74.7,0.4
2026,Jaydon Blue,DAL,RB,48.5,4.85,10.0,0.0,0.0,0.0,0.0,0.0,53.9,232.0,1.4,11.2,9.2,58.7,0.4
2026,Kyle Juszczyk,SF,RB,46.8,3.12,15.0,0.0,0.0,0.0,0.0,0.0,4.4,11.7,0.1,23.1,18.8,196.8,1.1
2026,Braelon Allen,NYJ,RB,46.5,3.32,14.0,0.0,0.0,0.0,0.0,0.0,60.3,257.5,1.7,7.0,5.8,39.2,0.2
2026,Tank Bigsby,PHI,RB,45.1,3.01,15.0,0.0,0.0,0.0,0.0,0.0,53.1,230.7,1.8,7.5,6.1,40.4,0.2
2026,Malik Davis,DAL,RB,44.1,2.94,15.0,0.0,0.0,0.0,0.0,0.0,44.6,191.7,1.2,12.7,10.1,53.7,0.4
2026,Trevor Etienne,CAR,RB,40.4,2.69,15.0,0.0,0.0,0.0,0.0,0.0,30.8,130.3,0.7,14.9,12.2,82.8,0.5
2026,Nicholas Singleton,TEN,RB,40.3,2.69,15.0,0.0,0.0,0.0,0.0,0.0,38.4,155.0,0.8,11.5,9.4,84.6,0.4
2026,Tahj Brooks,CIN,RB,40.2,2.68,15.0,0.0,0.0,0.0,0.0,0.0,47.0,190.2,1.3,7.0,5.9,59.6,0.3
2026,Emanuel Wilson,SEA,RB,39.5,3.04,13.0,0.0,0.0,0.0,0.0,0.0,44.8,178.2,1.1,9.3,7.7,56.4,0.3
2026,Brashard Smith,KC,RB,39.5,2.63,15.0,0.0,0.0,0.0,0.0,0.0,18.8,71.6,0.4,17.9,14.4,120.0,0.6
2026,Devin Singletary,NYG,RB,37.8,2.52,15.0,0.0,0.0,0.0,0.0,0.0,51.7,194.3,1.1,7.4,6.2,49.8,0.1
2026,Kaelon Black,SF,RB,36.5,2.43,15.0,0.0,0.0,0.0,0.0,0.0,42.0,178.1,0.9,8.3,6.9,55.5,0.2
2026,Kimani Vidal,LAC,RB,34.9,2.49,14.0,0.0,0.0,0.0,0.0,0.0,34.7,111.1,0.8,11.8,9.6,72.9,0.4
2026,Will Shipley,PHI,RB,34.6,2.31,15.0,0.0,0.0,0.0,0.0,0.0,25.1,103.0,0.5,12.9,10.6,87.3,0.4
2026,MarShawn Lloyd,GB,RB,34.3,5.72,6.0,0.0,0.0,0.0,0.0,0.0,32.0,136.9,0.8,9.4,7.6,62.8,0.3
2026,Emari Demercado,KC,RB,31.9,3.19,10.0,0.0,0.0,0.0,0.0,0.0,25.5,105.8,0.6,10.5,8.3,71.2,0.4
2026,Rasheen Ali,BLT,RB,30.1,2.15,14.0,0.0,0.0,0.0,0.0,0.0,15.6,68.2,0.3,11.5,9.3,92.0,0.5
2026,Sean Tucker,TB,RB,29.3,2.09,14.0,0.0,0.0,0.0,0.0,0.0,35.3,147.1,1.2,5.0,3.9,25.7,0.2
2026,Zavier Scott,MIN,RB,29.1,2.24,13.0,0.0,0.0,0.0,0.0,0.0,27.1,109.0,0.5,8.9,7.3,63.3,0.3
2026,Jawhar Jordan,HST,RB,27.5,1.83,15.0,0.0,0.0,0.0,0.0,0.0,36.5,154.4,0.7,4.8,3.8,30.8,0.2
2026,Trey Benson,ARZ,RB,27.2,2.72,10.0,0.0,0.0,0.0,0.0,0.0,14.4,58.4,0.3,12.8,10.9,72.5,0.2
2026,Eli Heidenreich,PIT,RB,24.2,1.61,15.0,0.0,0.0,0.0,0.0,0.0,17.7,75.0,0.4,9.3,7.6,56.9,0.2
2026,Kendre Miller,NO,RB,22.9,2.29,10.0,0.0,0.0,0.0,0.0,0.0,24.9,102.4,0.5,5.3,4.4,43.2,0.2
2026,Hunter Luepke,DAL,RB,22.2,1.48,15.0,0.0,0.0,0.0,0.0,0.0,13.2,53.3,0.3,8.6,7.2,60.0,0.3
2026,Dylan Laube,LV,RB,20.7,2.07,10.0,0.0,0.0,0.0,0.0,0.0,19.0,74.6,0.4,7.9,6.3,35.5,0.2
2026,Roschon Johnson,CHI,RB,20.6,2.06,10.0,0.0,0.0,0.0,0.0,0.0,26.7,119.8,0.7,2.7,2.2,17.6,0.1
2026,Jerome Ford,WAS,RB,20.3,1.69,12.0,0.0,0.0,0.0,0.0,0.0,14.3,57.5,0.2,8.2,6.9,49.2,0.2
2026,Jarquez Hunter,LA,RB,20.0,2.0,10.0,0.0,0.0,0.0,0.0,0.0,21.1,93.9,0.7,4.2,3.4,27.3,0.1
2026,Raheim Sanders,CLV,RB,19.2,1.92,10.0,0.0,0.0,0.0,0.0,0.0,23.8,93.1,0.6,4.3,3.3,27.2,0.1
2026,Alec Ingold,LAC,RB,18.4,1.23,15.0,0.0,0.0,0.0,0.0,0.0,3.4,7.6,0.1,10.4,8.5,70.8,0.3
2026,Devin Neal,NO,RB,18.2,1.52,12.0,0.0,0.0,0.0,0.0,0.0,15.8,62.1,0.3,7.1,5.8,35.6,0.1
2026,Kaleb Johnson,PIT,RB,18.1,1.29,14.0,0.0,0.0,0.0,0.0,0.0,25.1,100.6,0.4,3.6,2.9,22.5,0.1
2026,Seth McGowan,IND,RB,17.1,1.14,15.0,0.0,0.0,0.0,0.0,0.0,18.9,80.2,0.6,3.6,2.9,22.6,0.1
2026,Max Bredeson,MIN,RB,15.0,1.0,15.0,0.0,0.0,0.0,0.0,0.0,7.3,23.7,0.1,6.8,5.6,52.0,0.2
2026,Adam Prentice,DEN,RB,14.9,1.0,15.0,0.0,0.0,0.0,0.0,0.0,6.1,22.4,0.1,7.5,6.1,47.0,0.2
2026,Pierre Strong,GB,RB,14.1,1.17,12.0,0.0,0.0,0.0,0.0,0.0,16.0,68.4,0.4,3.3,2.6,19.2,0.1
2026,Phil Mafah,DAL,RB,13.1,1.31,10.0,0.0,0.0,0.0,0.0,0.0,16.2,67.0,0.4,2.3,1.9,14.7,0.1
2026,Nate Carter,ATL,RB,11.8,2.36,5.0,0.0,0.0,0.0,0.0,0.0,14.5,64.2,0.4,1.9,1.5,13.7,0.1
2026,Andrew Beck,NYJ,RB,8.9,0.59,15.0,0.0,0.0,0.0,0.0,0.0,1.4,5.8,0.0,4.5,3.6,35.9,0.1
2026,British Brooks,HST,RB,8.7,0.58,15.0,0.0,0.0,0.0,0.0,0.0,15.0,62.9,0.3,0.5,0.4,3.0,0.0
2026,Jeremy McNichols,WAS,RB,7.5,1.5,5.0,0.0,0.0,0.0,0.0,0.0,4.7,18.7,0.1,3.1,2.6,20.4,0.1
2026,DeeJay Dallas,JAX,RB,7.5,0.75,10.0,0.0,0.0,0.0,0.0,0.0,7.0,28.8,0.1,1.8,1.5,17.2,0.1
2026,Robbie Ouzts,SEA,RB,7.1,0.47,15.0,0.0,0.0,0.0,0.0,0.0,0.7,2.0,0.0,3.4,2.8,28.8,0.2
2026,Sione Vaki,DET,RB,6.6,0.66,10.0,0.0,0.0,0.0,0.0,0.0,5.5,21.9,0.2,1.5,1.2,17.6,0.1
2026,Terrell Jennings,NE,RB,6.1,1.21,5.0,0.0,0.0,0.0,0.0,0.0,10.4,41.9,0.3,0.2,0.2,1.6,0.0
2026,Tyler Badie,DEN,RB,5.7,1.42,4.0,0.0,0.0,0.0,0.0,0.0,2.3,10.2,0.0,2.8,2.1,18.0,0.1
2026,Isaac Guerendo,SF,RB,5.2,1.03,5.0,0.0,0.0,0.0,0.0,0.0,2.5,11.1,0.1,2.1,1.8,15.9,0.1
2026,AJ Dillon,CAR,RB,5.1,0.72,7.0,0.0,0.0,0.0,0.0,0.0,3.7,16.1,0.1,1.9,1.5,11.3,0.0
2026,Kene Nwangwu,NYJ,RB,5.0,1.01,5.0,0.0,0.0,0.0,0.0,0.0,6.2,25.2,0.1,1.1,0.9,7.9,0.1
2026,Patrick Ricard,NYG,RB,5.0,0.33,15.0,0.0,0.0,0.0,0.0,0.0,0.7,1.5,0.0,2.3,1.9,18.8,0.2
2026,Reggie Gilliam,NE,RB,4.7,0.31,15.0,0.0,0.0,0.0,0.0,0.0,1.5,2.8,0.0,2.3,1.9,17.9,0.1
2026,Ty Chandler,NO,RB,4.5,0.45,10.0,0.0,0.0,0.0,0.0,0.0,7.8,30.3,0.1,0.5,0.4,2.4,0.0
2026,Jacob Saylors,DET,RB,4.2,0.42,10.0,0.0,0.0,0.0,0.0,0.0,1.5,6.6,0.0,1.7,1.4,14.6,0.1
2026,Josh Williams,TB,RB,4.2,0.83,5.0,0.0,0.0,0.0,0.0,0.0,6.9,26.4,0.1,0.6,0.5,3.5,0.0
2026,Ronnie Rivers,LA,RB,4.1,0.83,5.0,0.0,0.0,0.0,0.0,0.0,5.1,20.8,0.1,0.8,0.7,5.1,0.0
2026,Brittain Brown,CHI,RB,4.0,0.8,5.0,0.0,0.0,0.0,0.0,0.0,4.3,19.5,0.1,0.8,0.6,6.7,0.0
2026,Jaret Patterson,LAC,RB,3.6,0.72,5.0,0.0,0.0,0.0,0.0,0.0,4.3,17.1,0.1,0.8,0.7,4.9,0.0
2026,Michael Carter,TEN,RB,3.4,0.68,5.0,0.0,0.0,0.0,0.0,0.0,4.2,14.9,0.1,0.8,0.6,7.2,0.0
2026,Frank Gore Jr.,BUF,RB,3.3,0.47,7.0,0.0,0.0,0.0,0.0,0.0,3.5,13.1,0.1,0.7,0.6,6.1,0.0
2026,Dameon Pierce,PHI,RB,3.1,0.62,5.0,0.0,0.0,0.0,0.0,0.0,4.6,19.3,0.1,0.4,0.3,2.3,0.0
2026,Damien Martinez,GB,RB,3.1,0.52,6.0,0.0,0.0,0.0,0.0,0.0,1.6,6.8,0.0,1.4,1.1,9.0,0.0
2026,Kalel Mullings,TEN,RB,3.0,0.61,5.0,0.0,0.0,0.0,0.0,0.0,5.2,20.8,0.1,0.2,0.1,1.9,0.0
2026,Chris Collier,LV,RB,2.9,0.59,5.0,0.0,0.0,0.0,0.0,0.0,4.7,18.6,0.1,0.3,0.2,1.9,0.0
2026,Eric Gray,NYG,RB,2.5,0.5,5.0,0.0,0.0,0.0,0.0,0.0,2.1,8.2,0.0,0.8,0.6,6.4,0.0
2026,Donovan Edwards,MIA,RB,2.5,0.31,8.0,0.0,0.0,0.0,0.0,0.0,2.0,8.5,0.1,0.8,0.7,5.6,0.0
2026,Bam Knight,ARZ,RB,2.1,0.42,5.0,0.0,0.0,0.0,0.0,0.0,1.6,7.0,0.0,0.7,0.6,5.3,0.0
2026,Ahmani Marshall,CLV,RB,1.7,0.33,5.0,0.0,0.0,0.0,0.0,0.0,2.3,9.2,0.0,0.3,0.2,1.9,0.0
2026,Gary Brightwell,CIN,RB,1.6,0.32,5.0,0.0,0.0,0.0,0.0,0.0,0.0,0.0,0.0,0.8,0.7,7.2,0.0
2026,Ulysses Bentley IV,IND,RB,1.5,0.3,5.0,0.0,0.0,0.0,0.0,0.0,2.1,8.0,0.0,0.2,0.2,2.1,0.0
2026,Brock Bowers,LV,TE,214.5,14.3,15.0,0.0,0.0,0.0,0.0,0.0,3.6,8.5,0.0,113.1,85.6,916.1,6.1
2026,Trey McBride,ARZ,TE,201.7,13.45,15.0,0.0,0.0,0.0,0.0,0.0,0.0,0.0,0.0,118.7,90.8,775.8,5.6
2026,Tyler Warren,IND,TE,192.8,12.86,15.0,0.0,0.0,0.0,0.0,0.0,4.7,8.8,0.7,105.3,77.7,798.3,5.1
2026,Colston Loveland,CHI,TE,186.0,12.4,15.0,0.0,0.0,0.0,0.0,0.0,0.8,3.9,0.0,104.2,73.1,796.2,5.5
2026,Kyle Pitts,ATL,TE,164.6,10.98,15.0,0.0,0.0,0.0,0.0,0.0,0.0,0.0,0.0,93.9,65.4,749.6,4.1
2026,Sam LaPorta,DET,TE,163.6,11.68,14.0,0.0,0.0,0.0,0.0,0.0,0.0,0.0,0.0,81.3,63.2,697.4,5.1
2026,Travis Kelce,KC,TE,163.2,10.88,15.0,0.0,0.0,0.0,0.0,0.0,0.0,0.0,0.0,88.4,65.9,713.2,4.4
2026,Harold Fannin Jr.,CLV,TE,158.1,10.54,15.0,0.0,0.0,0.0,0.0,0.0,4.4,12.0,0.2,95.6,68.0,649.7,3.8
2026,Dallas Goedert,PHI,TE,157.1,10.48,15.0,0.0,0.0,0.0,0.0,0.0,0.0,0.0,0.0,82.4,63.1,662.3,4.7
2026,Jake Ferguson,DAL,TE,154.5,10.3,15.0,0.0,0.0,0.0,0.0,0.0,0.0,0.0,0.0,78.9,62.1,603.6,5.4
2026,Mark Andrews,BLT,TE,151.4,10.09,15.0,0.0,0.0,0.0,0.0,0.0,3.8,6.1,0.2,77.4,57.1,591.0,5.7
2026,Tucker Kraft,GB,TE,150.0,10.71,14.0,0.0,0.0,0.0,0.0,0.0,1.9,5.4,0.0,74.0,56.3,624.7,5.2
2026,Brenton Strange,JAX,TE,146.2,9.75,15.0,0.0,0.0,0.0,0.0,0.0,0.0,0.0,0.0,78.1,59.1,625.2,4.1
2026,Isaiah Likely,NYG,TE,140.2,9.35,15.0,0.0,0.0,0.0,0.0,0.0,0.0,0.0,0.0,78.7,58.3,607.1,3.6
2026,Hunter Henry,NE,TE,136.9,9.13,15.0,0.0,0.0,0.0,0.0,0.0,0.0,0.0,0.0,69.6,52.0,576.1,4.6
2026,Dalton Schultz,HST,TE,136.5,9.1,15.0,0.0,0.0,0.0,0.0,0.0,0.0,0.0,0.0,76.2,57.3,581.2,3.6
2026,Dalton Kincaid,BUF,TE,134.2,9.26,14.5,0.0,0.0,0.0,0.0,0.0,0.0,0.0,0.0,69.1,52.0,574.3,4.2
2026,Pat Freiermuth,PIT,TE,133.7,8.91,15.0,0.0,0.0,0.0,0.0,0.0,0.0,0.0,0.0,73.3,55.5,544.2,4.0
2026,Juwan Johnson,NO,TE,133.3,8.88,15.0,0.0,0.0,0.0,0.0,0.0,0.0,0.0,0.0,72.2,54.5,601.1,3.2
2026,Kenyon Sadiq,NYJ,TE,131.5,8.77,15.0,0.0,0.0,0.0,0.0,0.0,0.0,0.0,0.0,75.3,57.1,541.9,3.5
2026,T.J. Hockenson,MIN,TE,131.3,8.75,15.0,0.0,0.0,0.0,0.0,0.0,0.0,0.0,0.0,74.9,57.4,518.9,3.7
2026,George Kittle,SF,TE,131.0,11.39,11.5,0.0,0.0,0.0,0.0,0.0,0.6,1.9,0.0,62.1,48.2,538.9,4.8
2026,Cade Otton,TB,TE,125.1,8.34,15.0,0.0,0.0,0.0,0.0,0.0,0.0,0.0,0.0,76.6,55.6,487.2,3.5
2026,Oronde Gadsden II,LAC,TE,117.3,7.82,15.0,0.0,0.0,0.0,0.0,0.0,0.0,0.0,0.0,56.6,41.9,541.4,3.6
2026,Chig Okonkwo,WAS,TE,117.0,7.8,15.0,0.0,0.0,0.0,0.0,0.0,0.0,0.0,0.0,58.5,43.9,547.4,3.1
2026,AJ Barner,SEA,TE,114.0,7.6,15.0,0.0,0.0,0.0,0.0,0.0,6.3,10.1,0.5,52.7,40.6,462.1,3.9
2026,Gunnar Helm,TEN,TE,111.0,7.4,15.0,0.0,0.0,0.0,0.0,0.0,0.0,0.0,0.0,62.6,48.3,446.0,3.0
2026,Jonnu Smith,FA,TE,101.5,6.77,15.0,0.0,0.0,0.0,0.0,0.0,13.0,48.5,0.9,45.6,35.0,401.6,2.7
2026,Evan Engram,DEN,TE,99.8,6.66,15.0,0.0,0.0,0.0,0.0,0.0,0.7,2.9,0.0,61.4,43.2,432.9,2.2
2026,Mike Gesicki,CIN,TE,98.2,6.55,15.0,0.0,0.0,0.0,0.0,0.0,0.0,0.0,0.0,55.5,40.2,391.2,3.2
2026,Greg Dulcich,MIA,TE,96.0,8.0,12.0,0.0,0.0,0.0,0.0,0.0,0.0,0.0,0.0,48.1,36.0,444.1,2.6
2026,Michael Mayer,LV,TE,94.1,6.72,14.0,0.0,0.0,0.0,0.0,0.0,0.0,0.0,0.0,54.3,38.8,411.6,2.4
2026,Colby Parkinson,LA,TE,94.0,6.26,15.0,0.0,0.0,0.0,0.0,0.0,0.0,0.0,0.0,46.0,34.4,373.0,3.7
2026,Ja'Tavion Sanders,CAR,TE,83.7,5.58,15.0,0.0,0.0,0.0,0.0,0.0,0.0,0.0,0.0,46.2,36.4,338.8,2.3
2026,Cole Kmet,CHI,TE,81.8,5.45,15.0,0.0,0.0,0.0,0.0,0.0,0.0,0.0,0.0,47.4,33.5,325.3,2.6
2026,Theo Johnson,NYG,TE,78.1,5.58,14.0,0.0,0.0,0.0,0.0,0.0,0.0,0.0,0.0,42.7,29.3,340.2,2.5
2026,David Njoku,LAC,TE,77.2,5.52,14.0,0.0,0.0,0.0,0.0,0.0,0.0,0.0,0.0,44.2,32.8,294.5,2.5
2026,Dawson Knox,BUF,TE,70.3,4.69,15.0,0.0,0.0,0.0,0.0,0.0,0.0,0.0,0.0,30.6,23.0,304.8,2.8
2026,Tyler Higbee,LA,TE,68.9,4.92,14.0,0.0,0.0,0.0,0.0,0.0,0.0,0.0,0.0,40.0,28.8,266.8,2.3
2026,Matthew Hibner,BLT,TE,66.4,4.43,15.0,0.0,0.0,0.0,0.0,0.0,0.0,0.0,0.0,35.2,26.0,267.9,2.3
2026,Noah Gray,KC,TE,63.0,4.2,15.0,0.0,0.0,0.0,0.0,0.0,0.0,0.0,0.0,37.8,28.5,257.1,1.5
2026,Terrance Ferguson,LA,TE,60.5,4.03,15.0,0.0,0.0,0.0,0.0,0.0,0.0,0.0,0.0,33.2,21.3,257.3,2.3
2026,Darnell Washington,PIT,TE,58.4,3.9,15.0,0.0,0.0,0.0,0.0,0.0,0.0,0.0,0.0,31.8,23.9,243.8,1.7
2026,Elijah Arroyo,SEA,TE,56.8,3.79,15.0,0.0,0.0,0.0,0.0,0.0,0.0,0.0,0.0,32.2,23.9,239.5,1.5
2026,Tommy Tremble,CAR,TE,55.9,3.99,14.0,0.0,0.0,0.0,0.0,0.0,0.0,0.0,0.0,30.4,22.9,224.4,1.8
2026,Daniel Bellinger,TEN,TE,54.5,3.63,15.0,0.0,0.0,0.0,0.0,0.0,0.0,0.0,0.0,28.5,22.0,238.8,1.5
2026,Noah Fant,NO,TE,53.6,3.57,15.0,0.0,0.0,0.0,0.0,0.0,0.0,0.0,0.0,29.4,23.2,226.2,1.3
2026,Oscar Delp,NO,TE,52.9,3.53,15.0,0.0,0.0,0.0,0.0,0.0,0.0,0.0,0.0,29.3,21.6,231.3,1.4
2026,Jake Tonges,SF,TE,52.4,3.49,15.0,0.0,0.0,0.0,0.0,0.0,0.0,0.0,0.0,26.2,19.4,208.8,2.0
2026,Eli Stowers,PHI,TE,51.5,3.43,15.0,0.0,0.0,0.0,0.0,0.0,0.0,0.0,0.0,30.2,22.2,191.6,1.7
2026,Mason Taylor,NYJ,TE,50.0,3.34,15.0,0.0,0.0,0.0,0.0,0.0,0.0,0.0,0.0,27.7,20.8,220.8,1.2
2026,Austin Hooper,ATL,TE,49.6,3.31,15.0,0.0,0.0,0.0,0.0,0.0,0.0,0.0,0.0,27.2,20.2,214.9,1.3
2026,Tanner Hudson,CIN,TE,48.2,3.21,15.0,0.0,0.0,0.0,0.0,0.0,0.0,0.0,0.0,24.1,18.4,209.6,1.5
2026,Elijah Higgins,ARZ,TE,48.2,3.21,15.0,0.0,0.0,0.0,0.0,0.0,0.0,0.0,0.0,19.9,15.4,261.0,1.1
2026,Luke Musgrave,GB,TE,46.5,3.32,14.0,0.0,0.0,0.0,0.0,0.0,0.0,0.0,0.0,30.4,23.0,181.0,0.9
2026,Eli Raridon,NE,TE,45.1,3.01,15.0,0.0,0.0,0.0,0.0,0.0,0.0,0.0,0.0,27.0,20.2,160.6,1.5
2026,Josh Oliver,MIN,TE,41.1,2.74,15.0,0.0,0.0,0.0,0.0,0.0,0.0,0.0,0.0,23.6,18.0,157.3,1.3
2026,Charlie Kolar,LAC,TE,40.1,2.67,15.0,0.0,0.0,0.0,0.0,0.0,0.0,0.0,0.0,17.9,13.4,188.3,1.3
2026,Drew Sample,CIN,TE,39.7,2.65,15.0,0.0,0.0,0.0,0.0,0.0,0.0,0.0,0.0,22.4,17.6,156.4,1.1
2026,Seydou Traore,MIA,TE,39.2,2.61,15.0,0.0,0.0,0.0,0.0,0.0,0.0,0.0,0.0,20.7,15.5,161.3,1.3
2026,Joe Royer,CLV,TE,38.8,2.59,15.0,0.0,0.0,0.0,0.0,0.0,0.0,0.0,0.0,22.2,16.3,149.8,1.3
2026,Mo Alie-Cox,IND,TE,35.9,2.39,15.0,0.0,0.0,0.0,0.0,0.0,0.0,0.0,0.0,21.3,15.3,132.1,1.2
2026,Ben Sinnott,WAS,TE,34.4,2.3,15.0,0.0,0.0,0.0,0.0,0.0,0.0,0.0,0.0,18.0,13.5,138.9,1.2
2026,Luke Schoonmaker,DAL,TE,34.2,2.28,15.0,0.0,0.0,0.0,0.0,0.0,0.0,0.0,0.0,19.2,14.1,133.8,1.1
2026,Tip Reiman,ARZ,TE,34.1,2.28,15.0,0.0,0.0,0.0,0.0,0.0,0.0,0.0,0.0,14.6,10.7,163.0,1.2
2026,Brock Wright,DET,TE,33.4,2.22,15.0,0.0,0.0,0.0,0.0,0.0,0.0,0.0,0.0,19.2,14.8,121.3,1.1
2026,Max Klare,LA,TE,32.3,2.15,15.0,0.0,0.0,0.0,0.0,0.0,0.0,0.0,0.0,18.3,13.0,128.1,1.1
2026,Justin Joly,DEN,TE,32.2,2.15,15.0,0.0,0.0,0.0,0.0,0.0,0.0,0.0,0.0,16.9,12.3,136.8,1.1
2026,Sam Roush,CHI,TE,31.4,2.09,15.0,0.0,0.0,0.0,0.0,0.0,0.0,0.0,0.0,18.4,13.2,121.3,1.0
2026,Nate Boerkircher,JAX,TE,30.0,2.0,15.0,0.0,0.0,0.0,0.0,0.0,0.0,0.0,0.0,16.2,12.0,120.1,1.0
2026,John Bates,WAS,TE,29.8,1.99,15.0,0.0,0.0,0.0,0.0,0.0,0.0,0.0,0.0,16.2,12.2,117.6,1.0
2026,Cade Stover,HST,TE,29.1,1.94,15.0,0.0,0.0,0.0,0.0,0.0,0.0,0.0,0.0,19.5,14.6,99.8,0.8
2026,Adam Trautman,DEN,TE,27.9,1.86,15.0,0.0,0.0,0.0,0.0,0.0,0.0,0.0,0.0,14.2,10.7,121.2,0.9
2026,Marlin Klein,HST,TE,27.8,1.85,15.0,0.0,0.0,0.0,0.0,0.0,0.0,0.0,0.0,18.3,13.3,97.2,0.8
2026,Erick All,CIN,TE,26.9,3.36,8.0,0.0,0.0,0.0,0.0,0.0,0.0,0.0,0.0,13.3,10.2,114.1,0.9
2026,Josh Whyle,GB,TE,26.1,1.74,15.0,0.0,0.0,0.0,0.0,0.0,0.0,0.0,0.0,15.9,11.9,93.4,0.8
2026,Tyler Conklin,DET,TE,23.0,1.53,15.0,0.0,0.0,0.0,0.0,0.0,0.0,0.0,0.0,12.7,9.8,102.1,0.5
2026,Mitchell Evans,CAR,TE,21.4,1.42,15.0,0.0,0.0,0.0,0.0,0.0,0.0,0.0,0.0,10.9,8.2,91.1,0.7
2026,Durham Smythe,BLT,TE,20.5,1.37,15.0,0.0,0.0,0.0,0.0,0.0,0.0,0.0,0.0,10.5,7.9,90.4,0.6
2026,Brevyn Spann-Ford,DAL,TE,20.1,1.34,15.0,0.0,0.0,0.0,0.0,0.0,0.0,0.0,0.0,11.3,8.2,71.5,0.8
2026,Jackson Hawes,BUF,TE,20.0,1.43,14.0,0.0,0.0,0.0,0.0,0.0,0.0,0.0,0.0,10.2,7.6,78.7,0.8
2026,Ben Sims,MIA,TE,18.7,1.24,15.0,0.0,0.0,0.0,0.0,0.0,0.0,0.0,0.0,11.1,8.1,74.4,0.5
2026,Andrew Ogletree,IND,TE,18.3,1.22,15.0,0.0,0.0,0.0,0.0,0.0,0.0,0.0,0.0,8.6,6.2,74.0,0.8
2026,Julian Hill,NE,TE,18.2,1.22,15.0,0.0,0.0,0.0,0.0,0.0,0.0,0.0,0.0,11.5,8.6,65.3,0.5
2026,Ben Yurosek,MIN,TE,17.9,1.19,15.0,0.0,0.0,0.0,0.0,0.0,0.0,0.0,0.0,14.9,11.0,42.9,0.5
2026,Charlie Woerner,ATL,TE,17.4,1.16,15.0,0.0,0.0,0.0,0.0,0.0,0.0,0.0,0.0,8.0,6.0,84.1,0.5
2026,Eric Saubert,SEA,TE,16.6,1.1,15.0,0.0,0.0,0.0,0.0,0.0,0.0,0.0,0.0,9.8,7.3,65.2,0.5
2026,Davis Allen,LA,TE,15.3,1.02,15.0,0.0,0.0,0.0,0.0,0.0,0.0,0.0,0.0,8.7,6.4,53.7,0.6
2026,Kylen Granson,TEN,TE,15.2,1.01,15.0,0.0,0.0,0.0,0.0,0.0,0.0,0.0,0.0,8.9,6.7,55.1,0.5
2026,Luke Farrell,SF,TE,14.9,0.99,15.0,0.0,0.0,0.0,0.0,0.0,0.0,0.0,0.0,7.6,5.8,63.9,0.5
2026,Jack Stoll,CLV,TE,14.7,0.98,15.0,0.0,0.0,0.0,0.0,0.0,0.0,0.0,0.0,7.9,5.6,57.1,0.6
2026,Will Kacmarek,MIA,TE,13.8,0.92,15.0,0.0,0.0,0.0,0.0,0.0,0.0,0.0,0.0,7.5,5.6,54.3,0.5
2026,Brenden Bates,CLV,TE,13.0,1.62,8.0,0.0,0.0,0.0,0.0,0.0,0.0,0.0,0.0,7.2,5.1,53.4,0.4
2026,Johnny Mundt,PHI,TE,13.0,0.86,15.0,0.0,0.0,0.0,0.0,0.0,0.8,4.0,0.0,6.8,5.2,49.9,0.4
2026,Tanner Koziol,JAX,TE,12.6,0.9,14.0,0.0,0.0,0.0,0.0,0.0,0.0,0.0,0.0,6.5,4.8,50.4,0.5
2026,Nate Adkins,DEN,TE,12.5,0.89,14.0,0.0,0.0,0.0,0.0,0.0,0.0,0.0,0.0,6.9,5.2,45.0,0.5
2026,Jeremy Ruckert,NYJ,TE,12.0,0.8,15.0,0.0,0.0,0.0,0.0,0.0,0.0,0.0,0.0,6.5,5.0,52.9,0.3
2026,Foster Moreau,HST,TE,11.6,0.83,14.0,0.0,0.0,0.0,0.0,0.0,0.0,0.0,0.0,7.3,5.4,42.0,0.3
2026,Payne Durham,TB,TE,11.1,0.74,15.0,0.0,0.0,0.0,0.0,0.0,0.0,0.0,0.0,6.4,4.5,39.7,0.4
2026,Quintin Morris,JAX,TE,10.2,0.68,15.0,0.0,0.0,0.0,0.0,0.0,0.0,0.0,0.0,5.1,3.8,36.7,0.5
2026,Grant Calcaterra,PHI,TE,9.8,0.65,15.0,0.0,0.0,0.0,0.0,0.0,0.8,4.0,0.0,4.4,3.3,39.5,0.3
2026,Riley Nowakowski,PIT,TE,9.0,0.6,15.0,0.0,0.0,0.0,0.0,0.0,0.0,0.0,0.0,4.7,3.4,31.3,0.4
2026,Will Mallory,IND,TE,8.5,1.21,7.0,0.0,0.0,0.0,0.0,0.0,0.0,0.0,0.0,4.6,3.4,38.6,0.2
2026,Teagan Quitoriano,ARZ,TE,8.3,0.83,10.0,0.0,0.0,0.0,0.0,0.0,0.0,0.0,0.0,4.5,3.3,32.7,0.3
2026,Jack Westover,NE,TE,7.9,0.53,15.0,0.0,0.0,0.0,0.0,0.0,0.0,0.0,0.0,5.0,3.7,20.1,0.4
2026,Drake Dabney,GB,TE,7.3,1.04,7.0,0.0,0.0,0.0,0.0,0.0,0.4,1.9,0.0,3.6,2.5,27.5,0.3
2026,Jared Wiley,KC,TE,7.0,0.7,10.0,0.0,0.0,0.0,0.0,0.0,0.0,0.0,0.0,3.6,2.6,28.9,0.3
2026,Albert Okwuegbunam,LV,TE,6.6,1.32,5.0,0.0,0.0,0.0,0.0,0.0,0.0,0.0,0.0,3.6,2.7,28.3,0.2
2026,Keleki Latu,BUF,TE,5.4,0.54,10.0,0.0,0.0,0.0,0.0,0.0,0.0,0.0,0.0,2.6,1.9,23.2,0.2
2026,Colson Yankoff,WAS,TE,5.4,0.38,14.0,0.0,0.0,0.0,0.0,0.0,0.0,0.0,0.0,2.8,2.0,19.1,0.2
2026,David Martin-Robinson,TEN,TE,5.2,0.35,15.0,0.0,0.0,0.0,0.0,0.0,0.0,0.0,0.0,3.4,2.5,15.1,0.2
2026,Jelani Woods,NYJ,TE,4.9,0.49,10.0,0.0,0.0,0.0,0.0,0.0,0.0,0.0,0.0,2.5,1.8,22.0,0.1
2026,Joshua Simon,ATL,TE,4.9,0.49,10.0,0.0,0.0,0.0,0.0,0.0,0.0,0.0,0.0,1.5,1.1,26.5,0.2
2026,Josh Cuevas,BLT,TE,4.8,0.35,14.0,0.0,0.0,0.0,0.0,0.0,0.0,0.0,0.0,1.8,1.3,20.6,0.2
2026,Carter Runyon,LV,TE,4.4,0.44,10.0,0.0,0.0,0.0,0.0,0.0,0.0,0.0,0.0,2.5,1.8,17.3,0.1
2026,Princeton Fant,DAL,TE,3.9,0.64,6.0,0.0,0.0,0.0,0.0,0.0,0.0,0.0,0.0,2.0,1.5,14.2,0.2
2026,Hunter Long,JAX,TE,3.6,0.73,5.0,0.0,0.0,0.0,0.0,0.0,0.0,0.0,0.0,2.0,1.5,12.7,0.2
2026,Thomas Fidone II,NYG,TE,3.6,0.72,5.0,0.0,0.0,0.0,0.0,0.0,0.0,0.0,0.0,1.4,1.1,16.8,0.1
2026,Chris Manhertz,NYG,TE,3.2,0.21,15.0,0.0,0.0,0.0,0.0,0.0,0.0,0.0,0.0,1.8,1.3,11.3,0.1
2026,Gavin Bartholomew,MIN,TE,3.1,0.31,10.0,0.0,0.0,0.0,0.0,0.0,0.0,0.0,0.0,1.5,1.1,12.9,0.1
2026,Cameron Latu,PHI,TE,2.8,0.18,15.0,0.0,0.0,0.0,0.0,0.0,0.8,4.0,0.0,1.0,0.7,8.2,0.1
2026,Messiah Swinson,GB,TE,2.7,0.39,7.0,0.0,0.0,0.0,0.0,0.0,0.0,0.0,0.0,1.4,1.0,11.7,0.1
2026,Devin Culp,TB,TE,2.7,0.39,7.0,0.0,0.0,0.0,0.0,0.0,0.0,0.0,0.0,1.1,0.9,12.8,0.1
2026,Jake Briningstool,KC,TE,2.6,0.52,5.0,0.0,0.0,0.0,0.0,0.0,0.0,0.0,0.0,1.6,1.1,9.4,0.1
2026,CJ Dippre,NE,TE,2.5,0.5,5.0,0.0,0.0,0.0,0.0,0.0,0.0,0.0,0.0,1.4,1.1,8.6,0.1
2026,Stephen Carlson,CHI,TE,2.5,0.25,10.0,0.0,0.0,0.0,0.0,0.0,0.0,0.0,0.0,1.1,0.8,11.7,0.1
2026,Cam Grandy,CIN,TE,2.3,0.46,5.0,0.0,0.0,0.0,0.0,0.0,0.0,0.0,0.0,1.3,1.0,8.8,0.1
2026,Brayden Willis,SF,TE,2.3,0.45,5.0,0.0,0.0,0.0,0.0,0.0,0.0,0.0,0.0,1.5,1.1,7.5,0.1
2026,JJ Galbreath,PIT,TE,1.8,0.36,5.0,0.0,0.0,0.0,0.0,0.0,0.0,0.0,0.0,0.8,0.6,8.0,0.1
2026,Zaire Mitchell-Paden,NO,TE,1.7,0.25,7.0,0.0,0.0,0.0,0.0,0.0,0.0,0.0,0.0,1.1,0.8,5.7,0.1
2026,Nick Kallerup,SEA,TE,1.5,0.15,10.0,0.0,0.0,0.0,0.0,0.0,0.0,0.0,0.0,0.7,0.5,6.8,0.1
2026,Feleipe Franks,CAR,TE,1.5,0.3,5.0,0.0,0.0,0.0,0.0,0.0,0.0,0.0,0.0,0.6,0.4,7.0,0.1
2026,Zach Horton,DET,TE,0.9,0.17,5.0,0.0,0.0,0.0,0.0,0.0,0.0,0.0,0.0,0.5,0.4,3.7,0.0
2026,Hayden Rucci,SF,TE,0.6,0.12,5.0,0.0,0.0,0.0,0.0,0.0,0.0,0.0,0.0,0.4,0.3,2.2,0.0
2026,Ko Kieft,TB,TE,0.6,0.08,7.0,0.0,0.0,0.0,0.0,0.0,0.0,0.0,0.0,0.3,0.2,1.8,0.0
2026,Puka Nacua,LA,WR,313.6,20.91,15.0,0.0,0.0,0.0,0.0,0.0,11.9,73.8,0.5,149.2,108.7,1455.9,8.2
2026,Ja'Marr Chase,CIN,WR,285.1,19.01,15.0,0.0,0.0,0.0,0.0,0.0,3.1,18.5,0.0,145.7,102.2,1269.7,9.1
2026,Jaxon Smith-Njigba,SEA,WR,275.3,18.35,15.0,0.0,0.0,0.0,0.0,0.0,2.8,14.7,0.0,131.2,91.7,1298.8,8.8
2026,Amon-Ra St. Brown,DET,WR,267.1,17.81,15.0,0.0,0.0,0.0,0.0,0.0,3.3,18.8,0.1,137.9,94.8,1210.7,8.2
2026,CeeDee Lamb,DAL,WR,252.3,16.82,15.0,0.0,0.0,0.0,0.0,0.0,2.2,12.9,0.1,132.0,88.3,1179.1,7.5
2026,Justin Jefferson,MIN,WR,251.7,16.78,15.0,0.0,0.0,0.0,0.0,0.0,2.2,10.2,0.1,134.2,89.2,1160.5,7.6
2026,Rashee Rice,KC,WR,237.3,16.37,14.5,0.0,0.0,0.0,0.0,0.0,5.8,28.8,0.3,121.6,87.3,1020.8,7.4
2026,Drake London,ATL,WR,232.2,15.48,15.0,0.0,0.0,0.0,0.0,0.0,0.0,0.0,0.0,133.6,86.4,1055.2,6.8
2026,Chris Olave,NO,WR,219.3,14.62,15.0,0.0,0.0,0.0,0.0,0.0,1.3,6.5,0.0,125.1,81.9,1034.1,5.6
2026,Nico Collins,HST,WR,218.1,14.54,15.0,0.0,0.0,0.0,0.0,0.0,0.7,4.0,0.0,116.9,74.6,1059.5,6.2
2026,Tee Higgins,CIN,WR,217.2,14.48,15.0,0.0,0.0,0.0,0.0,0.0,0.0,0.0,0.0,107.4,69.9,974.2,8.4
2026,George Pickens,DAL,WR,217.2,14.98,14.5,0.0,0.0,0.0,0.0,0.0,1.7,9.2,0.1,111.9,74.6,1023.8,6.6
2026,Garrett Wilson,NYJ,WR,217.1,14.47,15.0,0.0,0.0,0.0,0.0,0.0,2.4,9.7,0.0,125.7,82.9,966.1,6.2
2026,A.J. Brown,NE,WR,216.4,14.43,15.0,0.0,0.0,0.0,0.0,0.0,2.5,13.1,0.1,106.8,70.1,1058.9,6.5
2026,DeVonta Smith,PHI,WR,212.0,14.13,15.0,0.0,0.0,0.0,0.0,0.0,0.0,0.0,0.0,118.2,79.3,961.6,6.1
2026,Zay Flowers,BLT,WR,211.4,14.1,15.0,0.0,0.0,0.0,0.0,0.0,5.6,33.2,0.1,105.7,71.4,1030.0,5.6
2026,Davante Adams,LA,WR,205.9,13.73,15.0,0.0,0.0,0.0,0.0,0.0,0.0,0.0,0.0,117.3,69.6,874.4,8.2
2026,Ladd McConkey,LAC,WR,198.2,13.22,15.0,0.0,0.0,0.0,0.0,0.0,0.0,0.0,0.0,106.8,70.0,947.7,5.7
2026,Terry McLaurin,WAS,WR,197.7,13.18,15.0,0.0,0.0,0.0,0.0,0.0,0.0,0.0,0.0,102.7,65.9,958.6,6.0
2026,Jameson Williams,DET,WR,195.4,13.03,15.0,0.0,0.0,0.0,0.0,0.0,6.0,32.4,0.2,88.6,57.2,974.3,6.1
2026,Mike Evans,SF,WR,194.7,12.98,15.0,0.0,0.0,0.0,0.0,0.0,0.0,0.0,0.0,98.5,62.1,863.3,7.7
2026,Emeka Egbuka,TB,WR,193.2,12.88,15.0,0.0,0.0,0.0,0.0,0.0,1.8,10.1,0.0,113.8,65.7,882.9,6.4
2026,Jaylen Waddle,DEN,WR,187.8,12.52,15.0,0.0,0.0,0.0,0.0,0.0,1.7,10.2,0.0,104.8,65.9,888.0,5.4
2026,Christian Watson,GB,WR,185.5,13.25,14.0,0.0,0.0,0.0,0.0,0.0,1.6,8.9,0.1,92.6,57.1,894.8,6.3
2026,Tetairoa McMillan,CAR,WR,185.0,12.34,15.0,0.0,0.0,0.0,0.0,0.0,0.0,0.0,0.0,105.5,66.4,858.6,5.5
2026,DJ Moore,BUF,WR,184.1,12.27,15.0,0.0,0.0,0.0,0.0,0.0,8.2,48.3,0.2,104.8,67.9,776.6,5.5
2026,Brian Thomas Jr.,JAX,WR,182.5,12.17,15.0,0.0,0.0,0.0,0.0,0.0,2.5,15.8,0.2,101.6,63.0,841.4,5.4
2026,Parker Washington,JAX,WR,182.5,12.16,15.0,0.0,0.0,0.0,0.0,0.0,5.6,28.7,0.2,100.2,63.4,837.0,5.3
2026,Jakobi Meyers,JAX,WR,182.3,12.15,15.0,0.0,0.0,0.0,0.0,0.0,3.5,17.5,0.1,103.3,69.8,817.0,4.8
2026,Rome Odunze,CHI,WR,181.7,12.11,15.0,0.0,0.0,0.0,0.0,0.0,0.0,0.0,0.0,109.1,62.0,840.7,6.0
2026,DK Metcalf,PIT,WR,180.4,12.03,15.0,0.0,0.0,0.0,0.0,0.0,1.3,7.8,0.0,104.1,64.7,809.4,5.7
2026,Michael Pittman,PIT,WR,180.1,12.01,15.0,0.0,0.0,0.0,0.0,0.0,0.0,0.0,0.0,116.6,78.0,723.5,5.0
2026,Courtland Sutton,DEN,WR,176.1,11.74,15.0,0.0,0.0,0.0,0.0,0.0,0.0,0.0,0.0,98.2,61.5,798.5,5.9
2026,Luther Burden III,CHI,WR,174.6,11.64,15.0,0.0,0.0,0.0,0.0,0.0,6.7,35.3,0.0,94.3,63.2,806.7,4.6
2026,Carnell Tate,TEN,WR,171.7,11.45,15.0,0.0,0.0,0.0,0.0,0.0,0.0,0.0,0.0,105.8,68.2,752.2,4.8
2026,Jayden Reed,GB,WR,167.8,11.19,15.0,0.0,0.0,0.0,0.0,0.0,11.8,76.7,0.4,81.1,55.9,734.7,4.7
2026,Jordyn Tyson,NO,WR,165.4,11.4,14.5,0.0,0.0,0.0,0.0,0.0,0.0,0.0,0.0,101.5,66.4,748.2,4.2
2026,Alec Pierce,IND,WR,163.9,11.71,14.0,0.0,0.0,0.0,0.0,0.0,0.0,0.0,0.0,95.0,54.8,813.3,4.7
2026,Jordan Addison,MIN,WR,163.6,10.91,15.0,0.0,0.0,0.0,0.0,0.0,2.5,16.7,0.1,90.0,57.4,757.5,4.8
2026,Wan'Dale Robinson,TEN,WR,161.0,10.73,15.0,0.0,0.0,0.0,0.0,0.0,2.7,14.2,0.0,100.4,67.3,716.3,3.4
2026,Josh Downs,IND,WR,160.2,10.68,15.0,0.0,0.0,0.0,0.0,0.0,1.4,7.0,0.0,94.0,64.5,702.6,4.2
2026,Quentin Johnston,LAC,WR,158.7,10.58,15.0,0.0,0.0,0.0,0.0,0.0,2.4,11.4,0.1,91.2,57.5,683.2,5.3
2026,Chris Godwin Jr.,TB,WR,157.2,10.48,15.0,0.0,0.0,0.0,0.0,0.0,0.0,0.0,0.0,87.7,61.3,710.9,4.2
2026,Romeo Doubs,NE,WR,155.2,10.35,15.0,0.0,0.0,0.0,0.0,0.0,0.0,0.0,0.0,77.7,52.6,742.4,4.8
2026,Marvin Harrison Jr.,ARZ,WR,154.2,10.28,15.0,0.0,0.0,0.0,0.0,0.0,0.0,0.0,0.0,99.9,58.8,691.6,4.4
2026,Makai Lemon,PHI,WR,152.8,10.18,15.0,0.0,0.0,0.0,0.0,0.0,0.0,0.0,0.0,88.4,58.7,695.4,4.2
2026,Malik Nabers,NYG,WR,151.4,13.77,11.0,0.0,0.0,0.0,0.0,0.0,0.0,0.0,0.0,88.8,56.3,678.5,4.6
2026,Cooper Kupp,SEA,WR,148.6,9.9,15.0,0.0,0.0,0.0,0.0,0.0,0.2,0.5,0.0,78.0,54.0,737.9,3.5
2026,Michael Wilson,ARZ,WR,147.2,9.81,15.0,0.0,0.0,0.0,0.0,0.0,0.0,0.0,0.0,91.9,57.2,661.6,4.0
2026,Xavier Worthy,KC,WR,147.0,9.8,15.0,0.0,0.0,0.0,0.0,0.0,12.8,73.6,0.4,81.9,51.3,606.6,4.2
2026,Stefon Diggs,FA,WR,142.1,9.48,15.0,0.0,0.0,0.0,0.0,0.0,0.0,0.0,0.0,79.2,54.6,651.2,3.8
2026,Jayden Higgins,HST,WR,141.7,9.45,15.0,0.0,0.0,0.0,0.0,0.0,0.0,0.0,0.0,83.4,53.2,645.2,4.0
2026,Khalil Shakir,BUF,WR,141.5,9.44,15.0,0.0,0.0,0.0,0.0,0.0,0.7,3.9,0.0,74.9,56.1,632.8,3.7
2026,Deebo Samuel Sr.,FA,WR,139.1,9.28,15.0,0.0,0.0,0.0,0.0,0.0,15.3,68.6,0.5,72.3,50.2,602.3,3.2
2026,Ricky Pearsall,SF,WR,137.4,9.16,15.0,0.0,0.0,0.0,0.0,0.0,2.6,12.6,0.0,74.2,47.5,672.2,3.6
2026,Jerry Jeudy,CLV,WR,133.6,8.9,15.0,0.0,0.0,0.0,0.0,0.0,0.6,3.4,0.0,88.5,52.9,589.0,3.6
2026,Matthew Golden,GB,WR,132.6,8.84,15.0,0.0,0.0,0.0,0.0,0.0,7.0,36.4,0.1,68.3,43.9,615.7,3.9
2026,Jauan Jennings,MIN,WR,130.5,8.7,15.0,0.0,0.0,0.0,0.0,0.0,0.0,0.0,0.0,72.9,47.6,608.0,3.7
2026,Ryan Flournoy,DAL,WR,129.8,8.65,15.0,0.0,0.0,0.0,0.0,0.0,2.6,14.5,0.0,64.7,44.1,610.2,3.9
2026,Jalen McMillan,TB,WR,129.7,9.27,14.0,0.0,0.0,0.0,0.0,0.0,2.4,13.2,0.0,69.1,43.7,594.1,4.2
2026,KC Concepcion,CLV,WR,128.6,8.57,15.0,0.0,0.0,0.0,0.0,0.0,0.0,0.0,0.0,84.2,52.5,563.8,3.4
2026,Tre Tucker,LV,WR,127.5,8.5,15.0,0.0,0.0,0.0,0.0,0.0,7.5,43.6,0.2,67.2,41.3,596.0,3.5
2026,Jalen Nailor,LV,WR,127.2,8.48,15.0,0.0,0.0,0.0,0.0,0.0,2.4,12.4,0.0,70.9,44.6,599.0,3.6
2026,Omar Cooper Jr.,NYJ,WR,125.9,8.39,15.0,0.0,0.0,0.0,0.0,0.0,0.0,0.0,0.0,70.9,46.4,583.5,3.6
2026,Jalen Coker,CAR,WR,125.7,8.98,14.0,0.0,0.0,0.0,0.0,0.0,0.0,0.0,0.0,73.8,49.9,585.5,2.9
2026,Rashid Shaheed,SEA,WR,124.2,8.28,15.0,0.0,0.0,0.0,0.0,0.0,7.0,40.0,0.2,69.2,44.2,567.1,3.1
2026,Antonio Williams,WAS,WR,119.4,7.96,15.0,0.0,0.0,0.0,0.0,0.0,0.0,0.0,0.0,72.9,47.7,535.0,3.1
2026,Dontayvion Wicks,PHI,WR,118.7,7.92,15.0,0.0,0.0,0.0,0.0,0.0,0.0,0.0,0.0,55.8,35.4,612.1,3.7
2026,Adonai Mitchell,NYJ,WR,114.5,7.63,15.0,0.0,0.0,0.0,0.0,0.0,1.7,7.1,0.0,71.8,42.4,529.7,3.1
2026,Rashod Bateman,BLT,WR,112.2,7.48,15.0,0.0,0.0,0.0,0.0,0.0,0.0,0.0,0.0,58.5,35.3,533.3,4.0
2026,Germie Bernard,PIT,WR,106.2,7.08,15.0,0.0,0.0,0.0,0.0,0.0,0.0,0.0,0.0,58.2,37.5,502.8,3.1
2026,Jaylin Noel,HST,WR,103.8,6.92,15.0,0.0,0.0,0.0,0.0,0.0,2.6,13.5,0.0,56.8,38.0,465.4,3.0
2026,KaVontae Turpin,DAL,WR,102.0,6.8,15.0,0.0,0.0,0.0,0.0,0.0,15.5,90.1,0.4,44.3,30.6,430.8,2.9
2026,Calvin Ridley,TEN,WR,96.8,6.45,15.0,0.0,0.0,0.0,0.0,0.0,0.0,0.0,0.0,54.7,31.2,489.2,2.8
2026,Malik Washington,MIA,WR,94.7,6.31,15.0,0.0,0.0,0.0,0.0,0.0,9.3,54.5,0.3,54.8,39.8,350.8,2.1
2026,Devaughn Vele,NO,WR,93.5,6.68,14.0,0.0,0.0,0.0,0.0,0.0,0.0,0.0,0.0,54.7,36.3,415.8,2.6
2026,Keenan Allen,LAC,WR,92.4,6.6,14.0,0.0,0.0,0.0,0.0,0.0,0.0,0.0,0.0,59.7,40.2,375.8,2.5
2026,Kendrick Bourne,ARZ,WR,91.6,6.1,15.0,0.0,0.0,0.0,0.0,0.0,0.9,5.1,0.0,49.3,31.9,443.0,2.5
2026,Marvin Mims Jr.,DEN,WR,90.5,6.04,15.0,0.0,0.0,0.0,0.0,0.0,10.7,58.8,0.3,47.5,33.8,361.8,2.2
2026,Isaac TeSlaa,DET,WR,87.6,5.84,15.0,0.0,0.0,0.0,0.0,0.0,0.0,0.0,0.0,47.1,29.1,410.8,2.9
2026,Caleb Douglas,MIA,WR,86.8,5.78,15.0,0.0,0.0,0.0,0.0,0.0,0.0,0.0,0.0,49.0,31.1,433.8,2.1
2026,Denzel Boston,CLV,WR,84.9,5.66,15.0,0.0,0.0,0.0,0.0,0.0,0.0,0.0,0.0,55.4,34.6,371.9,2.3
2026,Darius Slayton,NYG,WR,84.4,5.63,15.0,0.0,0.0,0.0,0.0,0.0,0.0,0.0,0.0,45.8,27.7,422.5,2.4
2026,Troy Franklin,DEN,WR,83.8,5.59,15.0,0.0,0.0,0.0,0.0,0.0,2.8,12.9,0.0,47.4,29.5,360.8,2.8
2026,Darnell Mooney,NYG,WR,83.5,5.57,15.0,0.0,0.0,0.0,0.0,0.0,0.0,0.0,0.0,51.2,30.8,399.6,2.1
2026,Christian Kirk,SF,WR,79.8,5.32,15.0,0.0,0.0,0.0,0.0,0.0,0.0,0.0,0.0,45.5,30.0,370.6,2.2
2026,Tyquan Thornton,KC,WR,79.6,5.3,15.0,0.0,0.0,0.0,0.0,0.0,0.0,0.0,0.0,40.6,22.0,405.9,2.8
2026,Andrei Iosivas,CIN,WR,78.7,5.25,15.0,0.0,0.0,0.0,0.0,0.0,0.9,5.1,0.0,49.7,31.0,320.9,2.5
2026,Josh Palmer,BUF,WR,77.3,5.16,15.0,0.0,0.0,0.0,0.0,0.0,0.0,0.0,0.0,44.3,29.3,352.1,2.2
2026,Chris Bell,MIA,WR,76.0,5.85,13.0,0.0,0.0,0.0,0.0,0.0,0.0,0.0,0.0,42.5,27.8,375.9,1.8
2026,Pat Bryant,DEN,WR,75.4,5.03,15.0,0.0,0.0,0.0,0.0,0.0,0.0,0.0,0.0,41.7,27.2,361.0,2.0
2026,Kalif Raymond,CHI,WR,74.6,4.97,15.0,0.0,0.0,0.0,0.0,0.0,0.0,0.0,0.0,38.5,26.1,369.7,1.9
2026,Zachariah Branch,ATL,WR,73.0,4.87,15.0,0.0,0.0,0.0,0.0,0.0,4.0,23.0,0.2,41.0,26.0,326.2,1.9
2026,Xavier Hutchinson,HST,WR,71.9,4.79,15.0,0.0,0.0,0.0,0.0,0.0,1.8,11.2,0.0,44.6,27.0,320.1,2.0
2026,Olamide Zaccheaus,ATL,WR,71.9,4.79,15.0,0.0,0.0,0.0,0.0,0.0,0.0,0.0,0.0,50.7,32.2,284.5,1.9
2026,Jahan Dotson,ATL,WR,71.2,4.75,15.0,0.0,0.0,0.0,0.0,0.0,0.0,0.0,0.0,48.3,28.3,314.3,1.9
2026,De'Zhaun Stribling,SF,WR,69.8,4.66,15.0,0.0,0.0,0.0,0.0,0.0,0.0,0.0,0.0,39.5,25.8,323.2,2.0
2026,Xavier Legette,CAR,WR,69.0,4.6,15.0,0.0,0.0,0.0,0.0,0.0,2.5,13.3,0.0,47.6,28.6,273.3,2.0
2026,Tre Harris,LAC,WR,68.6,4.58,15.0,0.0,0.0,0.0,0.0,0.0,2.4,14.0,0.1,35.2,23.7,318.3,1.9
2026,Chris Brazzell II,CAR,WR,68.3,4.55,15.0,0.0,0.0,0.0,0.0,0.0,0.0,0.0,0.0,37.7,23.5,337.3,1.9
2026,Nick Westbrook-Ikhine,IND,WR,66.9,4.46,15.0,0.0,0.0,0.0,0.0,0.0,0.0,0.0,0.0,45.8,27.9,281.6,1.8
2026,Chimere Dike,TEN,WR,65.0,4.34,15.0,0.0,0.0,0.0,0.0,0.0,9.8,38.6,0.3,32.6,21.1,261.1,2.0
2026,Elijah Sarratt,BLT,WR,63.7,6.37,10.0,0.0,0.0,0.0,0.0,0.0,0.0,0.0,0.0,34.5,22.5,309.4,1.7
2026,Colbie Young,CIN,WR,63.3,4.22,15.0,0.0,0.0,0.0,0.0,0.0,0.0,0.0,0.0,35.0,22.2,298.9,1.9
2026,Zavion Thomas,CHI,WR,63.3,4.22,15.0,0.0,0.0,0.0,0.0,0.0,11.8,68.4,0.2,29.9,18.6,279.4,1.5
2026,DeMario Douglas,NE,WR,62.3,4.15,15.0,0.0,0.0,0.0,0.0,0.0,3.6,18.8,0.0,29.1,20.1,310.0,1.6
2026,Jack Bech,LV,WR,62.3,4.16,15.0,0.0,0.0,0.0,0.0,0.0,0.0,0.0,0.0,36.0,22.9,295.9,1.7
2026,Tutu Atwell,MIA,WR,60.7,4.34,14.0,0.0,0.0,0.0,0.0,0.0,0.0,0.0,0.0,31.7,19.6,317.0,1.6
2026,Ja'Kobi Lane,BLT,WR,60.5,4.03,15.0,0.0,0.0,0.0,0.0,0.0,0.0,0.0,0.0,31.3,19.9,306.9,1.7
2026,Keon Coleman,BUF,WR,58.1,3.88,15.0,0.0,0.0,0.0,0.0,0.0,0.0,0.0,0.0,33.3,20.4,270.4,1.8
2026,Greg Dortch,DET,WR,57.6,4.8,12.0,0.0,0.0,0.0,0.0,0.0,2.4,14.0,0.0,34.9,24.6,230.9,1.4
2026,Calvin Austin III,NYG,WR,57.2,3.81,15.0,0.0,0.0,0.0,0.0,0.0,0.0,0.0,0.0,35.3,22.1,255.6,1.6
2026,Kayshon Boutte,NE,WR,56.7,3.78,15.0,0.0,0.0,0.0,0.0,0.0,0.0,0.0,0.0,28.2,18.2,286.2,1.7
2026,Malachi Fields,NYG,WR,56.5,3.77,15.0,0.0,0.0,0.0,0.0,0.0,0.0,0.0,0.0,33.6,21.7,256.6,1.6
2026,Elic Ayomanor,TEN,WR,55.6,3.71,15.0,0.0,0.0,0.0,0.0,0.0,0.0,0.0,0.0,36.4,21.0,242.4,1.7
2026,Jalen Royals,KC,WR,55.5,3.7,15.0,0.0,0.0,0.0,0.0,0.0,0.0,0.0,0.0,37.3,24.4,216.3,1.6
2026,Tory Horton,SEA,WR,54.4,3.89,14.0,0.0,0.0,0.0,0.0,0.0,0.0,0.0,0.0,29.2,18.0,276.5,1.5
2026,Treylon Burks,WAS,WR,54.3,5.43,10.0,0.0,0.0,0.0,0.0,0.0,0.0,0.0,0.0,35.0,20.0,239.4,1.7
2026,Ted Hurst III,TB,WR,51.0,3.4,15.0,0.0,0.0,0.0,0.0,0.0,0.0,0.0,0.0,27.3,17.3,235.8,1.7
2026,Bryce Lance,NO,WR,50.7,3.38,15.0,0.0,0.0,0.0,0.0,0.0,0.0,0.0,0.0,35.1,21.9,211.1,1.3
2026,Tez Johnson,TB,WR,49.5,3.3,15.0,0.0,0.0,0.0,0.0,0.0,6.5,32.3,0.1,27.1,17.9,189.1,1.5
2026,Skyler Bell,BUF,WR,49.3,3.29,15.0,0.0,0.0,0.0,0.0,0.0,0.0,0.0,0.0,25.9,16.2,242.8,1.5
2026,Jaylin Lane,WAS,WR,48.2,3.21,15.0,0.0,0.0,0.0,0.0,0.0,1.8,10.7,0.0,27.7,17.7,218.6,1.3
2026,Mack Hollins,NE,WR,47.9,3.19,15.0,0.0,0.0,0.0,0.0,0.0,0.0,0.0,0.0,24.4,16.2,236.3,1.4
2026,Roman Wilson,PIT,WR,47.8,3.41,14.0,0.0,0.0,0.0,0.0,0.0,0.0,0.0,0.0,30.7,18.5,208.4,1.4
2026,Travis Hunter,JAX,WR,47.0,3.36,14.0,0.0,0.0,0.0,0.0,0.0,2.4,12.9,0.1,24.6,15.9,208.2,1.4
2026,Kevin Coleman Jr.,MIA,WR,46.9,3.35,14.0,0.0,0.0,0.0,0.0,0.0,0.0,0.0,0.0,29.9,19.6,200.2,1.3
2026,Savion Williams,GB,WR,46.6,3.33,14.0,0.0,0.0,0.0,0.0,0.0,11.2,51.7,0.1,17.5,11.6,202.9,1.5
2026,Luke McCaffrey,WAS,WR,45.0,3.0,15.0,0.0,0.0,0.0,0.0,0.0,0.0,0.0,0.0,27.4,18.5,181.8,1.4
2026,Jalen Tolbert,MIA,WR,43.3,3.09,14.0,0.0,0.0,0.0,0.0,0.0,0.0,0.0,0.0,23.5,14.7,209.6,1.3
2026,Cyrus Allen,KC,WR,42.8,2.85,15.0,0.0,0.0,0.0,0.0,0.0,0.0,0.0,0.0,23.3,14.3,205.1,1.4
2026,Marquise Brown,PHI,WR,40.9,2.92,14.0,0.0,0.0,0.0,0.0,0.0,0.0,0.0,0.0,23.8,15.2,190.4,1.1
2026,Jordan Whittington,LA,WR,40.8,2.72,15.0,0.0,0.0,0.0,0.0,0.0,2.7,13.3,0.1,20.0,14.7,185.3,1.0
2026,Konata Mumpfield,LA,WR,40.1,2.68,15.0,0.0,0.0,0.0,0.0,0.0,0.0,0.0,0.0,22.5,13.2,204.2,1.1
2026,Isaiah Bond,CLV,WR,38.7,2.58,15.0,0.0,0.0,0.0,0.0,0.0,4.2,24.1,0.0,20.1,11.7,192.8,0.9
2026,Van Jefferson,WAS,WR,38.0,2.53,15.0,0.0,0.0,0.0,0.0,0.0,0.0,0.0,0.0,25.3,14.9,172.8,1.0
2026,Tank Dell,HST,WR,37.3,4.14,9.0,0.0,0.0,0.0,0.0,0.0,0.0,0.0,0.0,22.0,13.9,161.3,1.2
2026,Isaiah Williams,NYJ,WR,36.8,2.63,14.0,0.0,0.0,0.0,0.0,0.0,1.6,9.3,0.0,21.8,16.0,141.1,1.0
2026,Xavier Smith,LA,WR,35.5,2.37,15.0,0.0,0.0,0.0,0.0,0.0,0.0,0.0,0.0,19.1,12.7,177.7,0.8
2026,Ashton Dulin,IND,WR,34.5,2.3,15.0,0.0,0.0,0.0,0.0,0.0,3.9,24.5,0.0,16.1,10.1,172.8,0.8
2026,John Metchie III,CAR,WR,33.9,2.42,14.0,0.0,0.0,0.0,0.0,0.0,0.0,0.0,0.0,23.9,16.4,129.4,0.8
2026,Cedric Tillman,CLV,WR,32.8,2.52,13.0,0.0,0.0,0.0,0.0,0.0,0.0,0.0,0.0,19.5,12.1,160.2,0.8
2026,Reggie Virgil,ARZ,WR,28.1,1.88,15.0,0.0,0.0,0.0,0.0,0.0,0.0,0.0,0.0,18.2,11.4,125.8,0.7
2026,Bo Melton,GB,WR,27.7,2.13,13.0,0.0,0.0,0.0,0.0,0.0,4.7,30.6,0.0,17.9,10.1,101.4,0.7
2026,Deion Burks,IND,WR,27.6,1.97,14.0,0.0,0.0,0.0,0.0,0.0,0.0,0.0,0.0,14.6,9.6,143.4,0.6
2026,Jimmy Horn Jr.,CAR,WR,27.1,1.94,14.0,0.0,0.0,0.0,0.0,0.0,6.0,37.8,0.0,13.7,9.0,104.7,0.6
2026,Dont'e Thornton Jr.,LV,WR,26.4,1.76,15.0,0.0,0.0,0.0,0.0,0.0,0.0,0.0,0.0,16.2,10.0,125.2,0.7
2026,Mitchell Tinsley,CIN,WR,25.9,1.72,15.0,0.0,0.0,0.0,0.0,0.0,0.0,0.0,0.0,15.5,9.6,111.0,0.9
2026,Devontez Walker,BLT,WR,21.7,1.45,15.0,0.0,0.0,0.0,0.0,0.0,0.0,0.0,0.0,10.8,7.1,107.2,0.6
2026,CJ Daniels,LA,WR,20.1,1.34,15.0,0.0,0.0,0.0,0.0,0.0,0.0,0.0,0.0,12.1,7.5,90.9,0.6
2026,Tai Felton,MIN,WR,18.7,1.25,15.0,0.0,0.0,0.0,0.0,0.0,0.0,0.0,0.0,10.0,6.6,88.0,0.6
2026,Xavier Weaver,ARZ,WR,18.1,1.21,15.0,0.0,0.0,0.0,0.0,0.0,0.0,0.0,0.0,7.7,4.9,97.8,0.6
2026,Arian Smith,NYJ,WR,18.0,1.2,15.0,0.0,0.0,0.0,0.0,0.0,2.5,13.4,0.0,10.1,6.5,72.0,0.5
2026,Demarcus Robinson,SF,WR,17.8,1.37,13.0,0.0,0.0,0.0,0.0,0.0,0.0,0.0,0.0,11.0,6.9,83.1,0.4
2026,Brenen Thompson,LAC,WR,17.0,1.13,15.0,0.0,0.0,0.0,0.0,0.0,0.0,0.0,0.0,9.4,5.8,83.6,0.5
2026,KeAndre Lambert-Smith,LAC,WR,15.3,1.27,12.0,0.0,0.0,0.0,0.0,0.0,0.0,0.0,0.0,9.2,5.8,69.9,0.4
2026,Malik Benson,LV,WR,14.5,0.96,15.0,0.0,0.0,0.0,0.0,0.0,0.0,0.0,0.0,9.1,5.6,66.7,0.4
2026,Emmanuel Henderson Jr.,SEA,WR,14.4,0.96,15.0,0.0,0.0,0.0,0.0,0.0,0.0,0.0,0.0,6.4,4.0,75.5,0.5
2026,Kyle Williams,NE,WR,14.2,0.95,15.0,0.0,0.0,0.0,0.0,0.0,1.4,7.5,0.0,7.3,4.3,62.3,0.5
2026,Mason Tipton,NO,WR,13.0,0.93,14.0,0.0,0.0,0.0,0.0,0.0,2.2,11.3,0.0,8.7,5.5,45.6,0.3
2026,Jonathan Mingo,DAL,WR,12.7,1.27,10.0,0.0,0.0,0.0,0.0,0.0,0.0,0.0,0.0,9.7,5.7,46.3,0.4
2026,Marquez Valdes-Scantling,DAL,WR,12.5,2.08,6.0,0.0,0.0,0.0,0.0,0.0,1.0,5.3,0.0,6.6,4.2,50.4,0.4
2026,Jahdae Walker,CHI,WR,11.8,0.84,14.0,0.0,0.0,0.0,0.0,0.0,0.0,0.0,0.0,5.6,3.6,62.3,0.3
2026,Austin Trammell,JAX,WR,11.1,1.11,10.0,0.0,0.0,0.0,0.0,0.0,0.0,0.0,0.0,6.8,4.2,50.9,0.3
2026,Anthony Gould,IND,WR,10.9,1.09,10.0,0.0,0.0,0.0,0.0,0.0,0.0,0.0,0.0,6.2,4.1,53.9,0.2
2026,Tyrell Shavers,BUF,WR,10.7,2.13,5.0,0.0,0.0,0.0,0.0,0.0,0.0,0.0,0.0,5.3,3.5,53.0,0.3
2026,Tylan Wallace,CLV,WR,10.5,0.75,14.0,0.0,0.0,0.0,0.0,0.0,0.0,0.0,0.0,5.3,3.2,55.3,0.3
2026,Mecole Hardman,BUF,WR,10.5,1.05,10.0,0.0,0.0,0.0,0.0,0.0,2.4,14.2,0.0,5.3,3.5,39.9,0.2
2026,Kameron Johnson,TB,WR,10.1,1.01,10.0,0.0,0.0,0.0,0.0,0.0,0.0,0.0,0.0,6.2,3.5,47.2,0.3
2026,Ja'Lynn Polk,NO,WR,10.1,0.78,13.0,0.0,0.0,0.0,0.0,0.0,0.0,0.0,0.0,6.3,4.2,41.9,0.3
2026,Myles Price,MIN,WR,9.7,0.69,14.0,0.0,0.0,0.0,0.0,0.0,0.0,0.0,0.0,5.6,3.6,39.5,0.4
2026,Derius Davis,LAC,WR,9.5,0.79,12.0,0.0,0.0,0.0,0.0,0.0,5.5,32.7,0.2,2.7,1.8,23.2,0.2
2026,Ben Skowronek,PIT,WR,9.5,0.68,14.0,0.0,0.0,0.0,0.0,0.0,0.0,0.0,0.0,6.8,4.4,37.2,0.2
2026,Jordan Watkins,SF,WR,9.4,0.67,14.0,0.0,0.0,0.0,0.0,0.0,0.0,0.0,0.0,4.8,3.1,49.4,0.2
2026,Dareke Young,LV,WR,9.3,0.93,10.0,0.0,0.0,0.0,0.0,0.0,0.0,0.0,0.0,5.4,3.4,45.0,0.2
2026,Lil'Jordan Humphrey,DEN,WR,8.6,0.86,10.0,0.0,0.0,0.0,0.0,0.0,0.0,0.0,0.0,4.9,3.1,36.0,0.3
2026,LaJohntay Wester,BLT,WR,8.5,0.61,14.0,0.0,0.0,0.0,0.0,0.0,0.0,0.0,0.0,3.7,2.3,42.9,0.3
2026,Tim Patrick,NYJ,WR,8.3,1.67,5.0,0.0,0.0,0.0,0.0,0.0,0.8,4.7,0.0,3.6,2.2,36.8,0.3
2026,Darius Cooper,PHI,WR,8.3,0.55,15.0,0.0,0.0,0.0,0.0,0.0,0.0,0.0,0.0,4.9,3.2,35.2,0.3
2026,Malachi Corley,CLV,WR,8.2,1.02,8.0,0.0,0.0,0.0,0.0,0.0,4.5,35.4,0.1,2.3,1.5,18.8,0.1
2026,Tim Jones,JAX,WR,7.7,0.77,10.0,0.0,0.0,0.0,0.0,0.0,0.0,0.0,0.0,4.5,2.9,35.2,0.2
2026,Laquon Treadwell,IND,WR,7.7,0.77,10.0,0.0,0.0,0.0,0.0,0.0,0.0,0.0,0.0,4.6,3.0,36.9,0.2
2026,C.J. Williams,JAX,WR,7.2,0.48,15.0,0.0,0.0,0.0,0.0,0.0,0.0,0.0,0.0,3.7,2.4,33.9,0.2
2026,Jalen Brooks,ARZ,WR,6.5,0.65,10.0,0.0,0.0,0.0,0.0,0.0,0.0,0.0,0.0,2.2,1.4,33.4,0.3
2026,Kevin Austin Jr.,NO,WR,6.5,0.65,10.0,0.0,0.0,0.0,0.0,0.0,1.1,6.3,0.0,3.5,2.1,26.0,0.2
2026,Jake Bobo,SEA,WR,6.4,0.46,14.0,0.0,0.0,0.0,0.0,0.0,0.0,0.0,0.0,2.4,1.6,34.2,0.2
2026,Dyami Brown,WAS,WR,5.9,0.42,14.0,0.0,0.0,0.0,0.0,0.0,0.0,0.0,0.0,3.3,1.9,28.3,0.2
2026,Skyy Moore,GB,WR,5.4,0.77,7.0,0.0,0.0,0.0,0.0,0.0,0.0,0.0,0.0,2.5,1.5,29.8,0.2
2026,Isaiah Hodgins,NYG,WR,5.1,0.51,10.0,0.0,0.0,0.0,0.0,0.0,0.0,0.0,0.0,2.7,1.7,23.6,0.2
2026,Devin Duvernay,ARZ,WR,4.2,0.35,12.0,0.0,0.0,0.0,0.0,0.0,0.0,0.0,0.0,1.1,0.7,24.2,0.2
2026,Theo Wease Jr.,MIA,WR,4.2,0.84,5.0,0.0,0.0,0.0,0.0,0.0,0.0,0.0,0.0,2.0,1.3,21.6,0.1
2026,Nikko Remigio,KC,WR,3.9,0.39,10.0,0.0,0.0,0.0,0.0,0.0,0.0,0.0,0.0,2.6,1.6,16.8,0.1
2026,Jacob Cowing,SF,WR,3.7,0.29,13.0,0.0,0.0,0.0,0.0,0.0,1.7,9.6,0.0,1.9,1.2,11.2,0.1
2026,Beaux Collins,NYG,WR,3.6,0.36,10.0,0.0,0.0,0.0,0.0,0.0,0.0,0.0,0.0,1.7,1.1,18.0,0.1
2026,Jason Brownlee,KC,WR,3.6,0.73,5.0,0.0,0.0,0.0,0.0,0.0,0.0,0.0,0.0,2.4,1.5,14.6,0.1
2026,Kaden Wetjen,PIT,WR,3.5,0.35,10.0,0.0,0.0,0.0,0.0,0.0,0.0,0.0,0.0,1.9,1.1,14.8,0.2
2026,Scott Miller,CHI,WR,3.4,0.68,5.0,0.0,0.0,0.0,0.0,0.0,0.0,0.0,0.0,1.8,1.3,16.1,0.1
2026,Dylan Drummond,ATL,WR,2.8,0.28,10.0,0.0,0.0,0.0,0.0,0.0,0.0,0.0,0.0,1.8,1.2,12.7,0.1
2026,Mason Kinsey,TEN,WR,2.6,0.26,10.0,0.0,0.0,0.0,0.0,0.0,0.0,0.0,0.0,1.0,0.7,13.2,0.1
2026,Elijah Moore,PHI,WR,2.4,0.48,5.0,0.0,0.0,0.0,0.0,0.0,0.0,0.0,0.0,1.5,0.9,9.2,0.1
2026,Dominic Lovett,DET,WR,2.4,0.34,7.0,0.0,0.0,0.0,0.0,0.0,0.0,0.0,0.0,1.5,1.0,10.5,0.1
2026,A.T. Perry,PIT,WR,2.2,0.44,5.0,0.0,0.0,0.0,0.0,0.0,0.0,0.0,0.0,1.2,0.8,9.2,0.1
2026,Efton Chism III,NE,WR,2.1,0.42,5.0,0.0,0.0,0.0,0.0,0.0,0.0,0.0,0.0,0.9,0.6,10.9,0.1
2026,Justin Watson,HST,WR,2.1,0.43,5.0,0.0,0.0,0.0,0.0,0.0,0.0,0.0,0.0,1.2,0.8,9.6,0.1
2026,JP Richardson,CHI,WR,1.8,0.36,5.0,0.0,0.0,0.0,0.0,0.0,0.0,0.0,0.0,1.1,0.7,8.4,0.0
2026,Ke'Shawn Williams,CIN,WR,1.7,0.34,5.0,0.0,0.0,0.0,0.0,0.0,0.0,0.0,0.0,1.1,0.7,6.0,0.1
2026,Jared Wayne,HST,WR,1.3,0.25,5.0,0.0,0.0,0.0,0.0,0.0,0.0,0.0,0.0,0.7,0.4,5.6,0.0
2026,Tom Kennedy,DET,WR,1.3,0.19,7.0,0.0,0.0,0.0,0.0,0.0,0.0,0.0,0.0,0.9,0.6,5.5,0.0
2026,Charlie Jones,CIN,WR,1.2,0.25,5.0,0.0,0.0,0.0,0.0,0.0,0.0,0.0,0.0,0.8,0.6,4.2,0.0
2026,Dontae Fleming,MIN,WR,1.2,0.24,5.0,0.0,0.0,0.0,0.0,0.0,0.0,0.0,0.0,0.8,0.5,4.5,0.0
2026,Jeshaun Jones,MIN,WR,1.2,0.24,5.0,0.0,0.0,0.0,0.0,0.0,0.0,0.0,0.0,0.8,0.5,4.5,0.0
